2025-07-18 13:46:51.532   [background-preinit] INFO  org.hibernate.validator.internal.util.Version - HV000001: Hibernate Validator 6.2.5.Final
2025-07-18 13:46:51.542   [main] DEBUG i.g.n.rest.holder.ApplicationContextHolder - The application context holder has be initiated
2025-07-18 13:46:51.544   [main] DEBUG i.g.nichetoolkit.rest.holder.MessageSourceHolder - The message source context holder has be initiated
2025-07-18 13:46:51.548   [main] INFO  i.g.n.aerial.AerialEngineServerApplication - Starting AerialEngineServerApplication using Java 1.8.0_432 on Cyan with PID 20916 (F:\GitHubWorkspaces\NicheEngine\aerial-engine-server\aerial-engine-server\target\classes started by Snow in F:\GitHubWorkspaces\NicheEngine\aerial-engine-server)
2025-07-18 13:46:51.549   [main] DEBUG i.g.n.aerial.AerialEngineServerApplication - Running with Spring Boot v2.7.18, Spring v5.3.39
2025-07-18 13:46:51.549   [main] INFO  i.g.n.aerial.AerialEngineServerApplication - The following 1 profile is active: "dev"
2025-07-18 13:46:51.612   [main] DEBUG i.g.n.rest.holder.BeanDefinitionRegistryHolder - The bean definition registry holder has be initiated
2025-07-18 13:46:53.077   [main] INFO  o.s.d.r.config.RepositoryConfigurationDelegate - Multiple Spring Data modules found, entering strict repository configuration mode
2025-07-18 13:46:53.078   [main] INFO  o.s.d.r.config.RepositoryConfigurationDelegate - Bootstrapping Spring Data Redis repositories in DEFAULT mode.
2025-07-18 13:46:53.095   [main] INFO  o.s.d.r.config.RepositoryConfigurationDelegate - Finished Spring Data repository scanning in 5 ms. Found 0 Redis repository interfaces.
2025-07-18 13:46:53.218   [main] INFO  o.s.d.r.config.RepositoryConfigurationDelegate - Multiple Spring Data modules found, entering strict repository configuration mode
2025-07-18 13:46:53.218   [main] INFO  o.s.d.r.config.RepositoryConfigurationDelegate - Bootstrapping Spring Data Redis repositories in DEFAULT mode.
2025-07-18 13:46:53.331   [main] INFO  o.s.d.r.config.RepositoryConfigurationDelegate - Finished Spring Data repository scanning in 112 ms. Found 0 Redis repository interfaces.
2025-07-18 13:46:53.504   [main] DEBUG i.g.n.rest.holder.ListableBeanFactoryHolder - The listable bean factory holder has be initiated
2025-07-18 13:46:53.830   [main] DEBUG i.g.n.rest.configure.RestI18nAutoConfigure - The auto configuration for [rest-i18n] initiated
2025-07-18 13:46:53.832   [main] DEBUG i.g.n.m.configure.MybatisStarterAutoConfigure - The auto configuration for [mybatis-starter] initiated
2025-07-18 13:46:53.835   [main] DEBUG i.g.n.ossfile.configure.OssfileCoreAutoConfigure - The auto configuration for [ossfile-core] initiated
2025-07-18 13:46:53.838   [main] DEBUG i.g.n.rice.configure.RiceStarterAutoConfigure - The auto configuration for [rice-starter] initiated
2025-07-18 13:46:53.841   [main] DEBUG i.g.n.rest.configure.RestI18nAutoConfigure - The auto configuration for [i18n-message] initiated
2025-07-18 13:46:53.852   [main] DEBUG i.g.nichetoolkit.rest.holder.MessageSourceHolder - The message source context holder has be refreshed
2025-07-18 13:46:54.000   [main] INFO  o.s.boot.web.embedded.tomcat.TomcatWebServer - Tomcat initialized with port(s): 8080 (http)
2025-07-18 13:46:54.005   [main] INFO  org.apache.coyote.http11.Http11NioProtocol - Initializing ProtocolHandler ["http-nio-8080"]
2025-07-18 13:46:54.005   [main] INFO  org.apache.catalina.core.StandardService - Starting service [Tomcat]
2025-07-18 13:46:54.005   [main] INFO  org.apache.catalina.core.StandardEngine - Starting Servlet engine: [Apache Tomcat/9.0.90]
2025-07-18 13:46:54.080   [main] INFO  o.a.c.core.ContainerBase.[Tomcat].[localhost].[/] - Initializing Spring embedded WebApplicationContext
2025-07-18 13:46:54.080   [main] INFO  o.s.b.w.s.c.ServletWebServerApplicationContext - Root WebApplicationContext: initialization completed in 2483 ms
2025-07-18 13:46:54.095   [main] DEBUG i.g.n.rest.configure.RestLogbackAutoConfigure - The auto configuration for [rest-logback] initiated
2025-07-18 13:46:54.101   [main] DEBUG i.g.n.rice.configure.RiceLoginAutoConfigure - The auto configuration for [rice-login] initiated
2025-07-18 13:46:54.126   [main] DEBUG i.g.nichetoolkit.rest.logback.DefaultLogbackFilter - Filter 'logbackFilter' configured for use
2025-07-18 13:46:54.163   [main] DEBUG io.github.nichetoolkit.rice.service.ServiceHolder - The service holder has be initiated
2025-07-18 13:46:54.271   [main] INFO  i.github.nichetoolkit.mybatis.MybatisContextHolder - [MybatisContextHolder] > afterPropertiesSet: {"catalog":null,"schema":null,"updateLogic":false,"useLogic":true,"useOperate":false,"useLazyInit":false,"excludeUnused":true,"sqlScriptShow":true,"mysqlIgnoreInsert":false,"datetimeNow":"now()","databaseType":"postgresql","styleType":"lowerUnderline","excludedType":"EXCLUDED","properties":{},"excludes":null,"ignores":null,"selectIgnores":null,"insertIgnores":null,"updateIgnores":null,"unuseds":["operate"]}
2025-07-18 13:46:54.273   [main] DEBUG io.github.nichetoolkit.rice.service.ServiceHolder - There are 2 service fitter beans has be initiated.
2025-07-18 13:46:54.276   [main] DEBUG i.g.n.aerial.configure.DatasourceAutoConfigure - the auto configuration for [datasource] rest template initiated
2025-07-18 13:46:54.328   [main] WARN  org.mybatis.spring.SqlSessionFactoryBean - Property 'mapperLocations' was specified but matching resources are not found.
2025-07-18 13:46:54.724   [main] DEBUG i.g.n.aerial.configure.AerialRedisAutoConfigure - The auto configuration for [aerial-redis] initiated
2025-07-18 13:46:54.824   [main] WARN  o.s.b.w.s.c.AnnotationConfigServletWebServerApplicationContext - Exception encountered during context initialization - cancelling refresh attempt: org.springframework.beans.factory.BeanCreationException: Error creating bean with name 'drcUpTopicService': Injection of resource dependencies failed; nested exception is org.springframework.beans.factory.BeanCreationException: Error creating bean with name 'mqttTopicServiceImpl': Injection of resource dependencies failed; nested exception is org.springframework.beans.factory.UnsatisfiedDependencyException: Error creating bean with name 'aerialMessageAutoConfigure' defined in file [F:\GitHubWorkspaces\NicheEngine\aerial-engine-server\aerial-engine-djisdk\target\classes\io\github\nicheengine\aerial\configure\AerialMessageAutoConfigure.class]: Unsatisfied dependency expressed through constructor parameter 1; nested exception is org.springframework.beans.factory.NoSuchBeanDefinitionException: No qualifying bean of type 'org.springframework.integration.mqtt.support.MqttMessageConverter' available: expected at least 1 bean which qualifies as autowire candidate. Dependency annotations: {}
2025-07-18 13:46:54.837   [main] INFO  org.apache.catalina.core.StandardService - Stopping service [Tomcat]
2025-07-18 13:46:54.844   [main] INFO  o.s.b.a.l.ConditionEvaluationReportLoggingListener - 

Error starting ApplicationContext. To display the conditions report re-run your application with 'debug' enabled.
2025-07-18 13:46:54.857   [main] ERROR o.s.b.diagnostics.LoggingFailureAnalysisReporter - 

***************************
APPLICATION FAILED TO START
***************************

Description:

Parameter 1 of constructor in io.github.nicheengine.aerial.configure.AerialMessageAutoConfigure required a bean of type 'org.springframework.integration.mqtt.support.MqttMessageConverter' that could not be found.


Action:

Consider defining a bean of type 'org.springframework.integration.mqtt.support.MqttMessageConverter' in your configuration.

2025-07-18 15:12:19.440   [background-preinit] INFO  org.hibernate.validator.internal.util.Version - HV000001: Hibernate Validator 6.2.5.Final
2025-07-18 15:12:19.460   [main] DEBUG i.g.n.rest.holder.ApplicationContextHolder - The application context holder has be initiated
2025-07-18 15:12:19.460   [main] DEBUG i.g.nichetoolkit.rest.holder.MessageSourceHolder - The message source context holder has be initiated
2025-07-18 15:12:19.466   [main] INFO  i.g.n.aerial.AerialEngineServerApplication - Starting AerialEngineServerApplication using Java 1.8.0_432 on Cyan with PID 23148 (F:\GitHubWorkspaces\NicheEngine\aerial-engine-server\aerial-engine-server\target\classes started by Snow in F:\GitHubWorkspaces\NicheEngine\aerial-engine-server)
2025-07-18 15:12:19.467   [main] DEBUG i.g.n.aerial.AerialEngineServerApplication - Running with Spring Boot v2.7.18, Spring v5.3.39
2025-07-18 15:12:19.467   [main] INFO  i.g.n.aerial.AerialEngineServerApplication - The following 1 profile is active: "dev"
2025-07-18 15:12:19.530   [main] DEBUG i.g.n.rest.holder.BeanDefinitionRegistryHolder - The bean definition registry holder has be initiated
2025-07-18 15:12:20.501   [main] INFO  o.s.d.r.config.RepositoryConfigurationDelegate - Multiple Spring Data modules found, entering strict repository configuration mode
2025-07-18 15:12:20.501   [main] INFO  o.s.d.r.config.RepositoryConfigurationDelegate - Bootstrapping Spring Data Redis repositories in DEFAULT mode.
2025-07-18 15:12:20.518   [main] INFO  o.s.d.r.config.RepositoryConfigurationDelegate - Finished Spring Data repository scanning in 4 ms. Found 0 Redis repository interfaces.
2025-07-18 15:12:20.638   [main] INFO  o.s.d.r.config.RepositoryConfigurationDelegate - Multiple Spring Data modules found, entering strict repository configuration mode
2025-07-18 15:12:20.638   [main] INFO  o.s.d.r.config.RepositoryConfigurationDelegate - Bootstrapping Spring Data Redis repositories in DEFAULT mode.
2025-07-18 15:12:20.774   [main] INFO  o.s.d.r.config.RepositoryConfigurationDelegate - Finished Spring Data repository scanning in 133 ms. Found 0 Redis repository interfaces.
2025-07-18 15:12:20.948   [main] DEBUG i.g.n.rest.holder.ListableBeanFactoryHolder - The listable bean factory holder has be initiated
2025-07-18 15:12:21.284   [main] DEBUG i.g.n.rest.configure.RestI18nAutoConfigure - The auto configuration for [rest-i18n] initiated
2025-07-18 15:12:21.286   [main] DEBUG i.g.n.m.configure.MybatisStarterAutoConfigure - The auto configuration for [mybatis-starter] initiated
2025-07-18 15:12:21.290   [main] DEBUG i.g.n.ossfile.configure.OssfileCoreAutoConfigure - The auto configuration for [ossfile-core] initiated
2025-07-18 15:12:21.295   [main] DEBUG i.g.n.rice.configure.RiceStarterAutoConfigure - The auto configuration for [rice-starter] initiated
2025-07-18 15:12:21.298   [main] DEBUG i.g.n.rest.configure.RestI18nAutoConfigure - The auto configuration for [i18n-message] initiated
2025-07-18 15:12:21.309   [main] DEBUG i.g.nichetoolkit.rest.holder.MessageSourceHolder - The message source context holder has be refreshed
2025-07-18 15:12:21.476   [main] INFO  o.s.boot.web.embedded.tomcat.TomcatWebServer - Tomcat initialized with port(s): 8080 (http)
2025-07-18 15:12:21.482   [main] INFO  org.apache.coyote.http11.Http11NioProtocol - Initializing ProtocolHandler ["http-nio-8080"]
2025-07-18 15:12:21.483   [main] INFO  org.apache.catalina.core.StandardService - Starting service [Tomcat]
2025-07-18 15:12:21.484   [main] INFO  org.apache.catalina.core.StandardEngine - Starting Servlet engine: [Apache Tomcat/9.0.90]
2025-07-18 15:12:21.594   [main] INFO  o.a.c.core.ContainerBase.[Tomcat].[localhost].[/] - Initializing Spring embedded WebApplicationContext
2025-07-18 15:12:21.594   [main] INFO  o.s.b.w.s.c.ServletWebServerApplicationContext - Root WebApplicationContext: initialization completed in 2081 ms
2025-07-18 15:12:21.606   [main] DEBUG i.g.n.rest.configure.RestLogbackAutoConfigure - The auto configuration for [rest-logback] initiated
2025-07-18 15:12:21.613   [main] DEBUG i.g.n.rice.configure.RiceLoginAutoConfigure - The auto configuration for [rice-login] initiated
2025-07-18 15:12:21.641   [main] DEBUG i.g.nichetoolkit.rest.logback.DefaultLogbackFilter - Filter 'logbackFilter' configured for use
2025-07-18 15:12:21.681   [main] DEBUG io.github.nichetoolkit.rice.service.ServiceHolder - The service holder has be initiated
2025-07-18 15:12:21.698   [main] WARN  o.s.b.w.s.c.AnnotationConfigServletWebServerApplicationContext - Exception encountered during context initialization - cancelling refresh attempt: org.springframework.beans.factory.UnsatisfiedDependencyException: Error creating bean with name 'aerialLoginController' defined in file [F:\GitHubWorkspaces\NicheEngine\aerial-engine-server\aerial-engine-server\target\classes\io\github\nicheengine\aerial\controller\AerialLoginController.class]: Unsatisfied dependency expressed through constructor parameter 0; nested exception is org.springframework.beans.factory.UnsatisfiedDependencyException: Error creating bean with name 'aerialLoginService' defined in file [F:\GitHubWorkspaces\NicheEngine\aerial-engine-server\aerial-engine-starter\target\classes\io\github\nicheengine\aerial\service\AerialLoginService.class]: Unsatisfied dependency expressed through constructor parameter 0; nested exception is org.springframework.beans.factory.BeanCreationException: Error creating bean with name 'aerialUserServiceImpl' defined in file [F:\GitHubWorkspaces\NicheEngine\aerial-engine-server\aerial-engine-starter\target\classes\io\github\nicheengine\aerial\service\impl\AerialUserServiceImpl.class]: Invocation of init method failed; nested exception is org.springframework.beans.factory.BeanCreationException: Error creating bean with name 'mybatisSqlProviderHolder': Injection of resource dependencies failed; nested exception is org.springframework.beans.factory.NoSuchBeanDefinitionException: No qualifying bean of type 'java.util.List<io.github.nichetoolkit.mybatis.MybatisSqlProvider>' available: expected at least 1 bean which qualifies as autowire candidate. Dependency annotations: {@javax.annotation.Resource(shareable=true, lookup=, name=, description=, authenticationType=CONTAINER, type=class java.lang.Object, mappedName=)}
2025-07-18 15:12:21.701   [main] INFO  org.apache.catalina.core.StandardService - Stopping service [Tomcat]
2025-07-18 15:12:21.713   [main] INFO  o.s.b.a.l.ConditionEvaluationReportLoggingListener - 

Error starting ApplicationContext. To display the conditions report re-run your application with 'debug' enabled.
2025-07-18 15:12:21.730   [main] ERROR o.s.b.diagnostics.LoggingFailureAnalysisReporter - 

***************************
APPLICATION FAILED TO START
***************************

Description:

Parameter 0 of constructor in io.github.nicheengine.aerial.service.AerialLoginService required a bean of type 'java.util.List' that could not be found.


Action:

Consider defining a bean of type 'java.util.List' in your configuration.

2025-07-18 15:13:02.750   [background-preinit] INFO  org.hibernate.validator.internal.util.Version - HV000001: Hibernate Validator 6.2.5.Final
2025-07-18 15:13:02.776   [main] DEBUG i.g.n.rest.holder.ApplicationContextHolder - The application context holder has be initiated
2025-07-18 15:13:02.777   [main] DEBUG i.g.nichetoolkit.rest.holder.MessageSourceHolder - The message source context holder has be initiated
2025-07-18 15:13:02.781   [main] INFO  i.g.n.aerial.AerialEngineServerApplication - Starting AerialEngineServerApplication using Java 1.8.0_432 on Cyan with PID 17580 (F:\GitHubWorkspaces\NicheEngine\aerial-engine-server\aerial-engine-server\target\classes started by Snow in F:\GitHubWorkspaces\NicheEngine\aerial-engine-server)
2025-07-18 15:13:02.782   [main] DEBUG i.g.n.aerial.AerialEngineServerApplication - Running with Spring Boot v2.7.18, Spring v5.3.39
2025-07-18 15:13:02.782   [main] INFO  i.g.n.aerial.AerialEngineServerApplication - The following 1 profile is active: "dev"
2025-07-18 15:13:02.847   [main] DEBUG i.g.n.rest.holder.BeanDefinitionRegistryHolder - The bean definition registry holder has be initiated
2025-07-18 15:13:03.766   [main] INFO  o.s.d.r.config.RepositoryConfigurationDelegate - Multiple Spring Data modules found, entering strict repository configuration mode
2025-07-18 15:13:03.767   [main] INFO  o.s.d.r.config.RepositoryConfigurationDelegate - Bootstrapping Spring Data Redis repositories in DEFAULT mode.
2025-07-18 15:13:03.782   [main] INFO  o.s.d.r.config.RepositoryConfigurationDelegate - Finished Spring Data repository scanning in 4 ms. Found 0 Redis repository interfaces.
2025-07-18 15:13:03.903   [main] INFO  o.s.d.r.config.RepositoryConfigurationDelegate - Multiple Spring Data modules found, entering strict repository configuration mode
2025-07-18 15:13:03.904   [main] INFO  o.s.d.r.config.RepositoryConfigurationDelegate - Bootstrapping Spring Data Redis repositories in DEFAULT mode.
2025-07-18 15:13:04.068   [main] INFO  o.s.d.r.config.RepositoryConfigurationDelegate - Finished Spring Data repository scanning in 163 ms. Found 0 Redis repository interfaces.
2025-07-18 15:13:04.244   [main] DEBUG i.g.n.rest.holder.ListableBeanFactoryHolder - The listable bean factory holder has be initiated
2025-07-18 15:13:04.537   [main] DEBUG i.g.n.rest.configure.RestI18nAutoConfigure - The auto configuration for [rest-i18n] initiated
2025-07-18 15:13:04.539   [main] DEBUG i.g.n.m.configure.MybatisStarterAutoConfigure - The auto configuration for [mybatis-starter] initiated
2025-07-18 15:13:04.543   [main] DEBUG i.g.n.ossfile.configure.OssfileCoreAutoConfigure - The auto configuration for [ossfile-core] initiated
2025-07-18 15:13:04.547   [main] DEBUG i.g.n.rice.configure.RiceStarterAutoConfigure - The auto configuration for [rice-starter] initiated
2025-07-18 15:13:04.549   [main] DEBUG i.g.n.rest.configure.RestI18nAutoConfigure - The auto configuration for [i18n-message] initiated
2025-07-18 15:13:04.560   [main] DEBUG i.g.nichetoolkit.rest.holder.MessageSourceHolder - The message source context holder has be refreshed
2025-07-18 15:13:04.717   [main] INFO  o.s.boot.web.embedded.tomcat.TomcatWebServer - Tomcat initialized with port(s): 8080 (http)
2025-07-18 15:13:04.724   [main] INFO  org.apache.coyote.http11.Http11NioProtocol - Initializing ProtocolHandler ["http-nio-8080"]
2025-07-18 15:13:04.725   [main] INFO  org.apache.catalina.core.StandardService - Starting service [Tomcat]
2025-07-18 15:13:04.725   [main] INFO  org.apache.catalina.core.StandardEngine - Starting Servlet engine: [Apache Tomcat/9.0.90]
2025-07-18 15:13:04.814   [main] INFO  o.a.c.core.ContainerBase.[Tomcat].[localhost].[/] - Initializing Spring embedded WebApplicationContext
2025-07-18 15:13:04.815   [main] INFO  o.s.b.w.s.c.ServletWebServerApplicationContext - Root WebApplicationContext: initialization completed in 1985 ms
2025-07-18 15:13:04.833   [main] DEBUG i.g.n.rest.configure.RestLogbackAutoConfigure - The auto configuration for [rest-logback] initiated
2025-07-18 15:13:04.841   [main] DEBUG i.g.n.rice.configure.RiceLoginAutoConfigure - The auto configuration for [rice-login] initiated
2025-07-18 15:13:04.869   [main] DEBUG i.g.nichetoolkit.rest.logback.DefaultLogbackFilter - Filter 'logbackFilter' configured for use
2025-07-18 15:13:04.904   [main] DEBUG io.github.nichetoolkit.rice.service.ServiceHolder - The service holder has be initiated
2025-07-18 15:13:04.918   [main] WARN  o.s.b.w.s.c.AnnotationConfigServletWebServerApplicationContext - Exception encountered during context initialization - cancelling refresh attempt: org.springframework.beans.factory.UnsatisfiedDependencyException: Error creating bean with name 'aerialLoginController' defined in file [F:\GitHubWorkspaces\NicheEngine\aerial-engine-server\aerial-engine-server\target\classes\io\github\nicheengine\aerial\controller\AerialLoginController.class]: Unsatisfied dependency expressed through constructor parameter 0; nested exception is org.springframework.beans.factory.UnsatisfiedDependencyException: Error creating bean with name 'aerialLoginService' defined in file [F:\GitHubWorkspaces\NicheEngine\aerial-engine-server\aerial-engine-starter\target\classes\io\github\nicheengine\aerial\service\AerialLoginService.class]: Unsatisfied dependency expressed through constructor parameter 0; nested exception is org.springframework.beans.factory.BeanCreationException: Error creating bean with name 'aerialUserServiceImpl' defined in file [F:\GitHubWorkspaces\NicheEngine\aerial-engine-server\aerial-engine-starter\target\classes\io\github\nicheengine\aerial\service\impl\AerialUserServiceImpl.class]: Invocation of init method failed; nested exception is org.springframework.beans.factory.BeanCreationException: Error creating bean with name 'mybatisSqlProviderHolder': Injection of resource dependencies failed; nested exception is org.springframework.beans.factory.NoSuchBeanDefinitionException: No qualifying bean of type 'java.util.List<io.github.nichetoolkit.mybatis.MybatisSqlProvider>' available: expected at least 1 bean which qualifies as autowire candidate. Dependency annotations: {@javax.annotation.Resource(shareable=true, lookup=, name=, description=, authenticationType=CONTAINER, type=class java.lang.Object, mappedName=)}
2025-07-18 15:13:04.919   [main] INFO  org.apache.catalina.core.StandardService - Stopping service [Tomcat]
2025-07-18 15:13:04.928   [main] INFO  o.s.b.a.l.ConditionEvaluationReportLoggingListener - 

Error starting ApplicationContext. To display the conditions report re-run your application with 'debug' enabled.
2025-07-18 15:13:04.942   [main] ERROR o.s.b.diagnostics.LoggingFailureAnalysisReporter - 

***************************
APPLICATION FAILED TO START
***************************

Description:

Parameter 0 of constructor in io.github.nicheengine.aerial.service.AerialLoginService required a bean of type 'java.util.List' that could not be found.


Action:

Consider defining a bean of type 'java.util.List' in your configuration.

2025-07-18 15:14:42.063   [background-preinit] INFO  org.hibernate.validator.internal.util.Version - HV000001: Hibernate Validator 6.2.5.Final
2025-07-18 15:14:42.077   [main] DEBUG i.g.n.rest.holder.ApplicationContextHolder - The application context holder has be initiated
2025-07-18 15:14:42.078   [main] DEBUG i.g.nichetoolkit.rest.holder.MessageSourceHolder - The message source context holder has be initiated
2025-07-18 15:14:42.082   [main] INFO  i.g.n.aerial.AerialEngineServerApplication - Starting AerialEngineServerApplication using Java 1.8.0_432 on Cyan with PID 24572 (F:\GitHubWorkspaces\NicheEngine\aerial-engine-server\aerial-engine-server\target\classes started by Snow in F:\GitHubWorkspaces\NicheEngine\aerial-engine-server)
2025-07-18 15:14:42.082   [main] DEBUG i.g.n.aerial.AerialEngineServerApplication - Running with Spring Boot v2.7.18, Spring v5.3.39
2025-07-18 15:14:42.083   [main] INFO  i.g.n.aerial.AerialEngineServerApplication - The following 1 profile is active: "dev"
2025-07-18 15:14:42.140   [main] DEBUG i.g.n.rest.holder.BeanDefinitionRegistryHolder - The bean definition registry holder has be initiated
2025-07-18 15:14:43.177   [main] INFO  o.s.d.r.config.RepositoryConfigurationDelegate - Multiple Spring Data modules found, entering strict repository configuration mode
2025-07-18 15:14:43.178   [main] INFO  o.s.d.r.config.RepositoryConfigurationDelegate - Bootstrapping Spring Data Redis repositories in DEFAULT mode.
2025-07-18 15:14:43.192   [main] INFO  o.s.d.r.config.RepositoryConfigurationDelegate - Finished Spring Data repository scanning in 4 ms. Found 0 Redis repository interfaces.
2025-07-18 15:14:43.298   [main] INFO  o.s.d.r.config.RepositoryConfigurationDelegate - Multiple Spring Data modules found, entering strict repository configuration mode
2025-07-18 15:14:43.298   [main] INFO  o.s.d.r.config.RepositoryConfigurationDelegate - Bootstrapping Spring Data Redis repositories in DEFAULT mode.
2025-07-18 15:14:43.453   [main] INFO  o.s.d.r.config.RepositoryConfigurationDelegate - Finished Spring Data repository scanning in 153 ms. Found 0 Redis repository interfaces.
2025-07-18 15:14:43.629   [main] DEBUG i.g.n.rest.holder.ListableBeanFactoryHolder - The listable bean factory holder has be initiated
2025-07-18 15:14:43.951   [main] DEBUG i.g.n.rest.configure.RestI18nAutoConfigure - The auto configuration for [rest-i18n] initiated
2025-07-18 15:14:43.954   [main] DEBUG i.g.n.m.configure.MybatisStarterAutoConfigure - The auto configuration for [mybatis-starter] initiated
2025-07-18 15:14:43.957   [main] DEBUG i.g.n.ossfile.configure.OssfileCoreAutoConfigure - The auto configuration for [ossfile-core] initiated
2025-07-18 15:14:43.960   [main] DEBUG i.g.n.rice.configure.RiceStarterAutoConfigure - The auto configuration for [rice-starter] initiated
2025-07-18 15:14:43.962   [main] DEBUG i.g.n.rest.configure.RestI18nAutoConfigure - The auto configuration for [i18n-message] initiated
2025-07-18 15:14:43.970   [main] DEBUG i.g.nichetoolkit.rest.holder.MessageSourceHolder - The message source context holder has be refreshed
2025-07-18 15:14:44.115   [main] INFO  o.s.boot.web.embedded.tomcat.TomcatWebServer - Tomcat initialized with port(s): 8080 (http)
2025-07-18 15:14:44.119   [main] INFO  org.apache.coyote.http11.Http11NioProtocol - Initializing ProtocolHandler ["http-nio-8080"]
2025-07-18 15:14:44.120   [main] INFO  org.apache.catalina.core.StandardService - Starting service [Tomcat]
2025-07-18 15:14:44.121   [main] INFO  org.apache.catalina.core.StandardEngine - Starting Servlet engine: [Apache Tomcat/9.0.90]
2025-07-18 15:14:44.205   [main] INFO  o.a.c.core.ContainerBase.[Tomcat].[localhost].[/] - Initializing Spring embedded WebApplicationContext
2025-07-18 15:14:44.205   [main] INFO  o.s.b.w.s.c.ServletWebServerApplicationContext - Root WebApplicationContext: initialization completed in 2078 ms
2025-07-18 15:14:44.221   [main] DEBUG i.g.n.rest.configure.RestLogbackAutoConfigure - The auto configuration for [rest-logback] initiated
2025-07-18 15:14:44.227   [main] DEBUG i.g.n.rice.configure.RiceLoginAutoConfigure - The auto configuration for [rice-login] initiated
2025-07-18 15:14:44.256   [main] DEBUG i.g.nichetoolkit.rest.logback.DefaultLogbackFilter - Filter 'logbackFilter' configured for use
2025-07-18 15:14:44.290   [main] DEBUG io.github.nichetoolkit.rice.service.ServiceHolder - The service holder has be initiated
2025-07-18 15:14:44.304   [main] WARN  o.s.b.w.s.c.AnnotationConfigServletWebServerApplicationContext - Exception encountered during context initialization - cancelling refresh attempt: org.springframework.beans.factory.UnsatisfiedDependencyException: Error creating bean with name 'aerialLoginController' defined in file [F:\GitHubWorkspaces\NicheEngine\aerial-engine-server\aerial-engine-server\target\classes\io\github\nicheengine\aerial\controller\AerialLoginController.class]: Unsatisfied dependency expressed through constructor parameter 0; nested exception is org.springframework.beans.factory.UnsatisfiedDependencyException: Error creating bean with name 'aerialLoginService' defined in file [F:\GitHubWorkspaces\NicheEngine\aerial-engine-server\aerial-engine-starter\target\classes\io\github\nicheengine\aerial\service\AerialLoginService.class]: Unsatisfied dependency expressed through constructor parameter 0; nested exception is org.springframework.beans.factory.BeanCreationException: Error creating bean with name 'aerialUserServiceImpl' defined in file [F:\GitHubWorkspaces\NicheEngine\aerial-engine-server\aerial-engine-starter\target\classes\io\github\nicheengine\aerial\service\impl\AerialUserServiceImpl.class]: Invocation of init method failed; nested exception is org.springframework.beans.factory.BeanCreationException: Error creating bean with name 'mybatisSqlProviderHolder': Injection of resource dependencies failed; nested exception is org.springframework.beans.factory.NoSuchBeanDefinitionException: No qualifying bean of type 'java.util.List<io.github.nichetoolkit.mybatis.MybatisSqlProvider>' available: expected at least 1 bean which qualifies as autowire candidate. Dependency annotations: {@javax.annotation.Resource(shareable=true, lookup=, name=, description=, authenticationType=CONTAINER, type=class java.lang.Object, mappedName=)}
2025-07-18 15:14:44.306   [main] INFO  org.apache.catalina.core.StandardService - Stopping service [Tomcat]
2025-07-18 15:14:44.314   [main] INFO  o.s.b.a.l.ConditionEvaluationReportLoggingListener - 

Error starting ApplicationContext. To display the conditions report re-run your application with 'debug' enabled.
2025-07-18 15:14:44.327   [main] ERROR o.s.b.diagnostics.LoggingFailureAnalysisReporter - 

***************************
APPLICATION FAILED TO START
***************************

Description:

Parameter 0 of constructor in io.github.nicheengine.aerial.service.AerialLoginService required a bean of type 'java.util.List' that could not be found.


Action:

Consider defining a bean of type 'java.util.List' in your configuration.

2025-07-18 15:32:59.474   [background-preinit] INFO  org.hibernate.validator.internal.util.Version - HV000001: Hibernate Validator 6.2.5.Final
2025-07-18 15:32:59.489   [main] DEBUG i.g.n.rest.holder.ApplicationContextHolder - The application context holder has be initiated
2025-07-18 15:32:59.489   [main] DEBUG i.g.nichetoolkit.rest.holder.MessageSourceHolder - The message source context holder has be initiated
2025-07-18 15:32:59.493   [main] INFO  i.g.n.aerial.AerialEngineServerApplication - Starting AerialEngineServerApplication using Java 1.8.0_432 on Cyan with PID 19920 (F:\GitHubWorkspaces\NicheEngine\aerial-engine-server\aerial-engine-server\target\classes started by Snow in F:\GitHubWorkspaces\NicheEngine\aerial-engine-server)
2025-07-18 15:32:59.493   [main] DEBUG i.g.n.aerial.AerialEngineServerApplication - Running with Spring Boot v2.7.18, Spring v5.3.39
2025-07-18 15:32:59.493   [main] INFO  i.g.n.aerial.AerialEngineServerApplication - The following 1 profile is active: "dev"
2025-07-18 15:32:59.552   [main] DEBUG i.g.n.rest.holder.BeanDefinitionRegistryHolder - The bean definition registry holder has be initiated
2025-07-18 15:33:00.312   [main] INFO  o.s.d.r.config.RepositoryConfigurationDelegate - Multiple Spring Data modules found, entering strict repository configuration mode
2025-07-18 15:33:00.312   [main] INFO  o.s.d.r.config.RepositoryConfigurationDelegate - Bootstrapping Spring Data Redis repositories in DEFAULT mode.
2025-07-18 15:33:00.327   [main] INFO  o.s.d.r.config.RepositoryConfigurationDelegate - Finished Spring Data repository scanning in 4 ms. Found 0 Redis repository interfaces.
2025-07-18 15:33:00.403   [main] INFO  o.s.d.r.config.RepositoryConfigurationDelegate - Multiple Spring Data modules found, entering strict repository configuration mode
2025-07-18 15:33:00.403   [main] INFO  o.s.d.r.config.RepositoryConfigurationDelegate - Bootstrapping Spring Data Redis repositories in DEFAULT mode.
2025-07-18 15:33:00.548   [main] INFO  o.s.d.r.config.RepositoryConfigurationDelegate - Finished Spring Data repository scanning in 143 ms. Found 0 Redis repository interfaces.
2025-07-18 15:33:00.737   [main] DEBUG i.g.n.rest.holder.ListableBeanFactoryHolder - The listable bean factory holder has be initiated
2025-07-18 15:33:01.019   [main] DEBUG i.g.n.rest.configure.RestI18nAutoConfigure - The auto configuration for [rest-i18n] initiated
2025-07-18 15:33:01.021   [main] DEBUG i.g.n.m.configure.MybatisStarterAutoConfigure - The auto configuration for [mybatis-starter] initiated
2025-07-18 15:33:01.024   [main] DEBUG i.g.n.ossfile.configure.OssfileCoreAutoConfigure - The auto configuration for [ossfile-core] initiated
2025-07-18 15:33:01.028   [main] DEBUG i.g.n.rice.configure.RiceStarterAutoConfigure - The auto configuration for [rice-starter] initiated
2025-07-18 15:33:01.030   [main] DEBUG i.g.n.rest.configure.RestI18nAutoConfigure - The auto configuration for [i18n-message] initiated
2025-07-18 15:33:01.039   [main] DEBUG i.g.nichetoolkit.rest.holder.MessageSourceHolder - The message source context holder has be refreshed
2025-07-18 15:33:01.176   [main] INFO  o.s.boot.web.embedded.tomcat.TomcatWebServer - Tomcat initialized with port(s): 8080 (http)
2025-07-18 15:33:01.180   [main] INFO  org.apache.coyote.http11.Http11NioProtocol - Initializing ProtocolHandler ["http-nio-8080"]
2025-07-18 15:33:01.181   [main] INFO  org.apache.catalina.core.StandardService - Starting service [Tomcat]
2025-07-18 15:33:01.182   [main] INFO  org.apache.catalina.core.StandardEngine - Starting Servlet engine: [Apache Tomcat/9.0.90]
2025-07-18 15:33:01.256   [main] INFO  o.a.c.core.ContainerBase.[Tomcat].[localhost].[/] - Initializing Spring embedded WebApplicationContext
2025-07-18 15:33:01.256   [main] INFO  o.s.b.w.s.c.ServletWebServerApplicationContext - Root WebApplicationContext: initialization completed in 1719 ms
2025-07-18 15:33:01.273   [main] DEBUG i.g.n.rest.configure.RestLogbackAutoConfigure - The auto configuration for [rest-logback] initiated
2025-07-18 15:33:01.280   [main] DEBUG i.g.n.rice.configure.RiceLoginAutoConfigure - The auto configuration for [rice-login] initiated
2025-07-18 15:33:01.312   [main] DEBUG i.g.nichetoolkit.rest.logback.DefaultLogbackFilter - Filter 'logbackFilter' configured for use
2025-07-18 15:33:01.346   [main] DEBUG io.github.nichetoolkit.rice.service.ServiceHolder - The service holder has be initiated
2025-07-18 15:33:01.360   [main] WARN  o.s.b.w.s.c.AnnotationConfigServletWebServerApplicationContext - Exception encountered during context initialization - cancelling refresh attempt: org.springframework.beans.factory.UnsatisfiedDependencyException: Error creating bean with name 'aerialLoginController' defined in file [F:\GitHubWorkspaces\NicheEngine\aerial-engine-server\aerial-engine-server\target\classes\io\github\nicheengine\aerial\controller\AerialLoginController.class]: Unsatisfied dependency expressed through constructor parameter 0; nested exception is org.springframework.beans.factory.UnsatisfiedDependencyException: Error creating bean with name 'aerialLoginService' defined in file [F:\GitHubWorkspaces\NicheEngine\aerial-engine-server\aerial-engine-starter\target\classes\io\github\nicheengine\aerial\service\AerialLoginService.class]: Unsatisfied dependency expressed through constructor parameter 0; nested exception is org.springframework.beans.factory.BeanCreationException: Error creating bean with name 'aerialUserServiceImpl' defined in file [F:\GitHubWorkspaces\NicheEngine\aerial-engine-server\aerial-engine-starter\target\classes\io\github\nicheengine\aerial\service\impl\AerialUserServiceImpl.class]: Invocation of init method failed; nested exception is org.springframework.beans.factory.BeanCreationException: Error creating bean with name 'mybatisSqlProviderHolder': Injection of resource dependencies failed; nested exception is org.springframework.beans.factory.NoSuchBeanDefinitionException: No qualifying bean of type 'java.util.List<io.github.nichetoolkit.mybatis.MybatisSqlProvider>' available: expected at least 1 bean which qualifies as autowire candidate. Dependency annotations: {@javax.annotation.Resource(shareable=true, lookup=, name=, description=, authenticationType=CONTAINER, type=class java.lang.Object, mappedName=)}
2025-07-18 15:33:01.362   [main] INFO  org.apache.catalina.core.StandardService - Stopping service [Tomcat]
2025-07-18 15:33:01.370   [main] INFO  o.s.b.a.l.ConditionEvaluationReportLoggingListener - 

Error starting ApplicationContext. To display the conditions report re-run your application with 'debug' enabled.
2025-07-18 15:33:01.384   [main] ERROR o.s.b.diagnostics.LoggingFailureAnalysisReporter - 

***************************
APPLICATION FAILED TO START
***************************

Description:

Parameter 0 of constructor in io.github.nicheengine.aerial.service.AerialLoginService required a bean of type 'java.util.List' that could not be found.


Action:

Consider defining a bean of type 'java.util.List' in your configuration.

2025-07-18 15:40:59.946   [background-preinit] INFO  org.hibernate.validator.internal.util.Version - HV000001: Hibernate Validator 6.2.5.Final
2025-07-18 15:40:59.965   [main] DEBUG i.g.n.rest.holder.ApplicationContextHolder - The application context holder has be initiated
2025-07-18 15:40:59.966   [main] DEBUG i.g.nichetoolkit.rest.holder.MessageSourceHolder - The message source context holder has be initiated
2025-07-18 15:40:59.969   [main] INFO  i.g.n.aerial.AerialEngineServerApplication - Starting AerialEngineServerApplication using Java 1.8.0_432 on Cyan with PID 25816 (F:\GitHubWorkspaces\NicheEngine\aerial-engine-server\aerial-engine-server\target\classes started by Snow in F:\GitHubWorkspaces\NicheEngine\aerial-engine-server)
2025-07-18 15:40:59.970   [main] DEBUG i.g.n.aerial.AerialEngineServerApplication - Running with Spring Boot v2.7.18, Spring v5.3.39
2025-07-18 15:40:59.971   [main] INFO  i.g.n.aerial.AerialEngineServerApplication - The following 1 profile is active: "dev"
2025-07-18 15:41:00.030   [main] DEBUG i.g.n.rest.holder.BeanDefinitionRegistryHolder - The bean definition registry holder has be initiated
2025-07-18 15:41:00.871   [main] INFO  o.s.d.r.config.RepositoryConfigurationDelegate - Multiple Spring Data modules found, entering strict repository configuration mode
2025-07-18 15:41:00.872   [main] INFO  o.s.d.r.config.RepositoryConfigurationDelegate - Bootstrapping Spring Data Redis repositories in DEFAULT mode.
2025-07-18 15:41:00.887   [main] INFO  o.s.d.r.config.RepositoryConfigurationDelegate - Finished Spring Data repository scanning in 4 ms. Found 0 Redis repository interfaces.
2025-07-18 15:41:00.982   [main] INFO  o.s.d.r.config.RepositoryConfigurationDelegate - Multiple Spring Data modules found, entering strict repository configuration mode
2025-07-18 15:41:00.982   [main] INFO  o.s.d.r.config.RepositoryConfigurationDelegate - Bootstrapping Spring Data Redis repositories in DEFAULT mode.
2025-07-18 15:41:01.130   [main] INFO  o.s.d.r.config.RepositoryConfigurationDelegate - Finished Spring Data repository scanning in 146 ms. Found 0 Redis repository interfaces.
2025-07-18 15:41:01.303   [main] DEBUG i.g.n.rest.holder.ListableBeanFactoryHolder - The listable bean factory holder has be initiated
2025-07-18 15:41:01.605   [main] DEBUG i.g.n.rest.configure.RestI18nAutoConfigure - The auto configuration for [rest-i18n] initiated
2025-07-18 15:41:01.608   [main] DEBUG i.g.n.m.configure.MybatisStarterAutoConfigure - The auto configuration for [mybatis-starter] initiated
2025-07-18 15:41:01.611   [main] DEBUG i.g.n.ossfile.configure.OssfileCoreAutoConfigure - The auto configuration for [ossfile-core] initiated
2025-07-18 15:41:01.614   [main] DEBUG i.g.n.rice.configure.RiceStarterAutoConfigure - The auto configuration for [rice-starter] initiated
2025-07-18 15:41:01.617   [main] DEBUG i.g.n.rest.configure.RestI18nAutoConfigure - The auto configuration for [i18n-message] initiated
2025-07-18 15:41:01.625   [main] DEBUG i.g.nichetoolkit.rest.holder.MessageSourceHolder - The message source context holder has be refreshed
2025-07-18 15:41:01.765   [main] INFO  o.s.boot.web.embedded.tomcat.TomcatWebServer - Tomcat initialized with port(s): 8080 (http)
2025-07-18 15:41:01.770   [main] INFO  org.apache.coyote.http11.Http11NioProtocol - Initializing ProtocolHandler ["http-nio-8080"]
2025-07-18 15:41:01.771   [main] INFO  org.apache.catalina.core.StandardService - Starting service [Tomcat]
2025-07-18 15:41:01.771   [main] INFO  org.apache.catalina.core.StandardEngine - Starting Servlet engine: [Apache Tomcat/9.0.90]
2025-07-18 15:41:01.846   [main] INFO  o.a.c.core.ContainerBase.[Tomcat].[localhost].[/] - Initializing Spring embedded WebApplicationContext
2025-07-18 15:41:01.846   [main] INFO  o.s.b.w.s.c.ServletWebServerApplicationContext - Root WebApplicationContext: initialization completed in 1834 ms
2025-07-18 15:41:01.868   [main] DEBUG i.g.n.rest.configure.RestLogbackAutoConfigure - The auto configuration for [rest-logback] initiated
2025-07-18 15:41:01.875   [main] DEBUG i.g.n.rice.configure.RiceLoginAutoConfigure - The auto configuration for [rice-login] initiated
2025-07-18 15:41:01.909   [main] DEBUG i.g.nichetoolkit.rest.logback.DefaultLogbackFilter - Filter 'logbackFilter' configured for use
2025-07-18 15:41:01.946   [main] DEBUG io.github.nichetoolkit.rice.service.ServiceHolder - The service holder has be initiated
2025-07-18 15:41:01.959   [main] WARN  o.s.b.w.s.c.AnnotationConfigServletWebServerApplicationContext - Exception encountered during context initialization - cancelling refresh attempt: org.springframework.beans.factory.UnsatisfiedDependencyException: Error creating bean with name 'aerialLoginController' defined in file [F:\GitHubWorkspaces\NicheEngine\aerial-engine-server\aerial-engine-server\target\classes\io\github\nicheengine\aerial\controller\AerialLoginController.class]: Unsatisfied dependency expressed through constructor parameter 0; nested exception is org.springframework.beans.factory.UnsatisfiedDependencyException: Error creating bean with name 'aerialLoginService' defined in file [F:\GitHubWorkspaces\NicheEngine\aerial-engine-server\aerial-engine-starter\target\classes\io\github\nicheengine\aerial\service\AerialLoginService.class]: Unsatisfied dependency expressed through constructor parameter 0; nested exception is org.springframework.beans.factory.BeanCreationException: Error creating bean with name 'aerialUserServiceImpl' defined in file [F:\GitHubWorkspaces\NicheEngine\aerial-engine-server\aerial-engine-starter\target\classes\io\github\nicheengine\aerial\service\impl\AerialUserServiceImpl.class]: Invocation of init method failed; nested exception is org.springframework.beans.factory.BeanCreationException: Error creating bean with name 'mybatisSqlProviderHolder': Injection of resource dependencies failed; nested exception is org.springframework.beans.factory.NoSuchBeanDefinitionException: No qualifying bean of type 'java.util.List<io.github.nichetoolkit.mybatis.MybatisSqlProvider>' available: expected at least 1 bean which qualifies as autowire candidate. Dependency annotations: {@javax.annotation.Resource(shareable=true, lookup=, name=, description=, authenticationType=CONTAINER, type=class java.lang.Object, mappedName=)}
2025-07-18 15:41:01.961   [main] INFO  org.apache.catalina.core.StandardService - Stopping service [Tomcat]
2025-07-18 15:41:01.970   [main] INFO  o.s.b.a.l.ConditionEvaluationReportLoggingListener - 

Error starting ApplicationContext. To display the conditions report re-run your application with 'debug' enabled.
2025-07-18 15:41:01.984   [main] ERROR o.s.b.diagnostics.LoggingFailureAnalysisReporter - 

***************************
APPLICATION FAILED TO START
***************************

Description:

Parameter 0 of constructor in io.github.nicheengine.aerial.service.AerialLoginService required a bean of type 'java.util.List' that could not be found.


Action:

Consider defining a bean of type 'java.util.List' in your configuration.

2025-07-18 15:53:01.235   [background-preinit] INFO  org.hibernate.validator.internal.util.Version - HV000001: Hibernate Validator 6.2.5.Final
2025-07-18 15:53:01.261   [main] DEBUG i.g.n.rest.holder.ApplicationContextHolder - The application context holder has be initiated
2025-07-18 15:53:01.262   [main] DEBUG i.g.nichetoolkit.rest.holder.MessageSourceHolder - The message source context holder has be initiated
2025-07-18 15:53:01.266   [main] INFO  i.g.n.aerial.AerialEngineServerApplication - Starting AerialEngineServerApplication using Java 1.8.0_432 on Cyan with PID 9328 (F:\GitHubWorkspaces\NicheEngine\aerial-engine-server\aerial-engine-server\target\classes started by Snow in F:\GitHubWorkspaces\NicheEngine\aerial-engine-server)
2025-07-18 15:53:01.266   [main] DEBUG i.g.n.aerial.AerialEngineServerApplication - Running with Spring Boot v2.7.18, Spring v5.3.39
2025-07-18 15:53:01.267   [main] INFO  i.g.n.aerial.AerialEngineServerApplication - The following 1 profile is active: "dev"
2025-07-18 15:53:01.337   [main] DEBUG i.g.n.rest.holder.BeanDefinitionRegistryHolder - The bean definition registry holder has be initiated
2025-07-18 15:53:02.211   [main] INFO  o.s.d.r.config.RepositoryConfigurationDelegate - Multiple Spring Data modules found, entering strict repository configuration mode
2025-07-18 15:53:02.211   [main] INFO  o.s.d.r.config.RepositoryConfigurationDelegate - Bootstrapping Spring Data Redis repositories in DEFAULT mode.
2025-07-18 15:53:02.226   [main] INFO  o.s.d.r.config.RepositoryConfigurationDelegate - Finished Spring Data repository scanning in 4 ms. Found 0 Redis repository interfaces.
2025-07-18 15:53:02.313   [main] INFO  o.s.d.r.config.RepositoryConfigurationDelegate - Multiple Spring Data modules found, entering strict repository configuration mode
2025-07-18 15:53:02.313   [main] INFO  o.s.d.r.config.RepositoryConfigurationDelegate - Bootstrapping Spring Data Redis repositories in DEFAULT mode.
2025-07-18 15:53:02.476   [main] INFO  o.s.d.r.config.RepositoryConfigurationDelegate - Finished Spring Data repository scanning in 163 ms. Found 0 Redis repository interfaces.
2025-07-18 15:53:02.690   [main] DEBUG i.g.n.rest.holder.ListableBeanFactoryHolder - The listable bean factory holder has be initiated
2025-07-18 15:53:03.037   [main] DEBUG i.g.n.rest.configure.RestI18nAutoConfigure - The auto configuration for [rest-i18n] initiated
2025-07-18 15:53:03.040   [main] DEBUG i.g.n.m.configure.MybatisStarterAutoConfigure - The auto configuration for [mybatis-starter] initiated
2025-07-18 15:53:03.044   [main] DEBUG i.g.n.ossfile.configure.OssfileCoreAutoConfigure - The auto configuration for [ossfile-core] initiated
2025-07-18 15:53:03.048   [main] DEBUG i.g.n.rice.configure.RiceStarterAutoConfigure - The auto configuration for [rice-starter] initiated
2025-07-18 15:53:03.052   [main] DEBUG i.g.n.rest.configure.RestI18nAutoConfigure - The auto configuration for [i18n-message] initiated
2025-07-18 15:53:03.064   [main] DEBUG i.g.nichetoolkit.rest.holder.MessageSourceHolder - The message source context holder has be refreshed
2025-07-18 15:53:03.314   [main] INFO  o.s.boot.web.embedded.tomcat.TomcatWebServer - Tomcat initialized with port(s): 8080 (http)
2025-07-18 15:53:03.335   [main] INFO  org.apache.coyote.http11.Http11NioProtocol - Initializing ProtocolHandler ["http-nio-8080"]
2025-07-18 15:53:03.339   [main] INFO  org.apache.catalina.core.StandardService - Starting service [Tomcat]
2025-07-18 15:53:03.339   [main] INFO  org.apache.catalina.core.StandardEngine - Starting Servlet engine: [Apache Tomcat/9.0.90]
2025-07-18 15:53:03.506   [main] INFO  o.a.c.core.ContainerBase.[Tomcat].[localhost].[/] - Initializing Spring embedded WebApplicationContext
2025-07-18 15:53:03.506   [main] INFO  o.s.b.w.s.c.ServletWebServerApplicationContext - Root WebApplicationContext: initialization completed in 2187 ms
2025-07-18 15:53:03.532   [main] DEBUG i.g.n.rest.configure.RestLogbackAutoConfigure - The auto configuration for [rest-logback] initiated
2025-07-18 15:53:03.546   [main] DEBUG i.g.n.rice.configure.RiceLoginAutoConfigure - The auto configuration for [rice-login] initiated
2025-07-18 15:53:03.602   [main] DEBUG i.g.nichetoolkit.rest.logback.DefaultLogbackFilter - Filter 'logbackFilter' configured for use
2025-07-18 15:53:03.675   [main] DEBUG io.github.nichetoolkit.rice.service.ServiceHolder - The service holder has be initiated
2025-07-18 15:53:03.713   [main] WARN  o.s.b.w.s.c.AnnotationConfigServletWebServerApplicationContext - Exception encountered during context initialization - cancelling refresh attempt: org.springframework.beans.factory.UnsatisfiedDependencyException: Error creating bean with name 'aerialLoginController' defined in file [F:\GitHubWorkspaces\NicheEngine\aerial-engine-server\aerial-engine-server\target\classes\io\github\nicheengine\aerial\controller\AerialLoginController.class]: Unsatisfied dependency expressed through constructor parameter 0; nested exception is org.springframework.beans.factory.UnsatisfiedDependencyException: Error creating bean with name 'aerialLoginService' defined in file [F:\GitHubWorkspaces\NicheEngine\aerial-engine-server\aerial-engine-starter\target\classes\io\github\nicheengine\aerial\service\AerialLoginService.class]: Unsatisfied dependency expressed through constructor parameter 0; nested exception is org.springframework.beans.factory.BeanCreationException: Error creating bean with name 'aerialUserServiceImpl' defined in file [F:\GitHubWorkspaces\NicheEngine\aerial-engine-server\aerial-engine-starter\target\classes\io\github\nicheengine\aerial\service\impl\AerialUserServiceImpl.class]: Invocation of init method failed; nested exception is org.springframework.beans.factory.BeanCreationException: Error creating bean with name 'mybatisSqlProviderHolder': Injection of resource dependencies failed; nested exception is org.springframework.beans.factory.NoSuchBeanDefinitionException: No qualifying bean of type 'java.util.List<io.github.nichetoolkit.mybatis.MybatisSqlProvider>' available: expected at least 1 bean which qualifies as autowire candidate. Dependency annotations: {@javax.annotation.Resource(shareable=true, lookup=, name=, description=, authenticationType=CONTAINER, type=class java.lang.Object, mappedName=)}
2025-07-18 15:53:03.719   [main] INFO  org.apache.catalina.core.StandardService - Stopping service [Tomcat]
2025-07-18 15:53:03.743   [main] INFO  o.s.b.a.l.ConditionEvaluationReportLoggingListener - 

Error starting ApplicationContext. To display the conditions report re-run your application with 'debug' enabled.
2025-07-18 15:53:03.779   [main] ERROR o.s.b.diagnostics.LoggingFailureAnalysisReporter - 

***************************
APPLICATION FAILED TO START
***************************

Description:

Parameter 0 of constructor in io.github.nicheengine.aerial.service.AerialLoginService required a bean of type 'java.util.List' that could not be found.


Action:

Consider defining a bean of type 'java.util.List' in your configuration.

2025-07-18 15:53:40.798   [background-preinit] INFO  org.hibernate.validator.internal.util.Version - HV000001: Hibernate Validator 6.2.5.Final
2025-07-18 15:53:40.814   [main] DEBUG i.g.n.rest.holder.ApplicationContextHolder - The application context holder has be initiated
2025-07-18 15:53:40.814   [main] DEBUG i.g.nichetoolkit.rest.holder.MessageSourceHolder - The message source context holder has be initiated
2025-07-18 15:53:40.818   [main] INFO  i.g.n.aerial.AerialEngineServerApplication - Starting AerialEngineServerApplication using Java 1.8.0_432 on Cyan with PID 18988 (F:\GitHubWorkspaces\NicheEngine\aerial-engine-server\aerial-engine-server\target\classes started by Snow in F:\GitHubWorkspaces\NicheEngine\aerial-engine-server)
2025-07-18 15:53:40.818   [main] DEBUG i.g.n.aerial.AerialEngineServerApplication - Running with Spring Boot v2.7.18, Spring v5.3.39
2025-07-18 15:53:40.819   [main] INFO  i.g.n.aerial.AerialEngineServerApplication - The following 1 profile is active: "dev"
2025-07-18 15:53:40.876   [main] DEBUG i.g.n.rest.holder.BeanDefinitionRegistryHolder - The bean definition registry holder has be initiated
2025-07-18 15:53:41.622   [main] INFO  o.s.d.r.config.RepositoryConfigurationDelegate - Multiple Spring Data modules found, entering strict repository configuration mode
2025-07-18 15:53:41.622   [main] INFO  o.s.d.r.config.RepositoryConfigurationDelegate - Bootstrapping Spring Data Redis repositories in DEFAULT mode.
2025-07-18 15:53:41.636   [main] INFO  o.s.d.r.config.RepositoryConfigurationDelegate - Finished Spring Data repository scanning in 4 ms. Found 0 Redis repository interfaces.
2025-07-18 15:53:41.716   [main] INFO  o.s.d.r.config.RepositoryConfigurationDelegate - Multiple Spring Data modules found, entering strict repository configuration mode
2025-07-18 15:53:41.717   [main] INFO  o.s.d.r.config.RepositoryConfigurationDelegate - Bootstrapping Spring Data Redis repositories in DEFAULT mode.
2025-07-18 15:53:41.855   [main] INFO  o.s.d.r.config.RepositoryConfigurationDelegate - Finished Spring Data repository scanning in 137 ms. Found 0 Redis repository interfaces.
2025-07-18 15:53:42.026   [main] DEBUG i.g.n.rest.holder.ListableBeanFactoryHolder - The listable bean factory holder has be initiated
2025-07-18 15:53:42.302   [main] DEBUG i.g.n.rest.configure.RestI18nAutoConfigure - The auto configuration for [rest-i18n] initiated
2025-07-18 15:53:42.304   [main] DEBUG i.g.n.m.configure.MybatisStarterAutoConfigure - The auto configuration for [mybatis-starter] initiated
2025-07-18 15:53:42.307   [main] DEBUG i.g.n.ossfile.configure.OssfileCoreAutoConfigure - The auto configuration for [ossfile-core] initiated
2025-07-18 15:53:42.310   [main] DEBUG i.g.n.rice.configure.RiceStarterAutoConfigure - The auto configuration for [rice-starter] initiated
2025-07-18 15:53:42.315   [main] DEBUG i.g.n.rest.configure.RestI18nAutoConfigure - The auto configuration for [i18n-message] initiated
2025-07-18 15:53:42.323   [main] DEBUG i.g.nichetoolkit.rest.holder.MessageSourceHolder - The message source context holder has be refreshed
2025-07-18 15:53:42.463   [main] INFO  o.s.boot.web.embedded.tomcat.TomcatWebServer - Tomcat initialized with port(s): 8080 (http)
2025-07-18 15:53:42.468   [main] INFO  org.apache.coyote.http11.Http11NioProtocol - Initializing ProtocolHandler ["http-nio-8080"]
2025-07-18 15:53:42.468   [main] INFO  org.apache.catalina.core.StandardService - Starting service [Tomcat]
2025-07-18 15:53:42.469   [main] INFO  org.apache.catalina.core.StandardEngine - Starting Servlet engine: [Apache Tomcat/9.0.90]
2025-07-18 15:53:42.546   [main] INFO  o.a.c.core.ContainerBase.[Tomcat].[localhost].[/] - Initializing Spring embedded WebApplicationContext
2025-07-18 15:53:42.546   [main] INFO  o.s.b.w.s.c.ServletWebServerApplicationContext - Root WebApplicationContext: initialization completed in 1682 ms
2025-07-18 15:53:42.561   [main] DEBUG i.g.n.rest.configure.RestLogbackAutoConfigure - The auto configuration for [rest-logback] initiated
2025-07-18 15:53:42.568   [main] DEBUG i.g.n.rice.configure.RiceLoginAutoConfigure - The auto configuration for [rice-login] initiated
2025-07-18 15:53:42.599   [main] DEBUG i.g.nichetoolkit.rest.logback.DefaultLogbackFilter - Filter 'logbackFilter' configured for use
2025-07-18 15:53:42.638   [main] DEBUG io.github.nichetoolkit.rice.service.ServiceHolder - The service holder has be initiated
2025-07-18 15:53:42.652   [main] WARN  o.s.b.w.s.c.AnnotationConfigServletWebServerApplicationContext - Exception encountered during context initialization - cancelling refresh attempt: org.springframework.beans.factory.UnsatisfiedDependencyException: Error creating bean with name 'aerialLoginController' defined in file [F:\GitHubWorkspaces\NicheEngine\aerial-engine-server\aerial-engine-server\target\classes\io\github\nicheengine\aerial\controller\AerialLoginController.class]: Unsatisfied dependency expressed through constructor parameter 0; nested exception is org.springframework.beans.factory.UnsatisfiedDependencyException: Error creating bean with name 'aerialLoginService' defined in file [F:\GitHubWorkspaces\NicheEngine\aerial-engine-server\aerial-engine-starter\target\classes\io\github\nicheengine\aerial\service\AerialLoginService.class]: Unsatisfied dependency expressed through constructor parameter 0; nested exception is org.springframework.beans.factory.BeanCreationException: Error creating bean with name 'aerialUserServiceImpl' defined in file [F:\GitHubWorkspaces\NicheEngine\aerial-engine-server\aerial-engine-starter\target\classes\io\github\nicheengine\aerial\service\impl\AerialUserServiceImpl.class]: Invocation of init method failed; nested exception is org.springframework.beans.factory.BeanCreationException: Error creating bean with name 'mybatisSqlProviderHolder': Injection of resource dependencies failed; nested exception is org.springframework.beans.factory.NoSuchBeanDefinitionException: No qualifying bean of type 'java.util.List<io.github.nichetoolkit.mybatis.MybatisSqlProvider>' available: expected at least 1 bean which qualifies as autowire candidate. Dependency annotations: {@javax.annotation.Resource(shareable=true, lookup=, name=, description=, authenticationType=CONTAINER, type=class java.lang.Object, mappedName=)}
2025-07-18 15:53:42.654   [main] INFO  org.apache.catalina.core.StandardService - Stopping service [Tomcat]
2025-07-18 15:53:42.662   [main] INFO  o.s.b.a.l.ConditionEvaluationReportLoggingListener - 

Error starting ApplicationContext. To display the conditions report re-run your application with 'debug' enabled.
2025-07-18 15:53:42.677   [main] ERROR o.s.b.diagnostics.LoggingFailureAnalysisReporter - 

***************************
APPLICATION FAILED TO START
***************************

Description:

Parameter 0 of constructor in io.github.nicheengine.aerial.service.AerialLoginService required a bean of type 'java.util.List' that could not be found.


Action:

Consider defining a bean of type 'java.util.List' in your configuration.

2025-07-18 16:12:11.847   [background-preinit] INFO  org.hibernate.validator.internal.util.Version - HV000001: Hibernate Validator 6.2.5.Final
2025-07-18 16:12:11.859   [main] DEBUG i.g.n.rest.holder.ApplicationContextHolder - The application context holder has be initiated
2025-07-18 16:12:11.859   [main] DEBUG i.g.nichetoolkit.rest.holder.MessageSourceHolder - The message source context holder has be initiated
2025-07-18 16:12:11.862   [main] INFO  i.g.n.aerial.AerialEngineServerApplication - Starting AerialEngineServerApplication using Java 1.8.0_432 on Cyan with PID 23560 (F:\GitHubWorkspaces\NicheEngine\aerial-engine-server\aerial-engine-server\target\classes started by Snow in F:\GitHubWorkspaces\NicheEngine\aerial-engine-server)
2025-07-18 16:12:11.862   [main] DEBUG i.g.n.aerial.AerialEngineServerApplication - Running with Spring Boot v2.7.18, Spring v5.3.39
2025-07-18 16:12:11.862   [main] INFO  i.g.n.aerial.AerialEngineServerApplication - The following 1 profile is active: "dev"
2025-07-18 16:12:11.911   [main] DEBUG i.g.n.rest.holder.BeanDefinitionRegistryHolder - The bean definition registry holder has be initiated
2025-07-18 16:12:12.669   [main] INFO  o.s.d.r.config.RepositoryConfigurationDelegate - Multiple Spring Data modules found, entering strict repository configuration mode
2025-07-18 16:12:12.669   [main] INFO  o.s.d.r.config.RepositoryConfigurationDelegate - Bootstrapping Spring Data Redis repositories in DEFAULT mode.
2025-07-18 16:12:12.683   [main] INFO  o.s.d.r.config.RepositoryConfigurationDelegate - Finished Spring Data repository scanning in 4 ms. Found 0 Redis repository interfaces.
2025-07-18 16:12:12.762   [main] INFO  o.s.d.r.config.RepositoryConfigurationDelegate - Multiple Spring Data modules found, entering strict repository configuration mode
2025-07-18 16:12:12.762   [main] INFO  o.s.d.r.config.RepositoryConfigurationDelegate - Bootstrapping Spring Data Redis repositories in DEFAULT mode.
2025-07-18 16:12:12.889   [main] INFO  o.s.d.r.config.RepositoryConfigurationDelegate - Finished Spring Data repository scanning in 126 ms. Found 0 Redis repository interfaces.
2025-07-18 16:12:13.057   [main] DEBUG i.g.n.rest.holder.ListableBeanFactoryHolder - The listable bean factory holder has be initiated
2025-07-18 16:12:13.337   [main] DEBUG i.g.n.rest.configure.RestI18nAutoConfigure - The auto configuration for [rest-i18n] initiated
2025-07-18 16:12:13.338   [main] DEBUG i.g.n.m.configure.MybatisStarterAutoConfigure - The auto configuration for [mybatis-starter] initiated
2025-07-18 16:12:13.341   [main] DEBUG i.g.n.ossfile.configure.OssfileCoreAutoConfigure - The auto configuration for [ossfile-core] initiated
2025-07-18 16:12:13.345   [main] DEBUG i.g.n.rice.configure.RiceStarterAutoConfigure - The auto configuration for [rice-starter] initiated
2025-07-18 16:12:13.348   [main] DEBUG i.g.n.rest.configure.RestI18nAutoConfigure - The auto configuration for [i18n-message] initiated
2025-07-18 16:12:13.355   [main] DEBUG i.g.nichetoolkit.rest.holder.MessageSourceHolder - The message source context holder has be refreshed
2025-07-18 16:12:13.499   [main] INFO  o.s.boot.web.embedded.tomcat.TomcatWebServer - Tomcat initialized with port(s): 8080 (http)
2025-07-18 16:12:13.502   [main] INFO  org.apache.coyote.http11.Http11NioProtocol - Initializing ProtocolHandler ["http-nio-8080"]
2025-07-18 16:12:13.503   [main] INFO  org.apache.catalina.core.StandardService - Starting service [Tomcat]
2025-07-18 16:12:13.503   [main] INFO  org.apache.catalina.core.StandardEngine - Starting Servlet engine: [Apache Tomcat/9.0.90]
2025-07-18 16:12:13.579   [main] INFO  o.a.c.core.ContainerBase.[Tomcat].[localhost].[/] - Initializing Spring embedded WebApplicationContext
2025-07-18 16:12:13.580   [main] INFO  o.s.b.w.s.c.ServletWebServerApplicationContext - Root WebApplicationContext: initialization completed in 1681 ms
2025-07-18 16:12:13.595   [main] DEBUG i.g.n.rest.configure.RestLogbackAutoConfigure - The auto configuration for [rest-logback] initiated
2025-07-18 16:12:13.603   [main] DEBUG i.g.n.rice.configure.RiceLoginAutoConfigure - The auto configuration for [rice-login] initiated
2025-07-18 16:12:13.634   [main] DEBUG i.g.nichetoolkit.rest.logback.DefaultLogbackFilter - Filter 'logbackFilter' configured for use
2025-07-18 16:12:13.668   [main] DEBUG io.github.nichetoolkit.rice.service.ServiceHolder - The service holder has be initiated
2025-07-18 16:12:13.730   [main] INFO  i.g.nichetoolkit.mybatis.MybatisSqlProviderHolder - [MybatisSqlProviderHolder] > sql providers size: 24
2025-07-18 16:12:13.778   [main] INFO  i.github.nichetoolkit.mybatis.MybatisContextHolder - [MybatisContextHolder] > afterPropertiesSet: {"catalog":null,"schema":null,"updateLogic":false,"useLogic":true,"useOperate":false,"useLazyInit":false,"excludeUnused":true,"sqlScriptShow":true,"mysqlIgnoreInsert":false,"datetimeNow":"now()","databaseType":"postgresql","styleType":"lowerUnderline","excludedType":"EXCLUDED","properties":{},"excludes":null,"ignores":null,"selectIgnores":null,"insertIgnores":null,"updateIgnores":null,"unuseds":["operate"]}
2025-07-18 16:12:13.778   [main] DEBUG io.github.nichetoolkit.rice.service.ServiceHolder - There are 2 service fitter beans has be initiated.
2025-07-18 16:12:13.780   [main] DEBUG i.g.n.aerial.configure.DatasourceAutoConfigure - the auto configuration for [datasource] rest template initiated
2025-07-18 16:12:13.831   [main] WARN  org.mybatis.spring.SqlSessionFactoryBean - Property 'mapperLocations' was specified but matching resources are not found.
2025-07-18 16:12:14.224   [main] DEBUG i.g.n.aerial.configure.AerialRedisAutoConfigure - The auto configuration for [aerial-redis] initiated
2025-07-18 16:12:14.321   [main] WARN  o.s.b.w.s.c.AnnotationConfigServletWebServerApplicationContext - Exception encountered during context initialization - cancelling refresh attempt: org.springframework.beans.factory.BeanCreationException: Error creating bean with name 'drcUpTopicService': Injection of resource dependencies failed; nested exception is org.springframework.beans.factory.BeanCreationException: Error creating bean with name 'mqttTopicServiceImpl': Injection of resource dependencies failed; nested exception is org.springframework.beans.factory.UnsatisfiedDependencyException: Error creating bean with name 'io.github.nicheengine.aerial.configure.AerialMessageAutoConfigure': Unsatisfied dependency expressed through constructor parameter 1; nested exception is org.springframework.beans.factory.NoSuchBeanDefinitionException: No qualifying bean of type 'org.springframework.integration.mqtt.support.MqttMessageConverter' available: expected at least 1 bean which qualifies as autowire candidate. Dependency annotations: {}
2025-07-18 16:12:14.335   [main] INFO  org.apache.catalina.core.StandardService - Stopping service [Tomcat]
2025-07-18 16:12:14.342   [main] INFO  o.s.b.a.l.ConditionEvaluationReportLoggingListener - 

Error starting ApplicationContext. To display the conditions report re-run your application with 'debug' enabled.
2025-07-18 16:12:14.355   [main] ERROR o.s.b.diagnostics.LoggingFailureAnalysisReporter - 

***************************
APPLICATION FAILED TO START
***************************

Description:

Parameter 1 of constructor in io.github.nicheengine.aerial.configure.AerialMessageAutoConfigure required a bean of type 'org.springframework.integration.mqtt.support.MqttMessageConverter' that could not be found.


Action:

Consider defining a bean of type 'org.springframework.integration.mqtt.support.MqttMessageConverter' in your configuration.

2025-07-18 16:17:32.270   [background-preinit] INFO  org.hibernate.validator.internal.util.Version - HV000001: Hibernate Validator 6.2.5.Final
2025-07-18 16:17:32.287   [main] DEBUG i.g.n.rest.holder.ApplicationContextHolder - The application context holder has be initiated
2025-07-18 16:17:32.288   [main] DEBUG i.g.nichetoolkit.rest.holder.MessageSourceHolder - The message source context holder has be initiated
2025-07-18 16:17:32.292   [main] INFO  i.g.n.aerial.AerialEngineServerApplication - Starting AerialEngineServerApplication using Java 1.8.0_432 on Cyan with PID 24372 (F:\GitHubWorkspaces\NicheEngine\aerial-engine-server\aerial-engine-server\target\classes started by Snow in F:\GitHubWorkspaces\NicheEngine\aerial-engine-server)
2025-07-18 16:17:32.292   [main] DEBUG i.g.n.aerial.AerialEngineServerApplication - Running with Spring Boot v2.7.18, Spring v5.3.39
2025-07-18 16:17:32.292   [main] INFO  i.g.n.aerial.AerialEngineServerApplication - The following 1 profile is active: "dev"
2025-07-18 16:17:32.352   [main] DEBUG i.g.n.rest.holder.BeanDefinitionRegistryHolder - The bean definition registry holder has be initiated
2025-07-18 16:17:33.121   [main] INFO  o.s.d.r.config.RepositoryConfigurationDelegate - Multiple Spring Data modules found, entering strict repository configuration mode
2025-07-18 16:17:33.123   [main] INFO  o.s.d.r.config.RepositoryConfigurationDelegate - Bootstrapping Spring Data Redis repositories in DEFAULT mode.
2025-07-18 16:17:33.138   [main] INFO  o.s.d.r.config.RepositoryConfigurationDelegate - Finished Spring Data repository scanning in 4 ms. Found 0 Redis repository interfaces.
2025-07-18 16:17:33.215   [main] INFO  o.s.d.r.config.RepositoryConfigurationDelegate - Multiple Spring Data modules found, entering strict repository configuration mode
2025-07-18 16:17:33.215   [main] INFO  o.s.d.r.config.RepositoryConfigurationDelegate - Bootstrapping Spring Data Redis repositories in DEFAULT mode.
2025-07-18 16:17:33.355   [main] INFO  o.s.d.r.config.RepositoryConfigurationDelegate - Finished Spring Data repository scanning in 139 ms. Found 0 Redis repository interfaces.
2025-07-18 16:17:33.523   [main] DEBUG i.g.n.rest.holder.ListableBeanFactoryHolder - The listable bean factory holder has be initiated
2025-07-18 16:17:33.830   [main] DEBUG i.g.n.rest.configure.RestI18nAutoConfigure - The auto configuration for [rest-i18n] initiated
2025-07-18 16:17:33.832   [main] DEBUG i.g.n.m.configure.MybatisStarterAutoConfigure - The auto configuration for [mybatis-starter] initiated
2025-07-18 16:17:33.835   [main] DEBUG i.g.n.ossfile.configure.OssfileCoreAutoConfigure - The auto configuration for [ossfile-core] initiated
2025-07-18 16:17:33.838   [main] DEBUG i.g.n.rice.configure.RiceStarterAutoConfigure - The auto configuration for [rice-starter] initiated
2025-07-18 16:17:33.841   [main] DEBUG i.g.n.rest.configure.RestI18nAutoConfigure - The auto configuration for [i18n-message] initiated
2025-07-18 16:17:33.850   [main] DEBUG i.g.nichetoolkit.rest.holder.MessageSourceHolder - The message source context holder has be refreshed
2025-07-18 16:17:33.991   [main] INFO  o.s.boot.web.embedded.tomcat.TomcatWebServer - Tomcat initialized with port(s): 8080 (http)
2025-07-18 16:17:33.996   [main] INFO  org.apache.coyote.http11.Http11NioProtocol - Initializing ProtocolHandler ["http-nio-8080"]
2025-07-18 16:17:33.996   [main] INFO  org.apache.catalina.core.StandardService - Starting service [Tomcat]
2025-07-18 16:17:33.996   [main] INFO  org.apache.catalina.core.StandardEngine - Starting Servlet engine: [Apache Tomcat/9.0.90]
2025-07-18 16:17:34.070   [main] INFO  o.a.c.core.ContainerBase.[Tomcat].[localhost].[/] - Initializing Spring embedded WebApplicationContext
2025-07-18 16:17:34.070   [main] INFO  o.s.b.w.s.c.ServletWebServerApplicationContext - Root WebApplicationContext: initialization completed in 1733 ms
2025-07-18 16:17:34.085   [main] DEBUG i.g.n.rest.configure.RestLogbackAutoConfigure - The auto configuration for [rest-logback] initiated
2025-07-18 16:17:34.094   [main] DEBUG i.g.n.rice.configure.RiceLoginAutoConfigure - The auto configuration for [rice-login] initiated
2025-07-18 16:17:34.125   [main] DEBUG i.g.nichetoolkit.rest.logback.DefaultLogbackFilter - Filter 'logbackFilter' configured for use
2025-07-18 16:17:34.161   [main] DEBUG io.github.nichetoolkit.rice.service.ServiceHolder - The service holder has be initiated
2025-07-18 16:17:34.222   [main] INFO  i.g.nichetoolkit.mybatis.MybatisSqlProviderHolder - [MybatisSqlProviderHolder] > sql providers size: 24
2025-07-18 16:17:34.275   [main] INFO  i.github.nichetoolkit.mybatis.MybatisContextHolder - [MybatisContextHolder] > afterPropertiesSet: {"catalog":null,"schema":null,"updateLogic":false,"useLogic":true,"useOperate":false,"useLazyInit":false,"excludeUnused":true,"sqlScriptShow":true,"mysqlIgnoreInsert":false,"datetimeNow":"now()","databaseType":"postgresql","styleType":"lowerUnderline","excludedType":"EXCLUDED","properties":{},"excludes":null,"ignores":null,"selectIgnores":null,"insertIgnores":null,"updateIgnores":null,"unuseds":["operate"]}
2025-07-18 16:17:34.276   [main] DEBUG io.github.nichetoolkit.rice.service.ServiceHolder - There are 2 service fitter beans has be initiated.
2025-07-18 16:17:34.281   [main] DEBUG i.g.n.aerial.configure.DatasourceAutoConfigure - the auto configuration for [datasource] rest template initiated
2025-07-18 16:17:34.337   [main] WARN  org.mybatis.spring.SqlSessionFactoryBean - Property 'mapperLocations' was specified but matching resources are not found.
2025-07-18 16:17:34.766   [main] DEBUG i.g.n.aerial.configure.AerialRedisAutoConfigure - The auto configuration for [aerial-redis] initiated
2025-07-18 16:17:34.855   [main] WARN  o.s.b.w.s.c.AnnotationConfigServletWebServerApplicationContext - Exception encountered during context initialization - cancelling refresh attempt: org.springframework.beans.factory.BeanCreationException: Error creating bean with name 'drcUpTopicService': Injection of resource dependencies failed; nested exception is org.springframework.beans.factory.BeanCreationException: Error creating bean with name 'mqttTopicServiceImpl': Injection of resource dependencies failed; nested exception is org.springframework.beans.factory.UnsatisfiedDependencyException: Error creating bean with name 'io.github.nicheengine.aerial.configure.AerialMessageAutoConfigure': Unsatisfied dependency expressed through constructor parameter 1; nested exception is org.springframework.beans.factory.NoSuchBeanDefinitionException: No qualifying bean of type 'org.springframework.integration.mqtt.support.MqttMessageConverter' available: expected at least 1 bean which qualifies as autowire candidate. Dependency annotations: {}
2025-07-18 16:19:22.634   [background-preinit] INFO  org.hibernate.validator.internal.util.Version - HV000001: Hibernate Validator 6.2.5.Final
2025-07-18 16:19:22.646   [main] DEBUG i.g.n.rest.holder.ApplicationContextHolder - The application context holder has be initiated
2025-07-18 16:19:22.647   [main] DEBUG i.g.nichetoolkit.rest.holder.MessageSourceHolder - The message source context holder has be initiated
2025-07-18 16:19:22.651   [main] INFO  i.g.n.aerial.AerialEngineServerApplication - Starting AerialEngineServerApplication using Java 1.8.0_432 on Cyan with PID 9768 (F:\GitHubWorkspaces\NicheEngine\aerial-engine-server\aerial-engine-server\target\classes started by Snow in F:\GitHubWorkspaces\NicheEngine\aerial-engine-server)
2025-07-18 16:19:22.651   [main] DEBUG i.g.n.aerial.AerialEngineServerApplication - Running with Spring Boot v2.7.18, Spring v5.3.39
2025-07-18 16:19:22.652   [main] INFO  i.g.n.aerial.AerialEngineServerApplication - The following 1 profile is active: "dev"
2025-07-18 16:19:22.707   [main] DEBUG i.g.n.rest.holder.BeanDefinitionRegistryHolder - The bean definition registry holder has be initiated
2025-07-18 16:19:23.463   [main] INFO  o.s.d.r.config.RepositoryConfigurationDelegate - Multiple Spring Data modules found, entering strict repository configuration mode
2025-07-18 16:19:23.464   [main] INFO  o.s.d.r.config.RepositoryConfigurationDelegate - Bootstrapping Spring Data Redis repositories in DEFAULT mode.
2025-07-18 16:19:23.479   [main] INFO  o.s.d.r.config.RepositoryConfigurationDelegate - Finished Spring Data repository scanning in 4 ms. Found 0 Redis repository interfaces.
2025-07-18 16:19:23.554   [main] INFO  o.s.d.r.config.RepositoryConfigurationDelegate - Multiple Spring Data modules found, entering strict repository configuration mode
2025-07-18 16:19:23.554   [main] INFO  o.s.d.r.config.RepositoryConfigurationDelegate - Bootstrapping Spring Data Redis repositories in DEFAULT mode.
2025-07-18 16:19:23.691   [main] INFO  o.s.d.r.config.RepositoryConfigurationDelegate - Finished Spring Data repository scanning in 136 ms. Found 0 Redis repository interfaces.
2025-07-18 16:19:23.881   [main] DEBUG i.g.n.rest.holder.ListableBeanFactoryHolder - The listable bean factory holder has be initiated
2025-07-18 16:19:24.185   [main] DEBUG i.g.n.rest.configure.RestI18nAutoConfigure - The auto configuration for [rest-i18n] initiated
2025-07-18 16:19:24.186   [main] DEBUG i.g.n.m.configure.MybatisStarterAutoConfigure - The auto configuration for [mybatis-starter] initiated
2025-07-18 16:19:24.190   [main] DEBUG i.g.n.ossfile.configure.OssfileCoreAutoConfigure - The auto configuration for [ossfile-core] initiated
2025-07-18 16:19:24.193   [main] DEBUG i.g.n.rice.configure.RiceStarterAutoConfigure - The auto configuration for [rice-starter] initiated
2025-07-18 16:19:24.195   [main] DEBUG i.g.n.rest.configure.RestI18nAutoConfigure - The auto configuration for [i18n-message] initiated
2025-07-18 16:19:24.204   [main] DEBUG i.g.nichetoolkit.rest.holder.MessageSourceHolder - The message source context holder has be refreshed
2025-07-18 16:19:24.345   [main] INFO  o.s.boot.web.embedded.tomcat.TomcatWebServer - Tomcat initialized with port(s): 8080 (http)
2025-07-18 16:19:24.351   [main] INFO  org.apache.coyote.http11.Http11NioProtocol - Initializing ProtocolHandler ["http-nio-8080"]
2025-07-18 16:19:24.352   [main] INFO  org.apache.catalina.core.StandardService - Starting service [Tomcat]
2025-07-18 16:19:24.353   [main] INFO  org.apache.catalina.core.StandardEngine - Starting Servlet engine: [Apache Tomcat/9.0.90]
2025-07-18 16:19:24.423   [main] INFO  o.a.c.core.ContainerBase.[Tomcat].[localhost].[/] - Initializing Spring embedded WebApplicationContext
2025-07-18 16:19:24.424   [main] INFO  o.s.b.w.s.c.ServletWebServerApplicationContext - Root WebApplicationContext: initialization completed in 1731 ms
2025-07-18 16:19:24.440   [main] DEBUG i.g.n.rest.configure.RestLogbackAutoConfigure - The auto configuration for [rest-logback] initiated
2025-07-18 16:19:24.447   [main] DEBUG i.g.n.rice.configure.RiceLoginAutoConfigure - The auto configuration for [rice-login] initiated
2025-07-18 16:19:24.477   [main] DEBUG i.g.nichetoolkit.rest.logback.DefaultLogbackFilter - Filter 'logbackFilter' configured for use
2025-07-18 16:19:24.515   [main] DEBUG io.github.nichetoolkit.rice.service.ServiceHolder - The service holder has be initiated
2025-07-18 16:19:24.575   [main] INFO  i.g.nichetoolkit.mybatis.MybatisSqlProviderHolder - [MybatisSqlProviderHolder] > sql providers size: 24
2025-07-18 16:19:24.622   [main] INFO  i.github.nichetoolkit.mybatis.MybatisContextHolder - [MybatisContextHolder] > afterPropertiesSet: {"catalog":null,"schema":null,"updateLogic":false,"useLogic":true,"useOperate":false,"useLazyInit":false,"excludeUnused":true,"sqlScriptShow":true,"mysqlIgnoreInsert":false,"datetimeNow":"now()","databaseType":"postgresql","styleType":"lowerUnderline","excludedType":"EXCLUDED","properties":{},"excludes":null,"ignores":null,"selectIgnores":null,"insertIgnores":null,"updateIgnores":null,"unuseds":["operate"]}
2025-07-18 16:19:24.622   [main] DEBUG io.github.nichetoolkit.rice.service.ServiceHolder - There are 2 service fitter beans has be initiated.
2025-07-18 16:19:24.626   [main] DEBUG i.g.n.aerial.configure.DatasourceAutoConfigure - the auto configuration for [datasource] rest template initiated
2025-07-18 16:19:24.675   [main] WARN  org.mybatis.spring.SqlSessionFactoryBean - Property 'mapperLocations' was specified but matching resources are not found.
2025-07-18 16:19:25.060   [main] DEBUG i.g.n.aerial.configure.AerialRedisAutoConfigure - The auto configuration for [aerial-redis] initiated
2025-07-18 16:19:25.150   [main] WARN  o.s.b.w.s.c.AnnotationConfigServletWebServerApplicationContext - Exception encountered during context initialization - cancelling refresh attempt: org.springframework.beans.factory.BeanCreationException: Error creating bean with name 'drcUpTopicService': Injection of resource dependencies failed; nested exception is org.springframework.beans.factory.BeanCreationException: Error creating bean with name 'mqttTopicServiceImpl': Injection of resource dependencies failed; nested exception is org.springframework.beans.factory.UnsatisfiedDependencyException: Error creating bean with name 'io.github.nicheengine.aerial.configure.AerialMessageAutoConfigure': Unsatisfied dependency expressed through constructor parameter 1; nested exception is org.springframework.beans.factory.NoSuchBeanDefinitionException: No qualifying bean of type 'org.springframework.integration.mqtt.support.MqttMessageConverter' available: expected at least 1 bean which qualifies as autowire candidate. Dependency annotations: {}
2025-07-18 16:19:25.162   [main] INFO  org.apache.catalina.core.StandardService - Stopping service [Tomcat]
2025-07-18 16:19:25.168   [main] INFO  o.s.b.a.l.ConditionEvaluationReportLoggingListener - 

Error starting ApplicationContext. To display the conditions report re-run your application with 'debug' enabled.
2025-07-18 16:19:25.181   [main] ERROR o.s.b.diagnostics.LoggingFailureAnalysisReporter - 

***************************
APPLICATION FAILED TO START
***************************

Description:

Parameter 1 of constructor in io.github.nicheengine.aerial.configure.AerialMessageAutoConfigure required a bean of type 'org.springframework.integration.mqtt.support.MqttMessageConverter' that could not be found.


Action:

Consider defining a bean of type 'org.springframework.integration.mqtt.support.MqttMessageConverter' in your configuration.

2025-07-18 16:22:28.401   [background-preinit] INFO  org.hibernate.validator.internal.util.Version - HV000001: Hibernate Validator 6.2.5.Final
2025-07-18 16:22:28.422   [main] DEBUG i.g.n.rest.holder.ApplicationContextHolder - The application context holder has be initiated
2025-07-18 16:22:28.423   [main] DEBUG i.g.nichetoolkit.rest.holder.MessageSourceHolder - The message source context holder has be initiated
2025-07-18 16:22:28.426   [main] INFO  i.g.n.aerial.AerialEngineServerApplication - Starting AerialEngineServerApplication using Java 1.8.0_432 on Cyan with PID 17760 (F:\GitHubWorkspaces\NicheEngine\aerial-engine-server\aerial-engine-server\target\classes started by Snow in F:\GitHubWorkspaces\NicheEngine\aerial-engine-server)
2025-07-18 16:22:28.426   [main] DEBUG i.g.n.aerial.AerialEngineServerApplication - Running with Spring Boot v2.7.18, Spring v5.3.39
2025-07-18 16:22:28.427   [main] INFO  i.g.n.aerial.AerialEngineServerApplication - The following 1 profile is active: "dev"
2025-07-18 16:22:28.482   [main] DEBUG i.g.n.rest.holder.BeanDefinitionRegistryHolder - The bean definition registry holder has be initiated
2025-07-18 16:22:29.253   [main] INFO  o.s.d.r.config.RepositoryConfigurationDelegate - Multiple Spring Data modules found, entering strict repository configuration mode
2025-07-18 16:22:29.254   [main] INFO  o.s.d.r.config.RepositoryConfigurationDelegate - Bootstrapping Spring Data Redis repositories in DEFAULT mode.
2025-07-18 16:22:29.269   [main] INFO  o.s.d.r.config.RepositoryConfigurationDelegate - Finished Spring Data repository scanning in 4 ms. Found 0 Redis repository interfaces.
2025-07-18 16:22:29.345   [main] INFO  o.s.d.r.config.RepositoryConfigurationDelegate - Multiple Spring Data modules found, entering strict repository configuration mode
2025-07-18 16:22:29.345   [main] INFO  o.s.d.r.config.RepositoryConfigurationDelegate - Bootstrapping Spring Data Redis repositories in DEFAULT mode.
2025-07-18 16:22:29.497   [main] INFO  o.s.d.r.config.RepositoryConfigurationDelegate - Finished Spring Data repository scanning in 151 ms. Found 0 Redis repository interfaces.
2025-07-18 16:22:29.670   [main] DEBUG i.g.n.rest.holder.ListableBeanFactoryHolder - The listable bean factory holder has be initiated
2025-07-18 16:22:29.947   [main] DEBUG i.g.n.rest.configure.RestI18nAutoConfigure - The auto configuration for [rest-i18n] initiated
2025-07-18 16:22:29.949   [main] DEBUG i.g.n.m.configure.MybatisStarterAutoConfigure - The auto configuration for [mybatis-starter] initiated
2025-07-18 16:22:29.952   [main] DEBUG i.g.n.ossfile.configure.OssfileCoreAutoConfigure - The auto configuration for [ossfile-core] initiated
2025-07-18 16:22:29.957   [main] DEBUG i.g.n.rice.configure.RiceStarterAutoConfigure - The auto configuration for [rice-starter] initiated
2025-07-18 16:22:29.960   [main] DEBUG i.g.n.rest.configure.RestI18nAutoConfigure - The auto configuration for [i18n-message] initiated
2025-07-18 16:22:29.969   [main] DEBUG i.g.nichetoolkit.rest.holder.MessageSourceHolder - The message source context holder has be refreshed
2025-07-18 16:22:30.113   [main] INFO  o.s.boot.web.embedded.tomcat.TomcatWebServer - Tomcat initialized with port(s): 8080 (http)
2025-07-18 16:22:30.118   [main] INFO  org.apache.coyote.http11.Http11NioProtocol - Initializing ProtocolHandler ["http-nio-8080"]
2025-07-18 16:22:30.120   [main] INFO  org.apache.catalina.core.StandardService - Starting service [Tomcat]
2025-07-18 16:22:30.120   [main] INFO  org.apache.catalina.core.StandardEngine - Starting Servlet engine: [Apache Tomcat/9.0.90]
2025-07-18 16:22:30.206   [main] INFO  o.a.c.core.ContainerBase.[Tomcat].[localhost].[/] - Initializing Spring embedded WebApplicationContext
2025-07-18 16:22:30.206   [main] INFO  o.s.b.w.s.c.ServletWebServerApplicationContext - Root WebApplicationContext: initialization completed in 1740 ms
2025-07-18 16:22:30.227   [main] DEBUG i.g.n.rest.configure.RestLogbackAutoConfigure - The auto configuration for [rest-logback] initiated
2025-07-18 16:22:30.234   [main] DEBUG i.g.n.rice.configure.RiceLoginAutoConfigure - The auto configuration for [rice-login] initiated
2025-07-18 16:22:30.263   [main] DEBUG i.g.nichetoolkit.rest.logback.DefaultLogbackFilter - Filter 'logbackFilter' configured for use
2025-07-18 16:22:30.296   [main] DEBUG io.github.nichetoolkit.rice.service.ServiceHolder - The service holder has be initiated
2025-07-18 16:22:30.357   [main] INFO  i.g.nichetoolkit.mybatis.MybatisSqlProviderHolder - [MybatisSqlProviderHolder] > sql providers size: 24
2025-07-18 16:22:30.403   [main] INFO  i.github.nichetoolkit.mybatis.MybatisContextHolder - [MybatisContextHolder] > afterPropertiesSet: {"catalog":null,"schema":null,"updateLogic":false,"useLogic":true,"useOperate":false,"useLazyInit":false,"excludeUnused":true,"sqlScriptShow":true,"mysqlIgnoreInsert":false,"datetimeNow":"now()","databaseType":"postgresql","styleType":"lowerUnderline","excludedType":"EXCLUDED","properties":{},"excludes":null,"ignores":null,"selectIgnores":null,"insertIgnores":null,"updateIgnores":null,"unuseds":["operate"]}
2025-07-18 16:22:30.404   [main] DEBUG io.github.nichetoolkit.rice.service.ServiceHolder - There are 2 service fitter beans has be initiated.
2025-07-18 16:22:30.409   [main] DEBUG i.g.n.aerial.configure.DatasourceAutoConfigure - the auto configuration for [datasource] rest template initiated
2025-07-18 16:22:30.461   [main] WARN  org.mybatis.spring.SqlSessionFactoryBean - Property 'mapperLocations' was specified but matching resources are not found.
2025-07-18 16:22:30.855   [main] DEBUG i.g.n.aerial.configure.AerialRedisAutoConfigure - The auto configuration for [aerial-redis] initiated
2025-07-18 16:22:30.946   [main] WARN  o.s.b.w.s.c.AnnotationConfigServletWebServerApplicationContext - Exception encountered during context initialization - cancelling refresh attempt: org.springframework.beans.factory.BeanCreationException: Error creating bean with name 'drcUpTopicService': Injection of resource dependencies failed; nested exception is org.springframework.beans.factory.BeanCreationException: Error creating bean with name 'mqttTopicServiceImpl': Injection of resource dependencies failed; nested exception is org.springframework.beans.factory.UnsatisfiedDependencyException: Error creating bean with name 'io.github.nicheengine.aerial.configure.AerialMessageAutoConfigure': Unsatisfied dependency expressed through constructor parameter 1; nested exception is org.springframework.beans.factory.NoSuchBeanDefinitionException: No qualifying bean of type 'org.springframework.integration.mqtt.support.MqttMessageConverter' available: expected at least 1 bean which qualifies as autowire candidate. Dependency annotations: {}
2025-07-18 16:22:30.959   [main] INFO  org.apache.catalina.core.StandardService - Stopping service [Tomcat]
2025-07-18 16:22:30.968   [main] INFO  o.s.b.a.l.ConditionEvaluationReportLoggingListener - 

Error starting ApplicationContext. To display the conditions report re-run your application with 'debug' enabled.
2025-07-18 16:22:30.981   [main] ERROR o.s.b.diagnostics.LoggingFailureAnalysisReporter - 

***************************
APPLICATION FAILED TO START
***************************

Description:

Parameter 1 of constructor in io.github.nicheengine.aerial.configure.AerialMessageAutoConfigure required a bean of type 'org.springframework.integration.mqtt.support.MqttMessageConverter' that could not be found.


Action:

Consider defining a bean of type 'org.springframework.integration.mqtt.support.MqttMessageConverter' in your configuration.

2025-07-18 16:23:43.122   [background-preinit] INFO  org.hibernate.validator.internal.util.Version - HV000001: Hibernate Validator 6.2.5.Final
2025-07-18 16:23:43.139   [main] DEBUG i.g.n.rest.holder.ApplicationContextHolder - The application context holder has be initiated
2025-07-18 16:23:43.140   [main] DEBUG i.g.nichetoolkit.rest.holder.MessageSourceHolder - The message source context holder has be initiated
2025-07-18 16:23:43.144   [main] INFO  i.g.n.aerial.AerialEngineServerApplication - Starting AerialEngineServerApplication using Java 1.8.0_432 on Cyan with PID 12272 (F:\GitHubWorkspaces\NicheEngine\aerial-engine-server\aerial-engine-server\target\classes started by Snow in F:\GitHubWorkspaces\NicheEngine\aerial-engine-server)
2025-07-18 16:23:43.145   [main] DEBUG i.g.n.aerial.AerialEngineServerApplication - Running with Spring Boot v2.7.18, Spring v5.3.39
2025-07-18 16:23:43.145   [main] INFO  i.g.n.aerial.AerialEngineServerApplication - The following 1 profile is active: "dev"
2025-07-18 16:23:43.210   [main] DEBUG i.g.n.rest.holder.BeanDefinitionRegistryHolder - The bean definition registry holder has be initiated
2025-07-18 16:23:43.950   [main] INFO  o.s.d.r.config.RepositoryConfigurationDelegate - Multiple Spring Data modules found, entering strict repository configuration mode
2025-07-18 16:23:43.951   [main] INFO  o.s.d.r.config.RepositoryConfigurationDelegate - Bootstrapping Spring Data Redis repositories in DEFAULT mode.
2025-07-18 16:23:43.965   [main] INFO  o.s.d.r.config.RepositoryConfigurationDelegate - Finished Spring Data repository scanning in 5 ms. Found 0 Redis repository interfaces.
2025-07-18 16:23:44.044   [main] INFO  o.s.d.r.config.RepositoryConfigurationDelegate - Multiple Spring Data modules found, entering strict repository configuration mode
2025-07-18 16:23:44.045   [main] INFO  o.s.d.r.config.RepositoryConfigurationDelegate - Bootstrapping Spring Data Redis repositories in DEFAULT mode.
2025-07-18 16:23:44.185   [main] INFO  o.s.d.r.config.RepositoryConfigurationDelegate - Finished Spring Data repository scanning in 139 ms. Found 0 Redis repository interfaces.
2025-07-18 16:23:44.359   [main] DEBUG i.g.n.rest.holder.ListableBeanFactoryHolder - The listable bean factory holder has be initiated
2025-07-18 16:23:44.653   [main] DEBUG i.g.n.rest.configure.RestI18nAutoConfigure - The auto configuration for [rest-i18n] initiated
2025-07-18 16:23:44.656   [main] DEBUG i.g.n.m.configure.MybatisStarterAutoConfigure - The auto configuration for [mybatis-starter] initiated
2025-07-18 16:23:44.660   [main] DEBUG i.g.n.ossfile.configure.OssfileCoreAutoConfigure - The auto configuration for [ossfile-core] initiated
2025-07-18 16:23:44.662   [main] DEBUG i.g.n.rice.configure.RiceStarterAutoConfigure - The auto configuration for [rice-starter] initiated
2025-07-18 16:23:44.665   [main] DEBUG i.g.n.rest.configure.RestI18nAutoConfigure - The auto configuration for [i18n-message] initiated
2025-07-18 16:23:44.675   [main] DEBUG i.g.nichetoolkit.rest.holder.MessageSourceHolder - The message source context holder has be refreshed
2025-07-18 16:23:44.826   [main] INFO  o.s.boot.web.embedded.tomcat.TomcatWebServer - Tomcat initialized with port(s): 8080 (http)
2025-07-18 16:23:44.831   [main] INFO  org.apache.coyote.http11.Http11NioProtocol - Initializing ProtocolHandler ["http-nio-8080"]
2025-07-18 16:23:44.833   [main] INFO  org.apache.catalina.core.StandardService - Starting service [Tomcat]
2025-07-18 16:23:44.833   [main] INFO  org.apache.catalina.core.StandardEngine - Starting Servlet engine: [Apache Tomcat/9.0.90]
2025-07-18 16:23:44.910   [main] INFO  o.a.c.core.ContainerBase.[Tomcat].[localhost].[/] - Initializing Spring embedded WebApplicationContext
2025-07-18 16:23:44.910   [main] INFO  o.s.b.w.s.c.ServletWebServerApplicationContext - Root WebApplicationContext: initialization completed in 1715 ms
2025-07-18 16:23:44.925   [main] DEBUG i.g.n.rest.configure.RestLogbackAutoConfigure - The auto configuration for [rest-logback] initiated
2025-07-18 16:23:44.931   [main] DEBUG i.g.n.rice.configure.RiceLoginAutoConfigure - The auto configuration for [rice-login] initiated
2025-07-18 16:23:44.959   [main] DEBUG i.g.nichetoolkit.rest.logback.DefaultLogbackFilter - Filter 'logbackFilter' configured for use
2025-07-18 16:23:44.995   [main] DEBUG io.github.nichetoolkit.rice.service.ServiceHolder - The service holder has be initiated
2025-07-18 16:23:45.060   [main] INFO  i.g.nichetoolkit.mybatis.MybatisSqlProviderHolder - [MybatisSqlProviderHolder] > sql providers size: 24
2025-07-18 16:23:45.106   [main] INFO  i.github.nichetoolkit.mybatis.MybatisContextHolder - [MybatisContextHolder] > afterPropertiesSet: {"catalog":null,"schema":null,"updateLogic":false,"useLogic":true,"useOperate":false,"useLazyInit":false,"excludeUnused":true,"sqlScriptShow":true,"mysqlIgnoreInsert":false,"datetimeNow":"now()","databaseType":"postgresql","styleType":"lowerUnderline","excludedType":"EXCLUDED","properties":{},"excludes":null,"ignores":null,"selectIgnores":null,"insertIgnores":null,"updateIgnores":null,"unuseds":["operate"]}
2025-07-18 16:23:45.107   [main] DEBUG io.github.nichetoolkit.rice.service.ServiceHolder - There are 2 service fitter beans has be initiated.
2025-07-18 16:23:45.111   [main] DEBUG i.g.n.aerial.configure.DatasourceAutoConfigure - the auto configuration for [datasource] rest template initiated
2025-07-18 16:23:45.165   [main] WARN  org.mybatis.spring.SqlSessionFactoryBean - Property 'mapperLocations' was specified but matching resources are not found.
2025-07-18 16:23:45.570   [main] DEBUG i.g.n.aerial.configure.AerialRedisAutoConfigure - The auto configuration for [aerial-redis] initiated
2025-07-18 16:23:45.672   [main] WARN  o.s.b.w.s.c.AnnotationConfigServletWebServerApplicationContext - Exception encountered during context initialization - cancelling refresh attempt: org.springframework.beans.factory.BeanCreationException: Error creating bean with name 'drcUpTopicService': Injection of resource dependencies failed; nested exception is org.springframework.beans.factory.BeanCreationException: Error creating bean with name 'mqttTopicServiceImpl': Injection of resource dependencies failed; nested exception is org.springframework.beans.factory.UnsatisfiedDependencyException: Error creating bean with name 'io.github.nicheengine.aerial.configure.AerialMessageAutoConfigure': Unsatisfied dependency expressed through constructor parameter 1; nested exception is org.springframework.beans.factory.NoSuchBeanDefinitionException: No qualifying bean of type 'org.springframework.integration.mqtt.support.MqttMessageConverter' available: expected at least 1 bean which qualifies as autowire candidate. Dependency annotations: {}
2025-07-18 16:23:45.687   [main] INFO  org.apache.catalina.core.StandardService - Stopping service [Tomcat]
2025-07-18 16:23:45.694   [main] INFO  o.s.b.a.l.ConditionEvaluationReportLoggingListener - 

Error starting ApplicationContext. To display the conditions report re-run your application with 'debug' enabled.
2025-07-18 16:23:45.709   [main] ERROR o.s.b.diagnostics.LoggingFailureAnalysisReporter - 

***************************
APPLICATION FAILED TO START
***************************

Description:

Parameter 1 of constructor in io.github.nicheengine.aerial.configure.AerialMessageAutoConfigure required a bean of type 'org.springframework.integration.mqtt.support.MqttMessageConverter' that could not be found.


Action:

Consider defining a bean of type 'org.springframework.integration.mqtt.support.MqttMessageConverter' in your configuration.

2025-07-18 16:26:39.574   [background-preinit] INFO  org.hibernate.validator.internal.util.Version - HV000001: Hibernate Validator 6.2.5.Final
2025-07-18 16:26:39.588   [main] DEBUG i.g.n.rest.holder.ApplicationContextHolder - The application context holder has be initiated
2025-07-18 16:26:39.588   [main] DEBUG i.g.nichetoolkit.rest.holder.MessageSourceHolder - The message source context holder has be initiated
2025-07-18 16:26:39.591   [main] INFO  i.g.n.aerial.AerialEngineServerApplication - Starting AerialEngineServerApplication using Java 1.8.0_432 on Cyan with PID 9572 (F:\GitHubWorkspaces\NicheEngine\aerial-engine-server\aerial-engine-server\target\classes started by Snow in F:\GitHubWorkspaces\NicheEngine\aerial-engine-server)
2025-07-18 16:26:39.591   [main] DEBUG i.g.n.aerial.AerialEngineServerApplication - Running with Spring Boot v2.7.18, Spring v5.3.39
2025-07-18 16:26:39.591   [main] INFO  i.g.n.aerial.AerialEngineServerApplication - The following 1 profile is active: "dev"
2025-07-18 16:26:39.650   [main] DEBUG i.g.n.rest.holder.BeanDefinitionRegistryHolder - The bean definition registry holder has be initiated
2025-07-18 16:26:40.389   [main] INFO  o.s.d.r.config.RepositoryConfigurationDelegate - Multiple Spring Data modules found, entering strict repository configuration mode
2025-07-18 16:26:40.390   [main] INFO  o.s.d.r.config.RepositoryConfigurationDelegate - Bootstrapping Spring Data Redis repositories in DEFAULT mode.
2025-07-18 16:26:40.404   [main] INFO  o.s.d.r.config.RepositoryConfigurationDelegate - Finished Spring Data repository scanning in 4 ms. Found 0 Redis repository interfaces.
2025-07-18 16:26:40.480   [main] INFO  o.s.d.r.config.RepositoryConfigurationDelegate - Multiple Spring Data modules found, entering strict repository configuration mode
2025-07-18 16:26:40.480   [main] INFO  o.s.d.r.config.RepositoryConfigurationDelegate - Bootstrapping Spring Data Redis repositories in DEFAULT mode.
2025-07-18 16:26:40.615   [main] INFO  o.s.d.r.config.RepositoryConfigurationDelegate - Finished Spring Data repository scanning in 133 ms. Found 0 Redis repository interfaces.
2025-07-18 16:26:40.782   [main] DEBUG i.g.n.rest.holder.ListableBeanFactoryHolder - The listable bean factory holder has be initiated
2025-07-18 16:26:41.064   [main] DEBUG i.g.n.rest.configure.RestI18nAutoConfigure - The auto configuration for [rest-i18n] initiated
2025-07-18 16:26:41.065   [main] DEBUG i.g.n.m.configure.MybatisStarterAutoConfigure - The auto configuration for [mybatis-starter] initiated
2025-07-18 16:26:41.069   [main] DEBUG i.g.n.ossfile.configure.OssfileCoreAutoConfigure - The auto configuration for [ossfile-core] initiated
2025-07-18 16:26:41.072   [main] DEBUG i.g.n.rice.configure.RiceStarterAutoConfigure - The auto configuration for [rice-starter] initiated
2025-07-18 16:26:41.074   [main] DEBUG i.g.n.rest.configure.RestI18nAutoConfigure - The auto configuration for [i18n-message] initiated
2025-07-18 16:26:41.082   [main] DEBUG i.g.nichetoolkit.rest.holder.MessageSourceHolder - The message source context holder has be refreshed
2025-07-18 16:26:41.226   [main] INFO  o.s.boot.web.embedded.tomcat.TomcatWebServer - Tomcat initialized with port(s): 8080 (http)
2025-07-18 16:26:41.230   [main] INFO  org.apache.coyote.http11.Http11NioProtocol - Initializing ProtocolHandler ["http-nio-8080"]
2025-07-18 16:26:41.230   [main] INFO  org.apache.catalina.core.StandardService - Starting service [Tomcat]
2025-07-18 16:26:41.230   [main] INFO  org.apache.catalina.core.StandardEngine - Starting Servlet engine: [Apache Tomcat/9.0.90]
2025-07-18 16:26:41.309   [main] INFO  o.a.c.core.ContainerBase.[Tomcat].[localhost].[/] - Initializing Spring embedded WebApplicationContext
2025-07-18 16:26:41.310   [main] INFO  o.s.b.w.s.c.ServletWebServerApplicationContext - Root WebApplicationContext: initialization completed in 1674 ms
2025-07-18 16:26:41.325   [main] DEBUG i.g.n.rest.configure.RestLogbackAutoConfigure - The auto configuration for [rest-logback] initiated
2025-07-18 16:26:41.332   [main] DEBUG i.g.n.rice.configure.RiceLoginAutoConfigure - The auto configuration for [rice-login] initiated
2025-07-18 16:26:41.363   [main] DEBUG i.g.nichetoolkit.rest.logback.DefaultLogbackFilter - Filter 'logbackFilter' configured for use
2025-07-18 16:26:41.401   [main] DEBUG io.github.nichetoolkit.rice.service.ServiceHolder - The service holder has be initiated
2025-07-18 16:26:41.461   [main] INFO  i.g.nichetoolkit.mybatis.MybatisSqlProviderHolder - [MybatisSqlProviderHolder] > sql providers size: 24
2025-07-18 16:26:41.505   [main] INFO  i.github.nichetoolkit.mybatis.MybatisContextHolder - [MybatisContextHolder] > afterPropertiesSet: {"catalog":null,"schema":null,"updateLogic":false,"useLogic":true,"useOperate":false,"useLazyInit":false,"excludeUnused":true,"sqlScriptShow":true,"mysqlIgnoreInsert":false,"datetimeNow":"now()","databaseType":"postgresql","styleType":"lowerUnderline","excludedType":"EXCLUDED","properties":{},"excludes":null,"ignores":null,"selectIgnores":null,"insertIgnores":null,"updateIgnores":null,"unuseds":["operate"]}
2025-07-18 16:26:41.505   [main] DEBUG io.github.nichetoolkit.rice.service.ServiceHolder - There are 2 service fitter beans has be initiated.
2025-07-18 16:26:41.509   [main] DEBUG i.g.n.aerial.configure.DatasourceAutoConfigure - the auto configuration for [datasource] rest template initiated
2025-07-18 16:26:41.560   [main] WARN  org.mybatis.spring.SqlSessionFactoryBean - Property 'mapperLocations' was specified but matching resources are not found.
2025-07-18 16:26:41.945   [main] DEBUG i.g.n.aerial.configure.AerialRedisAutoConfigure - The auto configuration for [aerial-redis] initiated
2025-07-18 16:26:42.033   [main] WARN  o.s.b.w.s.c.AnnotationConfigServletWebServerApplicationContext - Exception encountered during context initialization - cancelling refresh attempt: org.springframework.beans.factory.BeanCreationException: Error creating bean with name 'drcUpTopicService': Injection of resource dependencies failed; nested exception is org.springframework.beans.factory.BeanCreationException: Error creating bean with name 'mqttTopicServiceImpl': Injection of resource dependencies failed; nested exception is org.springframework.beans.factory.UnsatisfiedDependencyException: Error creating bean with name 'io.github.nicheengine.aerial.configure.AerialMessageAutoConfigure': Unsatisfied dependency expressed through constructor parameter 1; nested exception is org.springframework.beans.factory.NoSuchBeanDefinitionException: No qualifying bean of type 'org.springframework.integration.mqtt.support.MqttMessageConverter' available: expected at least 1 bean which qualifies as autowire candidate. Dependency annotations: {}
2025-07-18 16:26:42.047   [main] INFO  org.apache.catalina.core.StandardService - Stopping service [Tomcat]
2025-07-18 16:26:42.054   [main] INFO  o.s.b.a.l.ConditionEvaluationReportLoggingListener - 

Error starting ApplicationContext. To display the conditions report re-run your application with 'debug' enabled.
2025-07-18 16:26:42.067   [main] ERROR o.s.b.diagnostics.LoggingFailureAnalysisReporter - 

***************************
APPLICATION FAILED TO START
***************************

Description:

Parameter 1 of constructor in io.github.nicheengine.aerial.configure.AerialMessageAutoConfigure required a bean of type 'org.springframework.integration.mqtt.support.MqttMessageConverter' that could not be found.


Action:

Consider defining a bean of type 'org.springframework.integration.mqtt.support.MqttMessageConverter' in your configuration.

2025-07-18 16:28:13.178   [background-preinit] INFO  org.hibernate.validator.internal.util.Version - HV000001: Hibernate Validator 6.2.5.Final
2025-07-18 16:28:13.193   [main] DEBUG i.g.n.rest.holder.ApplicationContextHolder - The application context holder has be initiated
2025-07-18 16:28:13.193   [main] DEBUG i.g.nichetoolkit.rest.holder.MessageSourceHolder - The message source context holder has be initiated
2025-07-18 16:28:13.197   [main] INFO  i.g.n.aerial.AerialEngineServerApplication - Starting AerialEngineServerApplication using Java 1.8.0_432 on Cyan with PID 24616 (F:\GitHubWorkspaces\NicheEngine\aerial-engine-server\aerial-engine-server\target\classes started by Snow in F:\GitHubWorkspaces\NicheEngine\aerial-engine-server)
2025-07-18 16:28:13.197   [main] DEBUG i.g.n.aerial.AerialEngineServerApplication - Running with Spring Boot v2.7.18, Spring v5.3.39
2025-07-18 16:28:13.197   [main] INFO  i.g.n.aerial.AerialEngineServerApplication - The following 1 profile is active: "dev"
2025-07-18 16:28:13.254   [main] DEBUG i.g.n.rest.holder.BeanDefinitionRegistryHolder - The bean definition registry holder has be initiated
2025-07-18 16:28:14.007   [main] INFO  o.s.d.r.config.RepositoryConfigurationDelegate - Multiple Spring Data modules found, entering strict repository configuration mode
2025-07-18 16:28:14.007   [main] INFO  o.s.d.r.config.RepositoryConfigurationDelegate - Bootstrapping Spring Data Redis repositories in DEFAULT mode.
2025-07-18 16:28:14.022   [main] INFO  o.s.d.r.config.RepositoryConfigurationDelegate - Finished Spring Data repository scanning in 4 ms. Found 0 Redis repository interfaces.
2025-07-18 16:28:14.098   [main] INFO  o.s.d.r.config.RepositoryConfigurationDelegate - Multiple Spring Data modules found, entering strict repository configuration mode
2025-07-18 16:28:14.098   [main] INFO  o.s.d.r.config.RepositoryConfigurationDelegate - Bootstrapping Spring Data Redis repositories in DEFAULT mode.
2025-07-18 16:28:14.237   [main] INFO  o.s.d.r.config.RepositoryConfigurationDelegate - Finished Spring Data repository scanning in 137 ms. Found 0 Redis repository interfaces.
2025-07-18 16:28:14.401   [main] DEBUG i.g.n.rest.holder.ListableBeanFactoryHolder - The listable bean factory holder has be initiated
2025-07-18 16:28:14.679   [main] DEBUG i.g.n.rest.configure.RestI18nAutoConfigure - The auto configuration for [rest-i18n] initiated
2025-07-18 16:28:14.681   [main] DEBUG i.g.n.m.configure.MybatisStarterAutoConfigure - The auto configuration for [mybatis-starter] initiated
2025-07-18 16:28:14.684   [main] DEBUG i.g.n.ossfile.configure.OssfileCoreAutoConfigure - The auto configuration for [ossfile-core] initiated
2025-07-18 16:28:14.689   [main] DEBUG i.g.n.rice.configure.RiceStarterAutoConfigure - The auto configuration for [rice-starter] initiated
2025-07-18 16:28:14.691   [main] DEBUG i.g.n.rest.configure.RestI18nAutoConfigure - The auto configuration for [i18n-message] initiated
2025-07-18 16:28:14.699   [main] DEBUG i.g.nichetoolkit.rest.holder.MessageSourceHolder - The message source context holder has be refreshed
2025-07-18 16:28:14.840   [main] INFO  o.s.boot.web.embedded.tomcat.TomcatWebServer - Tomcat initialized with port(s): 8080 (http)
2025-07-18 16:28:14.845   [main] INFO  org.apache.coyote.http11.Http11NioProtocol - Initializing ProtocolHandler ["http-nio-8080"]
2025-07-18 16:28:14.846   [main] INFO  org.apache.catalina.core.StandardService - Starting service [Tomcat]
2025-07-18 16:28:14.846   [main] INFO  org.apache.catalina.core.StandardEngine - Starting Servlet engine: [Apache Tomcat/9.0.90]
2025-07-18 16:28:14.917   [main] INFO  o.a.c.core.ContainerBase.[Tomcat].[localhost].[/] - Initializing Spring embedded WebApplicationContext
2025-07-18 16:28:14.917   [main] INFO  o.s.b.w.s.c.ServletWebServerApplicationContext - Root WebApplicationContext: initialization completed in 1677 ms
2025-07-18 16:28:14.932   [main] DEBUG i.g.n.rest.configure.RestLogbackAutoConfigure - The auto configuration for [rest-logback] initiated
2025-07-18 16:28:14.936   [main] DEBUG i.g.n.rice.configure.RiceLoginAutoConfigure - The auto configuration for [rice-login] initiated
2025-07-18 16:28:14.963   [main] DEBUG i.g.nichetoolkit.rest.logback.DefaultLogbackFilter - Filter 'logbackFilter' configured for use
2025-07-18 16:28:15.000   [main] DEBUG io.github.nichetoolkit.rice.service.ServiceHolder - The service holder has be initiated
2025-07-18 16:28:15.062   [main] INFO  i.g.nichetoolkit.mybatis.MybatisSqlProviderHolder - [MybatisSqlProviderHolder] > sql providers size: 24
2025-07-18 16:28:15.105   [main] INFO  i.github.nichetoolkit.mybatis.MybatisContextHolder - [MybatisContextHolder] > afterPropertiesSet: {"catalog":null,"schema":null,"updateLogic":false,"useLogic":true,"useOperate":false,"useLazyInit":false,"excludeUnused":true,"sqlScriptShow":true,"mysqlIgnoreInsert":false,"datetimeNow":"now()","databaseType":"postgresql","styleType":"lowerUnderline","excludedType":"EXCLUDED","properties":{},"excludes":null,"ignores":null,"selectIgnores":null,"insertIgnores":null,"updateIgnores":null,"unuseds":["operate"]}
2025-07-18 16:28:15.105   [main] DEBUG io.github.nichetoolkit.rice.service.ServiceHolder - There are 2 service fitter beans has be initiated.
2025-07-18 16:28:15.109   [main] DEBUG i.g.n.aerial.configure.DatasourceAutoConfigure - the auto configuration for [datasource] rest template initiated
2025-07-18 16:28:15.150   [main] WARN  org.mybatis.spring.SqlSessionFactoryBean - Property 'mapperLocations' was specified but matching resources are not found.
2025-07-18 16:28:15.556   [main] DEBUG i.g.n.aerial.configure.AerialRedisAutoConfigure - The auto configuration for [aerial-redis] initiated
2025-07-18 16:28:15.645   [main] WARN  o.s.b.w.s.c.AnnotationConfigServletWebServerApplicationContext - Exception encountered during context initialization - cancelling refresh attempt: org.springframework.beans.factory.BeanCreationException: Error creating bean with name 'drcUpTopicService': Injection of resource dependencies failed; nested exception is org.springframework.beans.factory.BeanCreationException: Error creating bean with name 'mqttTopicServiceImpl': Injection of resource dependencies failed; nested exception is org.springframework.beans.factory.UnsatisfiedDependencyException: Error creating bean with name 'io.github.nicheengine.aerial.configure.AerialMessageAutoConfigure': Unsatisfied dependency expressed through constructor parameter 1; nested exception is org.springframework.beans.factory.NoSuchBeanDefinitionException: No qualifying bean of type 'org.springframework.integration.mqtt.support.MqttMessageConverter' available: expected at least 1 bean which qualifies as autowire candidate. Dependency annotations: {}
2025-07-18 16:28:15.658   [main] INFO  org.apache.catalina.core.StandardService - Stopping service [Tomcat]
2025-07-18 16:28:15.665   [main] INFO  o.s.b.a.l.ConditionEvaluationReportLoggingListener - 

Error starting ApplicationContext. To display the conditions report re-run your application with 'debug' enabled.
2025-07-18 16:28:15.678   [main] ERROR o.s.b.diagnostics.LoggingFailureAnalysisReporter - 

***************************
APPLICATION FAILED TO START
***************************

Description:

Parameter 1 of constructor in io.github.nicheengine.aerial.configure.AerialMessageAutoConfigure required a bean of type 'org.springframework.integration.mqtt.support.MqttMessageConverter' that could not be found.


Action:

Consider defining a bean of type 'org.springframework.integration.mqtt.support.MqttMessageConverter' in your configuration.

2025-07-18 16:30:42.002   [background-preinit] INFO  org.hibernate.validator.internal.util.Version - HV000001: Hibernate Validator 6.2.5.Final
2025-07-18 16:30:42.027   [main] DEBUG i.g.n.rest.holder.ApplicationContextHolder - The application context holder has be initiated
2025-07-18 16:30:42.028   [main] DEBUG i.g.nichetoolkit.rest.holder.MessageSourceHolder - The message source context holder has be initiated
2025-07-18 16:30:42.031   [main] INFO  i.g.n.aerial.AerialEngineServerApplication - Starting AerialEngineServerApplication using Java 1.8.0_432 on Cyan with PID 22124 (F:\GitHubWorkspaces\NicheEngine\aerial-engine-server\aerial-engine-server\target\classes started by Snow in F:\GitHubWorkspaces\NicheEngine\aerial-engine-server)
2025-07-18 16:30:42.032   [main] DEBUG i.g.n.aerial.AerialEngineServerApplication - Running with Spring Boot v2.7.18, Spring v5.3.39
2025-07-18 16:30:42.032   [main] INFO  i.g.n.aerial.AerialEngineServerApplication - The following 1 profile is active: "dev"
2025-07-18 16:30:42.097   [main] DEBUG i.g.n.rest.holder.BeanDefinitionRegistryHolder - The bean definition registry holder has be initiated
2025-07-18 16:30:42.878   [main] INFO  o.s.d.r.config.RepositoryConfigurationDelegate - Multiple Spring Data modules found, entering strict repository configuration mode
2025-07-18 16:30:42.878   [main] INFO  o.s.d.r.config.RepositoryConfigurationDelegate - Bootstrapping Spring Data Redis repositories in DEFAULT mode.
2025-07-18 16:30:42.893   [main] INFO  o.s.d.r.config.RepositoryConfigurationDelegate - Finished Spring Data repository scanning in 4 ms. Found 0 Redis repository interfaces.
2025-07-18 16:30:42.972   [main] INFO  o.s.d.r.config.RepositoryConfigurationDelegate - Multiple Spring Data modules found, entering strict repository configuration mode
2025-07-18 16:30:42.972   [main] INFO  o.s.d.r.config.RepositoryConfigurationDelegate - Bootstrapping Spring Data Redis repositories in DEFAULT mode.
2025-07-18 16:30:43.117   [main] INFO  o.s.d.r.config.RepositoryConfigurationDelegate - Finished Spring Data repository scanning in 145 ms. Found 0 Redis repository interfaces.
2025-07-18 16:30:43.297   [main] DEBUG i.g.n.rest.holder.ListableBeanFactoryHolder - The listable bean factory holder has be initiated
2025-07-18 16:30:43.583   [main] DEBUG i.g.n.rest.configure.RestI18nAutoConfigure - The auto configuration for [rest-i18n] initiated
2025-07-18 16:30:43.586   [main] DEBUG i.g.n.m.configure.MybatisStarterAutoConfigure - The auto configuration for [mybatis-starter] initiated
2025-07-18 16:30:43.588   [main] DEBUG i.g.n.ossfile.configure.OssfileCoreAutoConfigure - The auto configuration for [ossfile-core] initiated
2025-07-18 16:30:43.592   [main] DEBUG i.g.n.rice.configure.RiceStarterAutoConfigure - The auto configuration for [rice-starter] initiated
2025-07-18 16:30:43.594   [main] DEBUG i.g.n.rest.configure.RestI18nAutoConfigure - The auto configuration for [i18n-message] initiated
2025-07-18 16:30:43.602   [main] DEBUG i.g.nichetoolkit.rest.holder.MessageSourceHolder - The message source context holder has be refreshed
2025-07-18 16:30:43.745   [main] INFO  o.s.boot.web.embedded.tomcat.TomcatWebServer - Tomcat initialized with port(s): 8080 (http)
2025-07-18 16:30:43.750   [main] INFO  org.apache.coyote.http11.Http11NioProtocol - Initializing ProtocolHandler ["http-nio-8080"]
2025-07-18 16:30:43.751   [main] INFO  org.apache.catalina.core.StandardService - Starting service [Tomcat]
2025-07-18 16:30:43.751   [main] INFO  org.apache.catalina.core.StandardEngine - Starting Servlet engine: [Apache Tomcat/9.0.90]
2025-07-18 16:30:43.836   [main] INFO  o.a.c.core.ContainerBase.[Tomcat].[localhost].[/] - Initializing Spring embedded WebApplicationContext
2025-07-18 16:30:43.836   [main] INFO  o.s.b.w.s.c.ServletWebServerApplicationContext - Root WebApplicationContext: initialization completed in 1755 ms
2025-07-18 16:30:43.851   [main] DEBUG i.g.n.rest.configure.RestLogbackAutoConfigure - The auto configuration for [rest-logback] initiated
2025-07-18 16:30:43.858   [main] DEBUG i.g.n.rice.configure.RiceLoginAutoConfigure - The auto configuration for [rice-login] initiated
2025-07-18 16:30:43.886   [main] DEBUG i.g.nichetoolkit.rest.logback.DefaultLogbackFilter - Filter 'logbackFilter' configured for use
2025-07-18 16:30:43.922   [main] DEBUG io.github.nichetoolkit.rice.service.ServiceHolder - The service holder has be initiated
2025-07-18 16:30:43.987   [main] INFO  i.g.nichetoolkit.mybatis.MybatisSqlProviderHolder - [MybatisSqlProviderHolder] > sql providers size: 24
2025-07-18 16:30:44.032   [main] INFO  i.github.nichetoolkit.mybatis.MybatisContextHolder - [MybatisContextHolder] > afterPropertiesSet: {"catalog":null,"schema":null,"updateLogic":false,"useLogic":true,"useOperate":false,"useLazyInit":false,"excludeUnused":true,"sqlScriptShow":true,"mysqlIgnoreInsert":false,"datetimeNow":"now()","databaseType":"postgresql","styleType":"lowerUnderline","excludedType":"EXCLUDED","properties":{},"excludes":null,"ignores":null,"selectIgnores":null,"insertIgnores":null,"updateIgnores":null,"unuseds":["operate"]}
2025-07-18 16:30:44.032   [main] DEBUG io.github.nichetoolkit.rice.service.ServiceHolder - There are 2 service fitter beans has be initiated.
2025-07-18 16:30:44.036   [main] DEBUG i.g.n.aerial.configure.DatasourceAutoConfigure - the auto configuration for [datasource] rest template initiated
2025-07-18 16:30:44.088   [main] WARN  org.mybatis.spring.SqlSessionFactoryBean - Property 'mapperLocations' was specified but matching resources are not found.
2025-07-18 16:30:44.479   [main] DEBUG i.g.n.aerial.configure.AerialRedisAutoConfigure - The auto configuration for [aerial-redis] initiated
2025-07-18 16:30:44.566   [main] WARN  o.s.b.w.s.c.AnnotationConfigServletWebServerApplicationContext - Exception encountered during context initialization - cancelling refresh attempt: org.springframework.beans.factory.BeanCreationException: Error creating bean with name 'drcUpTopicService': Injection of resource dependencies failed; nested exception is org.springframework.beans.factory.BeanCreationException: Error creating bean with name 'mqttTopicServiceImpl': Injection of resource dependencies failed; nested exception is org.springframework.beans.factory.UnsatisfiedDependencyException: Error creating bean with name 'io.github.nicheengine.aerial.configure.AerialMessageAutoConfigure': Unsatisfied dependency expressed through constructor parameter 1; nested exception is org.springframework.beans.factory.NoSuchBeanDefinitionException: No qualifying bean of type 'org.springframework.integration.mqtt.support.MqttMessageConverter' available: expected at least 1 bean which qualifies as autowire candidate. Dependency annotations: {}
2025-07-18 16:30:44.579   [main] INFO  org.apache.catalina.core.StandardService - Stopping service [Tomcat]
2025-07-18 16:30:44.585   [main] INFO  o.s.b.a.l.ConditionEvaluationReportLoggingListener - 

Error starting ApplicationContext. To display the conditions report re-run your application with 'debug' enabled.
2025-07-18 16:30:44.596   [main] ERROR o.s.b.diagnostics.LoggingFailureAnalysisReporter - 

***************************
APPLICATION FAILED TO START
***************************

Description:

Parameter 1 of constructor in io.github.nicheengine.aerial.configure.AerialMessageAutoConfigure required a bean of type 'org.springframework.integration.mqtt.support.MqttMessageConverter' that could not be found.


Action:

Consider defining a bean of type 'org.springframework.integration.mqtt.support.MqttMessageConverter' in your configuration.

2025-07-18 16:33:25.572   [background-preinit] INFO  org.hibernate.validator.internal.util.Version - HV000001: Hibernate Validator 6.2.5.Final
2025-07-18 16:33:25.583   [main] DEBUG i.g.n.rest.holder.ApplicationContextHolder - The application context holder has be initiated
2025-07-18 16:33:25.585   [main] DEBUG i.g.nichetoolkit.rest.holder.MessageSourceHolder - The message source context holder has be initiated
2025-07-18 16:33:25.587   [main] INFO  i.g.n.aerial.AerialEngineServerApplication - Starting AerialEngineServerApplication using Java 1.8.0_432 on Cyan with PID 6944 (F:\GitHubWorkspaces\NicheEngine\aerial-engine-server\aerial-engine-server\target\classes started by Snow in F:\GitHubWorkspaces\NicheEngine\aerial-engine-server)
2025-07-18 16:33:25.588   [main] DEBUG i.g.n.aerial.AerialEngineServerApplication - Running with Spring Boot v2.7.18, Spring v5.3.39
2025-07-18 16:33:25.588   [main] INFO  i.g.n.aerial.AerialEngineServerApplication - The following 1 profile is active: "dev"
2025-07-18 16:33:25.640   [main] DEBUG i.g.n.rest.holder.BeanDefinitionRegistryHolder - The bean definition registry holder has be initiated
2025-07-18 16:33:26.414   [main] INFO  o.s.d.r.config.RepositoryConfigurationDelegate - Multiple Spring Data modules found, entering strict repository configuration mode
2025-07-18 16:33:26.415   [main] INFO  o.s.d.r.config.RepositoryConfigurationDelegate - Bootstrapping Spring Data Redis repositories in DEFAULT mode.
2025-07-18 16:33:26.431   [main] INFO  o.s.d.r.config.RepositoryConfigurationDelegate - Finished Spring Data repository scanning in 4 ms. Found 0 Redis repository interfaces.
2025-07-18 16:33:26.508   [main] INFO  o.s.d.r.config.RepositoryConfigurationDelegate - Multiple Spring Data modules found, entering strict repository configuration mode
2025-07-18 16:33:26.508   [main] INFO  o.s.d.r.config.RepositoryConfigurationDelegate - Bootstrapping Spring Data Redis repositories in DEFAULT mode.
2025-07-18 16:33:26.643   [main] INFO  o.s.d.r.config.RepositoryConfigurationDelegate - Finished Spring Data repository scanning in 134 ms. Found 0 Redis repository interfaces.
2025-07-18 16:33:26.832   [main] DEBUG i.g.n.rest.holder.ListableBeanFactoryHolder - The listable bean factory holder has be initiated
2025-07-18 16:33:27.105   [main] DEBUG i.g.n.rest.configure.RestI18nAutoConfigure - The auto configuration for [rest-i18n] initiated
2025-07-18 16:33:27.108   [main] DEBUG i.g.n.m.configure.MybatisStarterAutoConfigure - The auto configuration for [mybatis-starter] initiated
2025-07-18 16:33:27.110   [main] DEBUG i.g.n.ossfile.configure.OssfileCoreAutoConfigure - The auto configuration for [ossfile-core] initiated
2025-07-18 16:33:27.114   [main] DEBUG i.g.n.rice.configure.RiceStarterAutoConfigure - The auto configuration for [rice-starter] initiated
2025-07-18 16:33:27.117   [main] DEBUG i.g.n.rest.configure.RestI18nAutoConfigure - The auto configuration for [i18n-message] initiated
2025-07-18 16:33:27.125   [main] DEBUG i.g.nichetoolkit.rest.holder.MessageSourceHolder - The message source context holder has be refreshed
2025-07-18 16:33:27.268   [main] INFO  o.s.boot.web.embedded.tomcat.TomcatWebServer - Tomcat initialized with port(s): 8080 (http)
2025-07-18 16:33:27.271   [main] INFO  org.apache.coyote.http11.Http11NioProtocol - Initializing ProtocolHandler ["http-nio-8080"]
2025-07-18 16:33:27.273   [main] INFO  org.apache.catalina.core.StandardService - Starting service [Tomcat]
2025-07-18 16:33:27.273   [main] INFO  org.apache.catalina.core.StandardEngine - Starting Servlet engine: [Apache Tomcat/9.0.90]
2025-07-18 16:33:27.343   [main] INFO  o.a.c.core.ContainerBase.[Tomcat].[localhost].[/] - Initializing Spring embedded WebApplicationContext
2025-07-18 16:33:27.343   [main] INFO  o.s.b.w.s.c.ServletWebServerApplicationContext - Root WebApplicationContext: initialization completed in 1716 ms
2025-07-18 16:33:27.360   [main] DEBUG i.g.n.rest.configure.RestLogbackAutoConfigure - The auto configuration for [rest-logback] initiated
2025-07-18 16:33:27.368   [main] DEBUG i.g.n.rice.configure.RiceLoginAutoConfigure - The auto configuration for [rice-login] initiated
2025-07-18 16:33:27.396   [main] DEBUG i.g.nichetoolkit.rest.logback.DefaultLogbackFilter - Filter 'logbackFilter' configured for use
2025-07-18 16:33:27.435   [main] DEBUG io.github.nichetoolkit.rice.service.ServiceHolder - The service holder has be initiated
2025-07-18 16:33:27.498   [main] INFO  i.g.nichetoolkit.mybatis.MybatisSqlProviderHolder - [MybatisSqlProviderHolder] > sql providers size: 24
2025-07-18 16:33:27.542   [main] INFO  i.github.nichetoolkit.mybatis.MybatisContextHolder - [MybatisContextHolder] > afterPropertiesSet: {"catalog":null,"schema":null,"updateLogic":false,"useLogic":true,"useOperate":false,"useLazyInit":false,"excludeUnused":true,"sqlScriptShow":true,"mysqlIgnoreInsert":false,"datetimeNow":"now()","databaseType":"postgresql","styleType":"lowerUnderline","excludedType":"EXCLUDED","properties":{},"excludes":null,"ignores":null,"selectIgnores":null,"insertIgnores":null,"updateIgnores":null,"unuseds":["operate"]}
2025-07-18 16:33:27.543   [main] DEBUG io.github.nichetoolkit.rice.service.ServiceHolder - There are 2 service fitter beans has be initiated.
2025-07-18 16:33:27.547   [main] DEBUG i.g.n.aerial.configure.DatasourceAutoConfigure - the auto configuration for [datasource] rest template initiated
2025-07-18 16:33:27.602   [main] WARN  org.mybatis.spring.SqlSessionFactoryBean - Property 'mapperLocations' was specified but matching resources are not found.
2025-07-18 16:33:28.014   [main] DEBUG i.g.n.aerial.configure.AerialRedisAutoConfigure - The auto configuration for [aerial-redis] initiated
2025-07-18 16:33:28.110   [main] WARN  o.s.b.w.s.c.AnnotationConfigServletWebServerApplicationContext - Exception encountered during context initialization - cancelling refresh attempt: org.springframework.beans.factory.BeanCreationException: Error creating bean with name 'drcUpTopicService': Injection of resource dependencies failed; nested exception is org.springframework.beans.factory.BeanCreationException: Error creating bean with name 'mqttTopicServiceImpl': Injection of resource dependencies failed; nested exception is org.springframework.beans.factory.UnsatisfiedDependencyException: Error creating bean with name 'io.github.nicheengine.aerial.configure.AerialMessageAutoConfigure': Unsatisfied dependency expressed through constructor parameter 1; nested exception is org.springframework.beans.factory.NoSuchBeanDefinitionException: No qualifying bean of type 'org.springframework.integration.mqtt.support.MqttMessageConverter' available: expected at least 1 bean which qualifies as autowire candidate. Dependency annotations: {}
2025-07-18 16:33:28.122   [main] INFO  org.apache.catalina.core.StandardService - Stopping service [Tomcat]
2025-07-18 16:33:28.129   [main] INFO  o.s.b.a.l.ConditionEvaluationReportLoggingListener - 

Error starting ApplicationContext. To display the conditions report re-run your application with 'debug' enabled.
2025-07-18 16:33:28.144   [main] ERROR o.s.b.diagnostics.LoggingFailureAnalysisReporter - 

***************************
APPLICATION FAILED TO START
***************************

Description:

Parameter 1 of constructor in io.github.nicheengine.aerial.configure.AerialMessageAutoConfigure required a bean of type 'org.springframework.integration.mqtt.support.MqttMessageConverter' that could not be found.


Action:

Consider defining a bean of type 'org.springframework.integration.mqtt.support.MqttMessageConverter' in your configuration.

2025-07-18 17:20:45.021   [background-preinit] INFO  org.hibernate.validator.internal.util.Version - HV000001: Hibernate Validator 6.2.5.Final
2025-07-18 17:20:45.038   [main] DEBUG i.g.n.rest.holder.ApplicationContextHolder - The application context holder has be initiated
2025-07-18 17:20:45.039   [main] DEBUG i.g.nichetoolkit.rest.holder.MessageSourceHolder - The message source context holder has be initiated
2025-07-18 17:20:45.042   [main] INFO  i.g.n.aerial.AerialEngineServerApplication - Starting AerialEngineServerApplication using Java 1.8.0_432 on Cyan with PID 4032 (F:\GitHubWorkspaces\NicheEngine\aerial-engine-server\aerial-engine-server\target\classes started by Snow in F:\GitHubWorkspaces\NicheEngine\aerial-engine-server)
2025-07-18 17:20:45.042   [main] DEBUG i.g.n.aerial.AerialEngineServerApplication - Running with Spring Boot v2.7.18, Spring v5.3.39
2025-07-18 17:20:45.043   [main] INFO  i.g.n.aerial.AerialEngineServerApplication - The following 1 profile is active: "dev"
2025-07-18 17:20:45.095   [main] DEBUG i.g.n.rest.holder.BeanDefinitionRegistryHolder - The bean definition registry holder has be initiated
2025-07-18 17:20:45.938   [main] ERROR org.springframework.boot.SpringApplication - Application run failed
java.lang.IllegalStateException: Unable to read meta-data for class io.github.nicheengine.aerial.configure.AerialMessageAutoConfigure
	at org.springframework.boot.autoconfigure.AutoConfigurationSorter$AutoConfigurationClass.getAnnotationMetadata(AutoConfigurationSorter.java:237)
	at org.springframework.boot.autoconfigure.AutoConfigurationSorter$AutoConfigurationClass.getOrder(AutoConfigurationSorter.java:208)
	at org.springframework.boot.autoconfigure.AutoConfigurationSorter$AutoConfigurationClass.access$000(AutoConfigurationSorter.java:154)
	at org.springframework.boot.autoconfigure.AutoConfigurationSorter.lambda$getInPriorityOrder$0(AutoConfigurationSorter.java:63)
	at java.util.TimSort.countRunAndMakeAscending(TimSort.java:355)
	at java.util.TimSort.sort(TimSort.java:234)
	at java.util.Arrays.sort(Arrays.java:1512)
	at java.util.ArrayList.sort(ArrayList.java:1464)
	at org.springframework.boot.autoconfigure.AutoConfigurationSorter.getInPriorityOrder(AutoConfigurationSorter.java:62)
	at org.springframework.boot.autoconfigure.AutoConfigurationImportSelector$AutoConfigurationGroup.sortAutoConfigurations(AutoConfigurationImportSelector.java:478)
	at org.springframework.boot.autoconfigure.AutoConfigurationImportSelector$AutoConfigurationGroup.selectImports(AutoConfigurationImportSelector.java:463)
	at org.springframework.context.annotation.ConfigurationClassParser$DeferredImportSelectorGrouping.getImports(ConfigurationClassParser.java:885)
	at org.springframework.context.annotation.ConfigurationClassParser$DeferredImportSelectorGroupingHandler.processGroupImports(ConfigurationClassParser.java:812)
	at org.springframework.context.annotation.ConfigurationClassParser$DeferredImportSelectorHandler.process(ConfigurationClassParser.java:783)
	at org.springframework.context.annotation.ConfigurationClassParser.parse(ConfigurationClassParser.java:192)
	at org.springframework.context.annotation.ConfigurationClassPostProcessor.processConfigBeanDefinitions(ConfigurationClassPostProcessor.java:331)
	at org.springframework.context.annotation.ConfigurationClassPostProcessor.postProcessBeanDefinitionRegistry(ConfigurationClassPostProcessor.java:247)
	at org.springframework.context.support.PostProcessorRegistrationDelegate.invokeBeanDefinitionRegistryPostProcessors(PostProcessorRegistrationDelegate.java:311)
	at org.springframework.context.support.PostProcessorRegistrationDelegate.invokeBeanFactoryPostProcessors(PostProcessorRegistrationDelegate.java:112)
	at org.springframework.context.support.AbstractApplicationContext.invokeBeanFactoryPostProcessors(AbstractApplicationContext.java:756)
	at org.springframework.context.support.AbstractApplicationContext.refresh(AbstractApplicationContext.java:573)
	at org.springframework.boot.web.servlet.context.ServletWebServerApplicationContext.refresh(ServletWebServerApplicationContext.java:147)
	at org.springframework.boot.SpringApplication.refresh(SpringApplication.java:732)
	at org.springframework.boot.SpringApplication.refreshContext(SpringApplication.java:409)
	at org.springframework.boot.SpringApplication.run(SpringApplication.java:308)
	at org.springframework.boot.SpringApplication.run(SpringApplication.java:1300)
	at org.springframework.boot.SpringApplication.run(SpringApplication.java:1289)
	at io.github.nicheengine.aerial.AerialEngineServerApplication.main(AerialEngineServerApplication.java:29)
Caused by: java.io.FileNotFoundException: class path resource [io/github/nicheengine/aerial/configure/AerialMessageAutoConfigure.class] cannot be opened because it does not exist
	at org.springframework.core.io.ClassPathResource.getInputStream(ClassPathResource.java:203)
	at org.springframework.core.type.classreading.SimpleMetadataReader.getClassReader(SimpleMetadataReader.java:55)
	at org.springframework.core.type.classreading.SimpleMetadataReader.<init>(SimpleMetadataReader.java:48)
	at org.springframework.core.type.classreading.SimpleMetadataReaderFactory.getMetadataReader(SimpleMetadataReaderFactory.java:103)
	at org.springframework.boot.type.classreading.ConcurrentReferenceCachingMetadataReaderFactory.createMetadataReader(ConcurrentReferenceCachingMetadataReaderFactory.java:86)
	at org.springframework.boot.type.classreading.ConcurrentReferenceCachingMetadataReaderFactory.getMetadataReader(ConcurrentReferenceCachingMetadataReaderFactory.java:73)
	at org.springframework.core.type.classreading.SimpleMetadataReaderFactory.getMetadataReader(SimpleMetadataReaderFactory.java:81)
	at org.springframework.boot.autoconfigure.AutoConfigurationSorter$AutoConfigurationClass.getAnnotationMetadata(AutoConfigurationSorter.java:233)
	... 27 common frames omitted
2025-07-18 17:21:34.254   [background-preinit] INFO  org.hibernate.validator.internal.util.Version - HV000001: Hibernate Validator 6.2.5.Final
2025-07-18 17:21:34.265   [main] DEBUG i.g.n.rest.holder.ApplicationContextHolder - The application context holder has be initiated
2025-07-18 17:21:34.265   [main] DEBUG i.g.nichetoolkit.rest.holder.MessageSourceHolder - The message source context holder has be initiated
2025-07-18 17:21:34.270   [main] INFO  i.g.n.aerial.AerialEngineServerApplication - Starting AerialEngineServerApplication using Java 1.8.0_432 on Cyan with PID 7124 (F:\GitHubWorkspaces\NicheEngine\aerial-engine-server\aerial-engine-server\target\classes started by Snow in F:\GitHubWorkspaces\NicheEngine\aerial-engine-server)
2025-07-18 17:21:34.270   [main] DEBUG i.g.n.aerial.AerialEngineServerApplication - Running with Spring Boot v2.7.18, Spring v5.3.39
2025-07-18 17:21:34.271   [main] INFO  i.g.n.aerial.AerialEngineServerApplication - The following 1 profile is active: "dev"
2025-07-18 17:21:34.327   [main] DEBUG i.g.n.rest.holder.BeanDefinitionRegistryHolder - The bean definition registry holder has be initiated
2025-07-18 17:21:35.171   [main] INFO  o.s.d.r.config.RepositoryConfigurationDelegate - Multiple Spring Data modules found, entering strict repository configuration mode
2025-07-18 17:21:35.171   [main] INFO  o.s.d.r.config.RepositoryConfigurationDelegate - Bootstrapping Spring Data Redis repositories in DEFAULT mode.
2025-07-18 17:21:35.194   [main] INFO  o.s.d.r.config.RepositoryConfigurationDelegate - Finished Spring Data repository scanning in 5 ms. Found 0 Redis repository interfaces.
2025-07-18 17:21:35.291   [main] INFO  o.s.d.r.config.RepositoryConfigurationDelegate - Multiple Spring Data modules found, entering strict repository configuration mode
2025-07-18 17:21:35.291   [main] INFO  o.s.d.r.config.RepositoryConfigurationDelegate - Bootstrapping Spring Data Redis repositories in DEFAULT mode.
2025-07-18 17:21:35.447   [main] INFO  o.s.d.r.config.RepositoryConfigurationDelegate - Finished Spring Data repository scanning in 155 ms. Found 0 Redis repository interfaces.
2025-07-18 17:21:35.653   [main] DEBUG i.g.n.rest.holder.ListableBeanFactoryHolder - The listable bean factory holder has be initiated
2025-07-18 17:21:36.011   [main] DEBUG i.g.n.rest.configure.RestI18nAutoConfigure - The auto configuration for [rest-i18n] initiated
2025-07-18 17:21:36.013   [main] DEBUG i.g.n.m.configure.MybatisStarterAutoConfigure - The auto configuration for [mybatis-starter] initiated
2025-07-18 17:21:36.015   [main] DEBUG i.g.n.ossfile.configure.OssfileCoreAutoConfigure - The auto configuration for [ossfile-core] initiated
2025-07-18 17:21:36.023   [main] DEBUG i.g.n.rice.configure.RiceStarterAutoConfigure - The auto configuration for [rice-starter] initiated
2025-07-18 17:21:36.025   [main] DEBUG i.g.n.rest.configure.RestI18nAutoConfigure - The auto configuration for [i18n-message] initiated
2025-07-18 17:21:36.034   [main] DEBUG i.g.nichetoolkit.rest.holder.MessageSourceHolder - The message source context holder has be refreshed
2025-07-18 17:21:36.203   [main] INFO  o.s.boot.web.embedded.tomcat.TomcatWebServer - Tomcat initialized with port(s): 8080 (http)
2025-07-18 17:21:36.209   [main] INFO  org.apache.coyote.http11.Http11NioProtocol - Initializing ProtocolHandler ["http-nio-8080"]
2025-07-18 17:21:36.210   [main] INFO  org.apache.catalina.core.StandardService - Starting service [Tomcat]
2025-07-18 17:21:36.210   [main] INFO  org.apache.catalina.core.StandardEngine - Starting Servlet engine: [Apache Tomcat/9.0.90]
2025-07-18 17:21:36.356   [main] INFO  o.a.c.core.ContainerBase.[Tomcat].[localhost].[/] - Initializing Spring embedded WebApplicationContext
2025-07-18 17:21:36.356   [main] INFO  o.s.b.w.s.c.ServletWebServerApplicationContext - Root WebApplicationContext: initialization completed in 2043 ms
2025-07-18 17:21:36.370   [main] DEBUG i.g.n.rest.configure.RestLogbackAutoConfigure - The auto configuration for [rest-logback] initiated
2025-07-18 17:21:36.373   [main] DEBUG i.g.n.rice.configure.RiceLoginAutoConfigure - The auto configuration for [rice-login] initiated
2025-07-18 17:21:36.399   [main] DEBUG i.g.nichetoolkit.rest.logback.DefaultLogbackFilter - Filter 'logbackFilter' configured for use
2025-07-18 17:21:36.434   [main] DEBUG io.github.nichetoolkit.rice.service.ServiceHolder - The service holder has be initiated
2025-07-18 17:21:36.502   [main] INFO  i.g.nichetoolkit.mybatis.MybatisSqlProviderHolder - [MybatisSqlProviderHolder] > sql providers size: 24
2025-07-18 17:21:36.556   [main] INFO  i.github.nichetoolkit.mybatis.MybatisContextHolder - [MybatisContextHolder] > afterPropertiesSet: {"catalog":null,"schema":null,"updateLogic":false,"useLogic":true,"useOperate":false,"useLazyInit":false,"excludeUnused":true,"sqlScriptShow":true,"mysqlIgnoreInsert":false,"datetimeNow":"now()","databaseType":"postgresql","styleType":"lowerUnderline","excludedType":"EXCLUDED","properties":{},"excludes":null,"ignores":null,"selectIgnores":null,"insertIgnores":null,"updateIgnores":null,"unuseds":["operate"]}
2025-07-18 17:21:36.556   [main] DEBUG io.github.nichetoolkit.rice.service.ServiceHolder - There are 2 service fitter beans has be initiated.
2025-07-18 17:21:36.561   [main] DEBUG i.g.n.aerial.configure.DatasourceAutoConfigure - the auto configuration for [datasource] rest template initiated
2025-07-18 17:21:36.637   [main] WARN  org.mybatis.spring.SqlSessionFactoryBean - Property 'mapperLocations' was specified but matching resources are not found.
2025-07-18 17:21:37.061   [main] DEBUG i.g.n.aerial.configure.AerialRedisAutoConfigure - The auto configuration for [aerial-redis] initiated
2025-07-18 17:21:37.162   [main] DEBUG i.g.n.aerial.configure.AerialMqttAutoConfigure - The auto configuration for [aerial-mqtt] initiated
2025-07-18 17:21:37.163   [main] WARN  o.s.b.w.s.c.AnnotationConfigServletWebServerApplicationContext - Exception encountered during context initialization - cancelling refresh attempt: org.springframework.beans.factory.BeanCreationException: Error creating bean with name 'drcUpTopicService': Injection of resource dependencies failed; nested exception is org.springframework.beans.factory.BeanCreationException: Error creating bean with name 'mqttTopicServiceImpl': Injection of resource dependencies failed; nested exception is org.springframework.beans.factory.BeanCreationException: Error creating bean with name 'io.github.nicheengine.aerial.configure.AerialMqttAutoConfigure': Injection of resource dependencies failed; nested exception is org.springframework.beans.factory.NoSuchBeanDefinitionException: No bean named 'inbound' available
2025-07-18 17:21:37.179   [main] INFO  org.apache.catalina.core.StandardService - Stopping service [Tomcat]
2025-07-18 17:21:37.185   [main] INFO  o.s.b.a.l.ConditionEvaluationReportLoggingListener - 

Error starting ApplicationContext. To display the conditions report re-run your application with 'debug' enabled.
2025-07-18 17:21:37.197   [main] ERROR o.s.b.diagnostics.LoggingFailureAnalysisReporter - 

***************************
APPLICATION FAILED TO START
***************************

Description:

A component required a bean named 'inbound' that could not be found.


Action:

Consider defining a bean named 'inbound' in your configuration.

2025-07-18 17:23:09.405   [background-preinit] INFO  org.hibernate.validator.internal.util.Version - HV000001: Hibernate Validator 6.2.5.Final
2025-07-18 17:23:09.420   [main] DEBUG i.g.n.rest.holder.ApplicationContextHolder - The application context holder has be initiated
2025-07-18 17:23:09.421   [main] DEBUG i.g.nichetoolkit.rest.holder.MessageSourceHolder - The message source context holder has be initiated
2025-07-18 17:23:09.424   [main] INFO  i.g.n.aerial.AerialEngineServerApplication - Starting AerialEngineServerApplication using Java 1.8.0_432 on Cyan with PID 20604 (F:\GitHubWorkspaces\NicheEngine\aerial-engine-server\aerial-engine-server\target\classes started by Snow in F:\GitHubWorkspaces\NicheEngine\aerial-engine-server)
2025-07-18 17:23:09.424   [main] DEBUG i.g.n.aerial.AerialEngineServerApplication - Running with Spring Boot v2.7.18, Spring v5.3.39
2025-07-18 17:23:09.425   [main] INFO  i.g.n.aerial.AerialEngineServerApplication - The following 1 profile is active: "dev"
2025-07-18 17:23:09.485   [main] DEBUG i.g.n.rest.holder.BeanDefinitionRegistryHolder - The bean definition registry holder has be initiated
2025-07-18 17:23:10.247   [main] INFO  o.s.d.r.config.RepositoryConfigurationDelegate - Multiple Spring Data modules found, entering strict repository configuration mode
2025-07-18 17:23:10.248   [main] INFO  o.s.d.r.config.RepositoryConfigurationDelegate - Bootstrapping Spring Data Redis repositories in DEFAULT mode.
2025-07-18 17:23:10.263   [main] INFO  o.s.d.r.config.RepositoryConfigurationDelegate - Finished Spring Data repository scanning in 4 ms. Found 0 Redis repository interfaces.
2025-07-18 17:23:10.335   [main] INFO  o.s.d.r.config.RepositoryConfigurationDelegate - Multiple Spring Data modules found, entering strict repository configuration mode
2025-07-18 17:23:10.335   [main] INFO  o.s.d.r.config.RepositoryConfigurationDelegate - Bootstrapping Spring Data Redis repositories in DEFAULT mode.
2025-07-18 17:23:10.484   [main] INFO  o.s.d.r.config.RepositoryConfigurationDelegate - Finished Spring Data repository scanning in 147 ms. Found 0 Redis repository interfaces.
2025-07-18 17:23:10.675   [main] DEBUG i.g.n.rest.holder.ListableBeanFactoryHolder - The listable bean factory holder has be initiated
2025-07-18 17:23:10.965   [main] DEBUG i.g.n.rest.configure.RestI18nAutoConfigure - The auto configuration for [rest-i18n] initiated
2025-07-18 17:23:10.967   [main] DEBUG i.g.n.m.configure.MybatisStarterAutoConfigure - The auto configuration for [mybatis-starter] initiated
2025-07-18 17:23:10.970   [main] DEBUG i.g.n.ossfile.configure.OssfileCoreAutoConfigure - The auto configuration for [ossfile-core] initiated
2025-07-18 17:23:10.973   [main] DEBUG i.g.n.rice.configure.RiceStarterAutoConfigure - The auto configuration for [rice-starter] initiated
2025-07-18 17:23:10.975   [main] DEBUG i.g.n.rest.configure.RestI18nAutoConfigure - The auto configuration for [i18n-message] initiated
2025-07-18 17:23:10.985   [main] DEBUG i.g.nichetoolkit.rest.holder.MessageSourceHolder - The message source context holder has be refreshed
2025-07-18 17:23:11.125   [main] INFO  o.s.boot.web.embedded.tomcat.TomcatWebServer - Tomcat initialized with port(s): 8080 (http)
2025-07-18 17:23:11.130   [main] INFO  org.apache.coyote.http11.Http11NioProtocol - Initializing ProtocolHandler ["http-nio-8080"]
2025-07-18 17:23:11.131   [main] INFO  org.apache.catalina.core.StandardService - Starting service [Tomcat]
2025-07-18 17:23:11.131   [main] INFO  org.apache.catalina.core.StandardEngine - Starting Servlet engine: [Apache Tomcat/9.0.90]
2025-07-18 17:23:11.210   [main] INFO  o.a.c.core.ContainerBase.[Tomcat].[localhost].[/] - Initializing Spring embedded WebApplicationContext
2025-07-18 17:23:11.210   [main] INFO  o.s.b.w.s.c.ServletWebServerApplicationContext - Root WebApplicationContext: initialization completed in 1743 ms
2025-07-18 17:23:11.225   [main] DEBUG i.g.n.rest.configure.RestLogbackAutoConfigure - The auto configuration for [rest-logback] initiated
2025-07-18 17:23:11.233   [main] DEBUG i.g.n.rice.configure.RiceLoginAutoConfigure - The auto configuration for [rice-login] initiated
2025-07-18 17:23:11.261   [main] DEBUG i.g.nichetoolkit.rest.logback.DefaultLogbackFilter - Filter 'logbackFilter' configured for use
2025-07-18 17:23:11.296   [main] DEBUG io.github.nichetoolkit.rice.service.ServiceHolder - The service holder has be initiated
2025-07-18 17:23:11.358   [main] INFO  i.g.nichetoolkit.mybatis.MybatisSqlProviderHolder - [MybatisSqlProviderHolder] > sql providers size: 24
2025-07-18 17:23:11.401   [main] INFO  i.github.nichetoolkit.mybatis.MybatisContextHolder - [MybatisContextHolder] > afterPropertiesSet: {"catalog":null,"schema":null,"updateLogic":false,"useLogic":true,"useOperate":false,"useLazyInit":false,"excludeUnused":true,"sqlScriptShow":true,"mysqlIgnoreInsert":false,"datetimeNow":"now()","databaseType":"postgresql","styleType":"lowerUnderline","excludedType":"EXCLUDED","properties":{},"excludes":null,"ignores":null,"selectIgnores":null,"insertIgnores":null,"updateIgnores":null,"unuseds":["operate"]}
2025-07-18 17:23:11.401   [main] DEBUG io.github.nichetoolkit.rice.service.ServiceHolder - There are 2 service fitter beans has be initiated.
2025-07-18 17:23:11.406   [main] DEBUG i.g.n.aerial.configure.DatasourceAutoConfigure - the auto configuration for [datasource] rest template initiated
2025-07-18 17:23:11.467   [main] WARN  org.mybatis.spring.SqlSessionFactoryBean - Property 'mapperLocations' was specified but matching resources are not found.
2025-07-18 17:23:11.851   [main] DEBUG i.g.n.aerial.configure.AerialRedisAutoConfigure - The auto configuration for [aerial-redis] initiated
2025-07-18 17:23:11.940   [main] DEBUG i.g.n.aerial.configure.AerialMqttAutoConfigure - The auto configuration for [aerial-mqtt] initiated
2025-07-18 17:23:11.941   [main] WARN  o.s.b.w.s.c.AnnotationConfigServletWebServerApplicationContext - Exception encountered during context initialization - cancelling refresh attempt: org.springframework.beans.factory.BeanCreationException: Error creating bean with name 'drcUpTopicService': Injection of resource dependencies failed; nested exception is org.springframework.beans.factory.BeanCreationException: Error creating bean with name 'mqttTopicServiceImpl': Injection of resource dependencies failed; nested exception is org.springframework.beans.factory.BeanCreationException: Error creating bean with name 'io.github.nicheengine.aerial.configure.AerialMqttAutoConfigure': Injection of resource dependencies failed; nested exception is org.springframework.beans.factory.NoSuchBeanDefinitionException: No bean named 'inbound' available
2025-07-18 17:23:11.954   [main] INFO  org.apache.catalina.core.StandardService - Stopping service [Tomcat]
2025-07-18 17:23:11.960   [main] INFO  o.s.b.a.l.ConditionEvaluationReportLoggingListener - 

Error starting ApplicationContext. To display the conditions report re-run your application with 'debug' enabled.
2025-07-18 17:23:11.974   [main] ERROR o.s.b.diagnostics.LoggingFailureAnalysisReporter - 

***************************
APPLICATION FAILED TO START
***************************

Description:

A component required a bean named 'inbound' that could not be found.


Action:

Consider defining a bean named 'inbound' in your configuration.

2025-07-18 18:01:03.683   [background-preinit] INFO  org.hibernate.validator.internal.util.Version - HV000001: Hibernate Validator 6.2.5.Final
2025-07-18 18:01:03.701   [main] DEBUG i.g.n.rest.holder.ApplicationContextHolder - The application context holder has be initiated
2025-07-18 18:01:03.702   [main] DEBUG i.g.nichetoolkit.rest.holder.MessageSourceHolder - The message source context holder has be initiated
2025-07-18 18:01:03.707   [main] INFO  i.g.n.aerial.AerialEngineServerApplication - Starting AerialEngineServerApplication using Java 1.8.0_432 on Cyan with PID 10544 (F:\GitHubWorkspaces\NicheEngine\aerial-engine-server\aerial-engine-server\target\classes started by Snow in F:\GitHubWorkspaces\NicheEngine\aerial-engine-server)
2025-07-18 18:01:03.708   [main] DEBUG i.g.n.aerial.AerialEngineServerApplication - Running with Spring Boot v2.7.18, Spring v5.3.39
2025-07-18 18:01:03.709   [main] INFO  i.g.n.aerial.AerialEngineServerApplication - The following 1 profile is active: "dev"
2025-07-18 18:01:03.775   [main] DEBUG i.g.n.rest.holder.BeanDefinitionRegistryHolder - The bean definition registry holder has be initiated
2025-07-18 18:01:04.894   [main] INFO  o.s.d.r.config.RepositoryConfigurationDelegate - Multiple Spring Data modules found, entering strict repository configuration mode
2025-07-18 18:01:04.895   [main] INFO  o.s.d.r.config.RepositoryConfigurationDelegate - Bootstrapping Spring Data Redis repositories in DEFAULT mode.
2025-07-18 18:01:04.915   [main] INFO  o.s.d.r.config.RepositoryConfigurationDelegate - Finished Spring Data repository scanning in 5 ms. Found 0 Redis repository interfaces.
2025-07-18 18:01:05.016   [main] INFO  o.s.d.r.config.RepositoryConfigurationDelegate - Multiple Spring Data modules found, entering strict repository configuration mode
2025-07-18 18:01:05.018   [main] INFO  o.s.d.r.config.RepositoryConfigurationDelegate - Bootstrapping Spring Data Redis repositories in DEFAULT mode.
2025-07-18 18:01:05.185   [main] INFO  o.s.d.r.config.RepositoryConfigurationDelegate - Finished Spring Data repository scanning in 166 ms. Found 0 Redis repository interfaces.
2025-07-18 18:01:05.375   [main] DEBUG i.g.n.rest.holder.ListableBeanFactoryHolder - The listable bean factory holder has be initiated
2025-07-18 18:01:05.666   [main] DEBUG i.g.n.rest.configure.RestI18nAutoConfigure - The auto configuration for [rest-i18n] initiated
2025-07-18 18:01:05.668   [main] DEBUG i.g.n.m.configure.MybatisStarterAutoConfigure - The auto configuration for [mybatis-starter] initiated
2025-07-18 18:01:05.671   [main] DEBUG i.g.n.ossfile.configure.OssfileCoreAutoConfigure - The auto configuration for [ossfile-core] initiated
2025-07-18 18:01:05.675   [main] DEBUG i.g.n.rice.configure.RiceStarterAutoConfigure - The auto configuration for [rice-starter] initiated
2025-07-18 18:01:05.677   [main] DEBUG i.g.n.rest.configure.RestI18nAutoConfigure - The auto configuration for [i18n-message] initiated
2025-07-18 18:01:05.686   [main] DEBUG i.g.nichetoolkit.rest.holder.MessageSourceHolder - The message source context holder has be refreshed
2025-07-18 18:01:05.859   [main] INFO  o.s.boot.web.embedded.tomcat.TomcatWebServer - Tomcat initialized with port(s): 8080 (http)
2025-07-18 18:01:05.865   [main] INFO  org.apache.coyote.http11.Http11NioProtocol - Initializing ProtocolHandler ["http-nio-8080"]
2025-07-18 18:01:05.865   [main] INFO  org.apache.catalina.core.StandardService - Starting service [Tomcat]
2025-07-18 18:01:05.865   [main] INFO  org.apache.catalina.core.StandardEngine - Starting Servlet engine: [Apache Tomcat/9.0.90]
2025-07-18 18:01:05.971   [main] INFO  o.a.c.core.ContainerBase.[Tomcat].[localhost].[/] - Initializing Spring embedded WebApplicationContext
2025-07-18 18:01:05.972   [main] INFO  o.s.b.w.s.c.ServletWebServerApplicationContext - Root WebApplicationContext: initialization completed in 2216 ms
2025-07-18 18:01:05.983   [main] DEBUG i.g.n.rest.configure.RestLogbackAutoConfigure - The auto configuration for [rest-logback] initiated
2025-07-18 18:01:05.990   [main] DEBUG i.g.n.rice.configure.RiceLoginAutoConfigure - The auto configuration for [rice-login] initiated
2025-07-18 18:01:06.015   [main] DEBUG i.g.nichetoolkit.rest.logback.DefaultLogbackFilter - Filter 'logbackFilter' configured for use
2025-07-18 18:01:06.052   [main] DEBUG io.github.nichetoolkit.rice.service.ServiceHolder - The service holder has be initiated
2025-07-18 18:01:06.131   [main] INFO  i.g.nichetoolkit.mybatis.MybatisSqlProviderHolder - [MybatisSqlProviderHolder] > sql providers size: 24
2025-07-18 18:01:06.184   [main] INFO  i.github.nichetoolkit.mybatis.MybatisContextHolder - [MybatisContextHolder] > afterPropertiesSet: {"catalog":null,"schema":null,"updateLogic":false,"useLogic":true,"useOperate":false,"useLazyInit":false,"excludeUnused":true,"sqlScriptShow":true,"mysqlIgnoreInsert":false,"datetimeNow":"now()","databaseType":"postgresql","styleType":"lowerUnderline","excludedType":"EXCLUDED","properties":{},"excludes":null,"ignores":null,"selectIgnores":null,"insertIgnores":null,"updateIgnores":null,"unuseds":["operate"]}
2025-07-18 18:01:06.184   [main] DEBUG io.github.nichetoolkit.rice.service.ServiceHolder - There are 2 service fitter beans has be initiated.
2025-07-18 18:01:06.188   [main] DEBUG i.g.n.aerial.configure.DatasourceAutoConfigure - the auto configuration for [datasource] rest template initiated
2025-07-18 18:01:06.238   [main] WARN  org.mybatis.spring.SqlSessionFactoryBean - Property 'mapperLocations' was specified but matching resources are not found.
2025-07-18 18:01:06.684   [main] DEBUG i.g.n.aerial.configure.AerialRedisAutoConfigure - The auto configuration for [aerial-redis] initiated
2025-07-18 18:01:06.781   [main] DEBUG i.g.n.aerial.configure.AerialMqttAutoConfigure - The auto configuration for [aerial-mqtt] initiated
2025-07-18 18:01:06.781   [main] WARN  o.s.b.w.s.c.AnnotationConfigServletWebServerApplicationContext - Exception encountered during context initialization - cancelling refresh attempt: org.springframework.beans.factory.BeanCreationException: Error creating bean with name 'drcUpTopicService': Injection of resource dependencies failed; nested exception is org.springframework.beans.factory.BeanCreationException: Error creating bean with name 'mqttTopicServiceImpl': Injection of resource dependencies failed; nested exception is org.springframework.beans.factory.BeanCreationException: Error creating bean with name 'io.github.nicheengine.aerial.configure.AerialMqttAutoConfigure': Injection of resource dependencies failed; nested exception is org.springframework.beans.factory.NoSuchBeanDefinitionException: No bean named 'inbound' available
2025-07-18 18:01:06.796   [main] INFO  org.apache.catalina.core.StandardService - Stopping service [Tomcat]
2025-07-18 18:01:06.803   [main] INFO  o.s.b.a.l.ConditionEvaluationReportLoggingListener - 

Error starting ApplicationContext. To display the conditions report re-run your application with 'debug' enabled.
2025-07-18 18:01:06.819   [main] ERROR o.s.b.diagnostics.LoggingFailureAnalysisReporter - 

***************************
APPLICATION FAILED TO START
***************************

Description:

A component required a bean named 'inbound' that could not be found.


Action:

Consider defining a bean named 'inbound' in your configuration.

2025-07-18 18:01:42.230   [background-preinit] INFO  org.hibernate.validator.internal.util.Version - HV000001: Hibernate Validator 6.2.5.Final
2025-07-18 18:01:42.249   [main] DEBUG i.g.n.rest.holder.ApplicationContextHolder - The application context holder has be initiated
2025-07-18 18:01:42.249   [main] DEBUG i.g.nichetoolkit.rest.holder.MessageSourceHolder - The message source context holder has be initiated
2025-07-18 18:01:42.253   [main] INFO  i.g.n.aerial.AerialEngineServerApplication - Starting AerialEngineServerApplication using Java 1.8.0_432 on Cyan with PID 23124 (F:\GitHubWorkspaces\NicheEngine\aerial-engine-server\aerial-engine-server\target\classes started by Snow in F:\GitHubWorkspaces\NicheEngine\aerial-engine-server)
2025-07-18 18:01:42.253   [main] DEBUG i.g.n.aerial.AerialEngineServerApplication - Running with Spring Boot v2.7.18, Spring v5.3.39
2025-07-18 18:01:42.254   [main] INFO  i.g.n.aerial.AerialEngineServerApplication - The following 1 profile is active: "dev"
2025-07-18 18:01:42.305   [main] DEBUG i.g.n.rest.holder.BeanDefinitionRegistryHolder - The bean definition registry holder has be initiated
2025-07-18 18:01:43.082   [main] INFO  o.s.d.r.config.RepositoryConfigurationDelegate - Multiple Spring Data modules found, entering strict repository configuration mode
2025-07-18 18:01:43.082   [main] INFO  o.s.d.r.config.RepositoryConfigurationDelegate - Bootstrapping Spring Data Redis repositories in DEFAULT mode.
2025-07-18 18:01:43.095   [main] INFO  o.s.d.r.config.RepositoryConfigurationDelegate - Finished Spring Data repository scanning in 4 ms. Found 0 Redis repository interfaces.
2025-07-18 18:01:43.169   [main] INFO  o.s.d.r.config.RepositoryConfigurationDelegate - Multiple Spring Data modules found, entering strict repository configuration mode
2025-07-18 18:01:43.169   [main] INFO  o.s.d.r.config.RepositoryConfigurationDelegate - Bootstrapping Spring Data Redis repositories in DEFAULT mode.
2025-07-18 18:01:43.309   [main] INFO  o.s.d.r.config.RepositoryConfigurationDelegate - Finished Spring Data repository scanning in 139 ms. Found 0 Redis repository interfaces.
2025-07-18 18:01:43.488   [main] DEBUG i.g.n.rest.holder.ListableBeanFactoryHolder - The listable bean factory holder has be initiated
2025-07-18 18:01:43.798   [main] DEBUG i.g.n.rest.configure.RestI18nAutoConfigure - The auto configuration for [rest-i18n] initiated
2025-07-18 18:01:43.799   [main] DEBUG i.g.n.m.configure.MybatisStarterAutoConfigure - The auto configuration for [mybatis-starter] initiated
2025-07-18 18:01:43.802   [main] DEBUG i.g.n.ossfile.configure.OssfileCoreAutoConfigure - The auto configuration for [ossfile-core] initiated
2025-07-18 18:01:43.805   [main] DEBUG i.g.n.rice.configure.RiceStarterAutoConfigure - The auto configuration for [rice-starter] initiated
2025-07-18 18:01:43.808   [main] DEBUG i.g.n.rest.configure.RestI18nAutoConfigure - The auto configuration for [i18n-message] initiated
2025-07-18 18:01:43.818   [main] DEBUG i.g.nichetoolkit.rest.holder.MessageSourceHolder - The message source context holder has be refreshed
2025-07-18 18:01:43.966   [main] INFO  o.s.boot.web.embedded.tomcat.TomcatWebServer - Tomcat initialized with port(s): 8080 (http)
2025-07-18 18:01:43.972   [main] INFO  org.apache.coyote.http11.Http11NioProtocol - Initializing ProtocolHandler ["http-nio-8080"]
2025-07-18 18:01:43.973   [main] INFO  org.apache.catalina.core.StandardService - Starting service [Tomcat]
2025-07-18 18:01:43.974   [main] INFO  org.apache.catalina.core.StandardEngine - Starting Servlet engine: [Apache Tomcat/9.0.90]
2025-07-18 18:01:44.057   [main] INFO  o.a.c.core.ContainerBase.[Tomcat].[localhost].[/] - Initializing Spring embedded WebApplicationContext
2025-07-18 18:01:44.057   [main] INFO  o.s.b.w.s.c.ServletWebServerApplicationContext - Root WebApplicationContext: initialization completed in 1763 ms
2025-07-18 18:01:44.075   [main] DEBUG i.g.n.rest.configure.RestLogbackAutoConfigure - The auto configuration for [rest-logback] initiated
2025-07-18 18:01:44.086   [main] DEBUG i.g.n.rice.configure.RiceLoginAutoConfigure - The auto configuration for [rice-login] initiated
2025-07-18 18:01:44.113   [main] DEBUG i.g.nichetoolkit.rest.logback.DefaultLogbackFilter - Filter 'logbackFilter' configured for use
2025-07-18 18:01:44.149   [main] DEBUG io.github.nichetoolkit.rice.service.ServiceHolder - The service holder has be initiated
2025-07-18 18:01:44.213   [main] INFO  i.g.nichetoolkit.mybatis.MybatisSqlProviderHolder - [MybatisSqlProviderHolder] > sql providers size: 24
2025-07-18 18:01:44.261   [main] INFO  i.github.nichetoolkit.mybatis.MybatisContextHolder - [MybatisContextHolder] > afterPropertiesSet: {"catalog":null,"schema":null,"updateLogic":false,"useLogic":true,"useOperate":false,"useLazyInit":false,"excludeUnused":true,"sqlScriptShow":true,"mysqlIgnoreInsert":false,"datetimeNow":"now()","databaseType":"postgresql","styleType":"lowerUnderline","excludedType":"EXCLUDED","properties":{},"excludes":null,"ignores":null,"selectIgnores":null,"insertIgnores":null,"updateIgnores":null,"unuseds":["operate"]}
2025-07-18 18:01:44.261   [main] DEBUG io.github.nichetoolkit.rice.service.ServiceHolder - There are 2 service fitter beans has be initiated.
2025-07-18 18:01:44.266   [main] DEBUG i.g.n.aerial.configure.DatasourceAutoConfigure - the auto configuration for [datasource] rest template initiated
2025-07-18 18:01:44.320   [main] WARN  org.mybatis.spring.SqlSessionFactoryBean - Property 'mapperLocations' was specified but matching resources are not found.
2025-07-18 18:01:44.732   [main] DEBUG i.g.n.aerial.configure.AerialRedisAutoConfigure - The auto configuration for [aerial-redis] initiated
2025-07-18 18:01:44.818   [main] WARN  o.s.b.w.s.c.AnnotationConfigServletWebServerApplicationContext - Exception encountered during context initialization - cancelling refresh attempt: org.springframework.beans.factory.BeanCreationException: Error creating bean with name 'drcUpTopicService': Injection of resource dependencies failed; nested exception is org.springframework.beans.factory.BeanCreationException: Error creating bean with name 'mqttTopicServiceImpl': Injection of resource dependencies failed; nested exception is org.springframework.beans.factory.NoSuchBeanDefinitionException: No qualifying bean of type 'org.springframework.integration.mqtt.inbound.MqttPahoMessageDrivenChannelAdapter' available: expected at least 1 bean which qualifies as autowire candidate. Dependency annotations: {@javax.annotation.Resource(shareable=true, lookup=, name=, description=, authenticationType=CONTAINER, type=class java.lang.Object, mappedName=)}
2025-07-18 18:01:44.832   [main] INFO  org.apache.catalina.core.StandardService - Stopping service [Tomcat]
2025-07-18 18:01:44.839   [main] INFO  o.s.b.a.l.ConditionEvaluationReportLoggingListener - 

Error starting ApplicationContext. To display the conditions report re-run your application with 'debug' enabled.
2025-07-18 18:01:44.852   [main] ERROR o.s.b.diagnostics.LoggingFailureAnalysisReporter - 

***************************
APPLICATION FAILED TO START
***************************

Description:

A component required a bean of type 'org.springframework.integration.mqtt.inbound.MqttPahoMessageDrivenChannelAdapter' that could not be found.


Action:

Consider defining a bean of type 'org.springframework.integration.mqtt.inbound.MqttPahoMessageDrivenChannelAdapter' in your configuration.

2025-07-18 18:02:51.995   [background-preinit] INFO  org.hibernate.validator.internal.util.Version - HV000001: Hibernate Validator 6.2.5.Final
2025-07-18 18:02:52.017   [main] DEBUG i.g.n.rest.holder.ApplicationContextHolder - The application context holder has be initiated
2025-07-18 18:02:52.018   [main] DEBUG i.g.nichetoolkit.rest.holder.MessageSourceHolder - The message source context holder has be initiated
2025-07-18 18:02:52.020   [main] INFO  i.g.n.aerial.AerialEngineServerApplication - Starting AerialEngineServerApplication using Java 1.8.0_432 on Cyan with PID 19552 (F:\GitHubWorkspaces\NicheEngine\aerial-engine-server\aerial-engine-server\target\classes started by Snow in F:\GitHubWorkspaces\NicheEngine\aerial-engine-server)
2025-07-18 18:02:52.022   [main] DEBUG i.g.n.aerial.AerialEngineServerApplication - Running with Spring Boot v2.7.18, Spring v5.3.39
2025-07-18 18:02:52.022   [main] INFO  i.g.n.aerial.AerialEngineServerApplication - The following 1 profile is active: "dev"
2025-07-18 18:02:52.077   [main] DEBUG i.g.n.rest.holder.BeanDefinitionRegistryHolder - The bean definition registry holder has be initiated
2025-07-18 18:02:52.836   [main] INFO  o.s.d.r.config.RepositoryConfigurationDelegate - Multiple Spring Data modules found, entering strict repository configuration mode
2025-07-18 18:02:52.836   [main] INFO  o.s.d.r.config.RepositoryConfigurationDelegate - Bootstrapping Spring Data Redis repositories in DEFAULT mode.
2025-07-18 18:02:52.851   [main] INFO  o.s.d.r.config.RepositoryConfigurationDelegate - Finished Spring Data repository scanning in 4 ms. Found 0 Redis repository interfaces.
2025-07-18 18:02:52.925   [main] INFO  o.s.d.r.config.RepositoryConfigurationDelegate - Multiple Spring Data modules found, entering strict repository configuration mode
2025-07-18 18:02:52.925   [main] INFO  o.s.d.r.config.RepositoryConfigurationDelegate - Bootstrapping Spring Data Redis repositories in DEFAULT mode.
2025-07-18 18:02:53.067   [main] INFO  o.s.d.r.config.RepositoryConfigurationDelegate - Finished Spring Data repository scanning in 141 ms. Found 0 Redis repository interfaces.
2025-07-18 18:02:53.238   [main] DEBUG i.g.n.rest.holder.ListableBeanFactoryHolder - The listable bean factory holder has be initiated
2025-07-18 18:02:53.524   [main] DEBUG i.g.n.rest.configure.RestI18nAutoConfigure - The auto configuration for [rest-i18n] initiated
2025-07-18 18:02:53.525   [main] DEBUG i.g.n.m.configure.MybatisStarterAutoConfigure - The auto configuration for [mybatis-starter] initiated
2025-07-18 18:02:53.529   [main] DEBUG i.g.n.ossfile.configure.OssfileCoreAutoConfigure - The auto configuration for [ossfile-core] initiated
2025-07-18 18:02:53.531   [main] DEBUG i.g.n.rice.configure.RiceStarterAutoConfigure - The auto configuration for [rice-starter] initiated
2025-07-18 18:02:53.534   [main] DEBUG i.g.n.rest.configure.RestI18nAutoConfigure - The auto configuration for [i18n-message] initiated
2025-07-18 18:02:53.543   [main] DEBUG i.g.nichetoolkit.rest.holder.MessageSourceHolder - The message source context holder has be refreshed
2025-07-18 18:02:53.685   [main] INFO  o.s.boot.web.embedded.tomcat.TomcatWebServer - Tomcat initialized with port(s): 8080 (http)
2025-07-18 18:02:53.691   [main] INFO  org.apache.coyote.http11.Http11NioProtocol - Initializing ProtocolHandler ["http-nio-8080"]
2025-07-18 18:02:53.691   [main] INFO  org.apache.catalina.core.StandardService - Starting service [Tomcat]
2025-07-18 18:02:53.691   [main] INFO  org.apache.catalina.core.StandardEngine - Starting Servlet engine: [Apache Tomcat/9.0.90]
2025-07-18 18:02:53.768   [main] INFO  o.a.c.core.ContainerBase.[Tomcat].[localhost].[/] - Initializing Spring embedded WebApplicationContext
2025-07-18 18:02:53.768   [main] INFO  o.s.b.w.s.c.ServletWebServerApplicationContext - Root WebApplicationContext: initialization completed in 1705 ms
2025-07-18 18:02:53.782   [main] DEBUG i.g.n.rest.configure.RestLogbackAutoConfigure - The auto configuration for [rest-logback] initiated
2025-07-18 18:02:53.790   [main] DEBUG i.g.n.rice.configure.RiceLoginAutoConfigure - The auto configuration for [rice-login] initiated
2025-07-18 18:02:53.819   [main] DEBUG i.g.nichetoolkit.rest.logback.DefaultLogbackFilter - Filter 'logbackFilter' configured for use
2025-07-18 18:02:53.858   [main] DEBUG io.github.nichetoolkit.rice.service.ServiceHolder - The service holder has be initiated
2025-07-18 18:02:53.920   [main] INFO  i.g.nichetoolkit.mybatis.MybatisSqlProviderHolder - [MybatisSqlProviderHolder] > sql providers size: 24
2025-07-18 18:02:53.964   [main] INFO  i.github.nichetoolkit.mybatis.MybatisContextHolder - [MybatisContextHolder] > afterPropertiesSet: {"catalog":null,"schema":null,"updateLogic":false,"useLogic":true,"useOperate":false,"useLazyInit":false,"excludeUnused":true,"sqlScriptShow":true,"mysqlIgnoreInsert":false,"datetimeNow":"now()","databaseType":"postgresql","styleType":"lowerUnderline","excludedType":"EXCLUDED","properties":{},"excludes":null,"ignores":null,"selectIgnores":null,"insertIgnores":null,"updateIgnores":null,"unuseds":["operate"]}
2025-07-18 18:02:53.966   [main] DEBUG io.github.nichetoolkit.rice.service.ServiceHolder - There are 2 service fitter beans has be initiated.
2025-07-18 18:02:53.970   [main] DEBUG i.g.n.aerial.configure.DatasourceAutoConfigure - the auto configuration for [datasource] rest template initiated
2025-07-18 18:02:54.026   [main] WARN  org.mybatis.spring.SqlSessionFactoryBean - Property 'mapperLocations' was specified but matching resources are not found.
2025-07-18 18:02:54.412   [main] DEBUG i.g.n.aerial.configure.AerialRedisAutoConfigure - The auto configuration for [aerial-redis] initiated
2025-07-18 18:02:54.498   [main] WARN  o.s.b.w.s.c.AnnotationConfigServletWebServerApplicationContext - Exception encountered during context initialization - cancelling refresh attempt: org.springframework.beans.factory.BeanCreationException: Error creating bean with name 'drcUpTopicService': Injection of resource dependencies failed; nested exception is org.springframework.beans.factory.BeanCreationException: Error creating bean with name 'mqttTopicServiceImpl': Injection of resource dependencies failed; nested exception is org.springframework.beans.factory.NoSuchBeanDefinitionException: No qualifying bean of type 'org.springframework.integration.mqtt.inbound.MqttPahoMessageDrivenChannelAdapter' available: expected at least 1 bean which qualifies as autowire candidate. Dependency annotations: {@javax.annotation.Resource(shareable=true, lookup=, name=, description=, authenticationType=CONTAINER, type=class java.lang.Object, mappedName=)}
2025-07-18 18:02:54.511   [main] INFO  org.apache.catalina.core.StandardService - Stopping service [Tomcat]
2025-07-18 18:02:54.519   [main] INFO  o.s.b.a.l.ConditionEvaluationReportLoggingListener - 

Error starting ApplicationContext. To display the conditions report re-run your application with 'debug' enabled.
2025-07-18 18:02:54.532   [main] ERROR o.s.b.diagnostics.LoggingFailureAnalysisReporter - 

***************************
APPLICATION FAILED TO START
***************************

Description:

A component required a bean of type 'org.springframework.integration.mqtt.inbound.MqttPahoMessageDrivenChannelAdapter' that could not be found.


Action:

Consider defining a bean of type 'org.springframework.integration.mqtt.inbound.MqttPahoMessageDrivenChannelAdapter' in your configuration.

2025-07-18 18:08:11.066   [background-preinit] INFO  org.hibernate.validator.internal.util.Version - HV000001: Hibernate Validator 6.2.5.Final
2025-07-18 18:08:11.074   [main] DEBUG i.g.n.rest.holder.ApplicationContextHolder - The application context holder has be initiated
2025-07-18 18:08:11.074   [main] DEBUG i.g.nichetoolkit.rest.holder.MessageSourceHolder - The message source context holder has be initiated
2025-07-18 18:08:11.078   [main] INFO  i.g.n.aerial.AerialEngineServerApplication - Starting AerialEngineServerApplication using Java 1.8.0_432 on Cyan with PID 24372 (F:\GitHubWorkspaces\NicheEngine\aerial-engine-server\aerial-engine-server\target\classes started by Snow in F:\GitHubWorkspaces\NicheEngine\aerial-engine-server)
2025-07-18 18:08:11.080   [main] DEBUG i.g.n.aerial.AerialEngineServerApplication - Running with Spring Boot v2.7.18, Spring v5.3.39
2025-07-18 18:08:11.081   [main] INFO  i.g.n.aerial.AerialEngineServerApplication - The following 1 profile is active: "dev"
2025-07-18 18:08:11.146   [main] DEBUG i.g.n.rest.holder.BeanDefinitionRegistryHolder - The bean definition registry holder has be initiated
2025-07-18 18:08:11.961   [main] INFO  o.s.d.r.config.RepositoryConfigurationDelegate - Multiple Spring Data modules found, entering strict repository configuration mode
2025-07-18 18:08:11.961   [main] INFO  o.s.d.r.config.RepositoryConfigurationDelegate - Bootstrapping Spring Data Redis repositories in DEFAULT mode.
2025-07-18 18:08:11.977   [main] INFO  o.s.d.r.config.RepositoryConfigurationDelegate - Finished Spring Data repository scanning in 5 ms. Found 0 Redis repository interfaces.
2025-07-18 18:08:12.103   [main] INFO  o.s.d.r.config.RepositoryConfigurationDelegate - Multiple Spring Data modules found, entering strict repository configuration mode
2025-07-18 18:08:12.103   [main] INFO  o.s.d.r.config.RepositoryConfigurationDelegate - Bootstrapping Spring Data Redis repositories in DEFAULT mode.
2025-07-18 18:08:12.257   [main] INFO  o.s.d.r.config.RepositoryConfigurationDelegate - Finished Spring Data repository scanning in 153 ms. Found 0 Redis repository interfaces.
2025-07-18 18:08:12.432   [main] DEBUG i.g.n.rest.holder.ListableBeanFactoryHolder - The listable bean factory holder has be initiated
2025-07-18 18:08:12.712   [main] DEBUG i.g.n.rest.configure.RestI18nAutoConfigure - The auto configuration for [rest-i18n] initiated
2025-07-18 18:08:12.715   [main] DEBUG i.g.n.m.configure.MybatisStarterAutoConfigure - The auto configuration for [mybatis-starter] initiated
2025-07-18 18:08:12.717   [main] DEBUG i.g.n.ossfile.configure.OssfileCoreAutoConfigure - The auto configuration for [ossfile-core] initiated
2025-07-18 18:08:12.721   [main] DEBUG i.g.n.rice.configure.RiceStarterAutoConfigure - The auto configuration for [rice-starter] initiated
2025-07-18 18:08:12.723   [main] DEBUG i.g.n.rest.configure.RestI18nAutoConfigure - The auto configuration for [i18n-message] initiated
2025-07-18 18:08:12.732   [main] DEBUG i.g.nichetoolkit.rest.holder.MessageSourceHolder - The message source context holder has be refreshed
2025-07-18 18:08:12.873   [main] INFO  o.s.boot.web.embedded.tomcat.TomcatWebServer - Tomcat initialized with port(s): 8080 (http)
2025-07-18 18:08:12.879   [main] INFO  org.apache.coyote.http11.Http11NioProtocol - Initializing ProtocolHandler ["http-nio-8080"]
2025-07-18 18:08:12.880   [main] INFO  org.apache.catalina.core.StandardService - Starting service [Tomcat]
2025-07-18 18:08:12.880   [main] INFO  org.apache.catalina.core.StandardEngine - Starting Servlet engine: [Apache Tomcat/9.0.90]
2025-07-18 18:08:12.959   [main] INFO  o.a.c.core.ContainerBase.[Tomcat].[localhost].[/] - Initializing Spring embedded WebApplicationContext
2025-07-18 18:08:12.959   [main] INFO  o.s.b.w.s.c.ServletWebServerApplicationContext - Root WebApplicationContext: initialization completed in 1832 ms
2025-07-18 18:08:12.974   [main] DEBUG i.g.n.rest.configure.RestLogbackAutoConfigure - The auto configuration for [rest-logback] initiated
2025-07-18 18:08:12.981   [main] DEBUG i.g.n.rice.configure.RiceLoginAutoConfigure - The auto configuration for [rice-login] initiated
2025-07-18 18:08:13.009   [main] DEBUG i.g.nichetoolkit.rest.logback.DefaultLogbackFilter - Filter 'logbackFilter' configured for use
2025-07-18 18:08:13.044   [main] DEBUG io.github.nichetoolkit.rice.service.ServiceHolder - The service holder has be initiated
2025-07-18 18:08:13.105   [main] INFO  i.g.nichetoolkit.mybatis.MybatisSqlProviderHolder - [MybatisSqlProviderHolder] > sql providers size: 24
2025-07-18 18:08:13.149   [main] INFO  i.github.nichetoolkit.mybatis.MybatisContextHolder - [MybatisContextHolder] > afterPropertiesSet: {"catalog":null,"schema":null,"updateLogic":false,"useLogic":true,"useOperate":false,"useLazyInit":false,"excludeUnused":true,"sqlScriptShow":true,"mysqlIgnoreInsert":false,"datetimeNow":"now()","databaseType":"postgresql","styleType":"lowerUnderline","excludedType":"EXCLUDED","properties":{},"excludes":null,"ignores":null,"selectIgnores":null,"insertIgnores":null,"updateIgnores":null,"unuseds":["operate"]}
2025-07-18 18:08:13.150   [main] DEBUG io.github.nichetoolkit.rice.service.ServiceHolder - There are 2 service fitter beans has be initiated.
2025-07-18 18:08:13.153   [main] DEBUG i.g.n.aerial.configure.DatasourceAutoConfigure - the auto configuration for [datasource] rest template initiated
2025-07-18 18:08:13.204   [main] WARN  org.mybatis.spring.SqlSessionFactoryBean - Property 'mapperLocations' was specified but matching resources are not found.
2025-07-18 18:08:13.606   [main] DEBUG i.g.n.aerial.configure.AerialRedisAutoConfigure - The auto configuration for [aerial-redis] initiated
2025-07-18 18:08:13.695   [main] DEBUG i.g.n.aerial.configure.AerialThreadPoolConfigure - The auto configuration for [thread-pool] initiated
2025-07-18 18:08:13.703   [main] DEBUG i.g.n.aerial.configure.AerialMqttChannelConfigure - The auto configuration for [mqtt-channel] initiated
2025-07-18 18:08:13.719   [main] DEBUG i.g.n.aerial.configure.AerialMqttAutoConfigure - The auto configuration for [aerial-mqtt] initiated
2025-07-18 18:08:13.747   [main] DEBUG i.github.nicheengine.aerial.router.MqttDrcUpRouter - The mqtt drc-up router for [router@/drc/up] initiated
2025-07-18 18:08:13.749   [main] DEBUG i.g.nicheengine.aerial.router.MqttEventsRouter - The mqtt events router for [router@/events] initiated
2025-07-18 18:08:13.750   [main] DEBUG i.g.nicheengine.aerial.router.MqttMessageRouter - The mqtt message router for [router@/message] initiated
2025-07-18 18:08:13.756   [main] DEBUG io.github.nicheengine.aerial.router.MqttOsdRouter - The mqtt osd router for [router@/osd] initiated
2025-07-18 18:08:13.756   [main] DEBUG i.g.nicheengine.aerial.router.MqttPropertySetReply - The mqtt property set router for [router@/propertySet/reply] initiated
2025-07-18 18:08:13.757   [main] DEBUG i.g.nicheengine.aerial.router.MqttRequestsRouter - The mqtt requests router for [router@/requests] initiated
2025-07-18 18:08:13.757   [main] DEBUG i.g.nicheengine.aerial.router.MqttServicesReply - The mqtt services-reply router for [router@/services/reply] initiated
2025-07-18 18:08:13.759   [main] DEBUG i.github.nicheengine.aerial.router.MqttStateRouter - The mqtt state router for [router@/state] initiated
2025-07-18 18:08:13.761   [main] DEBUG i.g.nicheengine.aerial.router.MqttStatusRouter - The mqtt status router for [router@/status] initiated
2025-07-18 18:08:13.761   [main] DEBUG i.g.n.aerial.configure.AerialStarterAutoConfigure - The auto configuration for [aerial-starter] initiated
2025-07-18 18:08:13.762   [main] DEBUG i.g.n.aerial.configure.AerialWebSocketConfigure - The auto configuration for [web-socket] initiated
2025-07-18 18:08:13.762   [main] DEBUG i.g.n.aerial.configure.AerialDjisdkAutoConfigure - The auto configuration for [aerial-djisdk] initiated
2025-07-18 18:08:13.763   [main] DEBUG i.g.n.a.configure.AerialWebSocketAutoConfigure - The auto configuration for [aerial-webSocket] initiated
2025-07-18 18:08:13.779   [main] DEBUG i.g.n.ossfile.configure.OssfileMinioAutoConfigure - The auto configuration for [ossfile-minio] initiated
2025-07-18 18:08:13.985   [main] DEBUG i.g.n.rice.configure.RiceServiceAutoConfigure - The auto configuration for [rice-service] initiated
2025-07-18 18:08:14.035   [main] DEBUG i.g.n.rice.configure.RiceSerializeAutoConfigure - The auto configuration for [rice-serialize] initiated
2025-07-18 18:08:14.400   [main] DEBUG i.g.n.aerial.configure.AerialServerAutoConfigure - The auto configuration for [aerial-server] initiated
2025-07-18 18:08:14.401   [main] DEBUG i.g.n.rest.configure.RestCoreAutoConfigure - The auto configuration for [rest-core] initiated
2025-07-18 18:08:14.401   [main] DEBUG i.g.nichetoolkit.rest.holder.ObjectMapperHolder - The object mapper holder has be initiated
2025-07-18 18:08:14.418   [main] DEBUG i.g.n.rest.configure.RestWorkerAutoConfigure - The auto configuration for [rest-worker] initiated
2025-07-18 18:08:14.425   [main] DEBUG io.github.nichetoolkit.rest.worker.jwt.JwtWorker - The jwt        properties: {"enabled":true,"algorithm":"HS256","secret":"ICBwpv3gDQLfdrtTuek5wtQ","kid":"","issuer":"io.github.nicheengine","audiences":[],"expireTime":0,"expireUnit":"MILLIS","issuedDelayTime":0,"issuedDelayUnit":"MILLIS","notBeforeEnabled":false}
2025-07-18 18:08:14.428   [main] DEBUG io.github.nichetoolkit.rest.worker.sha.ShaWorker - The sha        properties: {"enabled":true,"secret":"ZbqWif8ZSnjWQS5iznqXcUoKEjAV4sqJVLtV2XoeUDkGe3vPe8mAL3PhdulCRaPQxI46V86kzmf97UeigGk","algorithm":3}
2025-07-18 18:08:14.429   [main] DEBUG i.g.n.rest.configure.RestUtilsAutoConfigure - The auto configuration for [rest-utils] initiated
2025-07-18 18:08:14.431   [main] DEBUG i.g.n.mybatis.configure.RiceMybatisAutoConfigure - The auto configuration for [rice-mybatis] initiated
2025-07-18 18:08:14.431   [main] DEBUG i.g.n.rice.configure.RiceContextAutoConfigure - The auto configuration for [rice-context] initiated
2025-07-18 18:08:14.431   [main] DEBUG i.g.n.mybatis.configure.MybatisCoreAutoConfigure - The auto configuration for [mybatis-core] initiated
2025-07-18 18:08:14.431   [main] DEBUG i.g.n.m.configure.MybatisContextAutoConfigure - The auto configuration for [mybatis-context] initiated
2025-07-18 18:08:14.432   [main] DEBUG i.g.n.mybatis.configure.MybatisMapperAutoConfigure - The auto configuration for [mybatis-mapper] initiated
2025-07-18 18:08:14.450   [main] DEBUG i.g.n.rest.configure.RestHttpAutoConfigure - The auto configuration for [rest-http] initiated
2025-07-18 18:08:14.451   [main] DEBUG i.g.n.rest.configure.RestHttpAutoConfigure - the auto configuration for [okHttp3] rest template initiated!
2025-07-18 18:08:14.706   [main] DEBUG i.g.n.rest.configure.RestHttpAutoConfigure - The http       properties: {"enabled":true,"connectTimeout":2000,"readTimeout":30000,"requestTimeout":200,"maxCoreSize":5,"maxIdleSize":10,"httpType":"okHttp3","charset":"UTF-8","encodingMode":"NONE","retryTimes":0,"keepAliveTime":600000,"proxy":{"type":"socks","hostname":""}}
2025-07-18 18:08:14.718   [main] DEBUG i.g.n.rest.configure.RestIdentityAutoConfigure - The auto configuration for [rest-identity] initiated
2025-07-18 18:08:14.722   [main] DEBUG i.g.nichetoolkit.rest.identity.IdentityFactory - The identity   properties: {"enabled":true,"type":"CONFIG","config":{"workerId":1,"centerId":2,"sequence":1},"server":{"sequence":1}}
2025-07-18 18:08:14.731   [main] DEBUG i.g.n.rest.configure.RestStarterAutoConfigure - The auto configuration for [rest-starter] initiated
2025-07-18 18:08:14.732   [main] DEBUG i.g.n.rice.configure.RiceResolverAutoConfigure - The auto configuration for [rice-resolver] initiated
2025-07-18 18:08:15.420   [main] INFO  org.apache.coyote.http11.Http11NioProtocol - Starting ProtocolHandler ["http-nio-8080"]
2025-07-18 18:08:15.435   [main] INFO  o.s.boot.web.embedded.tomcat.TomcatWebServer - Tomcat started on port(s): 8080 (http) with context path ''
2025-07-18 18:08:15.435   [main] INFO  o.s.m.simp.broker.SimpleBrokerMessageHandler - Starting...
2025-07-18 18:08:15.436   [main] INFO  o.s.m.simp.broker.SimpleBrokerMessageHandler - BrokerAvailabilityEvent[available=true, SimpleBrokerMessageHandler [org.springframework.messaging.simp.broker.DefaultSubscriptionRegistry@103e7c7c]]
2025-07-18 18:08:15.436   [main] INFO  o.s.m.simp.broker.SimpleBrokerMessageHandler - Started.
2025-07-18 18:08:15.454   [main] INFO  i.g.n.aerial.AerialEngineServerApplication - Started AerialEngineServerApplication in 4.747 seconds (JVM running for 5.441)
2025-07-18 18:09:14.913   [MessageBroker-1] INFO  o.s.web.socket.config.WebSocketMessageBrokerStats - WebSocketSession[0 current WS(0)-HttpStream(0)-HttpPoll(0), 0 total, 0 closed abnormally (0 connect failure, 0 send limit, 0 transport error)], stompSubProtocol[processed CONNECT(0)-CONNECTED(0)-DISCONNECT(0)], stompBrokerRelay[null], inboundChannel[pool size = 0, active threads = 0, queued tasks = 0, completed tasks = 0], outboundChannel[pool size = 0, active threads = 0, queued tasks = 0, completed tasks = 0], sockJsScheduler[pool size = 1, active threads = 1, queued tasks = 0, completed tasks = 0]
2025-07-18 18:10:26.894   [SpringApplicationShutdownHook] INFO  o.s.m.simp.broker.SimpleBrokerMessageHandler - Stopping...
2025-07-18 18:10:26.895   [SpringApplicationShutdownHook] INFO  o.s.m.simp.broker.SimpleBrokerMessageHandler - BrokerAvailabilityEvent[available=false, SimpleBrokerMessageHandler [org.springframework.messaging.simp.broker.DefaultSubscriptionRegistry@103e7c7c]]
2025-07-18 18:10:26.895   [SpringApplicationShutdownHook] INFO  o.s.m.simp.broker.SimpleBrokerMessageHandler - Stopped.
2025-07-18 18:10:32.978   [background-preinit] INFO  org.hibernate.validator.internal.util.Version - HV000001: Hibernate Validator 6.2.5.Final
2025-07-18 18:10:32.991   [main] DEBUG i.g.n.rest.holder.ApplicationContextHolder - The application context holder has be initiated
2025-07-18 18:10:32.992   [main] DEBUG i.g.nichetoolkit.rest.holder.MessageSourceHolder - The message source context holder has be initiated
2025-07-18 18:10:32.995   [main] INFO  i.g.n.aerial.AerialEngineServerApplication - Starting AerialEngineServerApplication using Java 1.8.0_432 on Cyan with PID 22748 (F:\GitHubWorkspaces\NicheEngine\aerial-engine-server\aerial-engine-server\target\classes started by Snow in F:\GitHubWorkspaces\NicheEngine\aerial-engine-server)
2025-07-18 18:10:32.995   [main] DEBUG i.g.n.aerial.AerialEngineServerApplication - Running with Spring Boot v2.7.18, Spring v5.3.39
2025-07-18 18:10:32.996   [main] INFO  i.g.n.aerial.AerialEngineServerApplication - The following 1 profile is active: "dev"
2025-07-18 18:10:33.050   [main] DEBUG i.g.n.rest.holder.BeanDefinitionRegistryHolder - The bean definition registry holder has be initiated
2025-07-18 18:10:33.802   [main] INFO  o.s.d.r.config.RepositoryConfigurationDelegate - Multiple Spring Data modules found, entering strict repository configuration mode
2025-07-18 18:10:33.802   [main] INFO  o.s.d.r.config.RepositoryConfigurationDelegate - Bootstrapping Spring Data Redis repositories in DEFAULT mode.
2025-07-18 18:10:33.818   [main] INFO  o.s.d.r.config.RepositoryConfigurationDelegate - Finished Spring Data repository scanning in 4 ms. Found 0 Redis repository interfaces.
2025-07-18 18:10:33.925   [main] INFO  o.s.d.r.config.RepositoryConfigurationDelegate - Multiple Spring Data modules found, entering strict repository configuration mode
2025-07-18 18:10:33.926   [main] INFO  o.s.d.r.config.RepositoryConfigurationDelegate - Bootstrapping Spring Data Redis repositories in DEFAULT mode.
2025-07-18 18:10:34.080   [main] INFO  o.s.d.r.config.RepositoryConfigurationDelegate - Finished Spring Data repository scanning in 153 ms. Found 0 Redis repository interfaces.
2025-07-18 18:10:34.241   [main] DEBUG i.g.n.rest.holder.ListableBeanFactoryHolder - The listable bean factory holder has be initiated
2025-07-18 18:10:34.529   [main] DEBUG i.g.n.rest.configure.RestI18nAutoConfigure - The auto configuration for [rest-i18n] initiated
2025-07-18 18:10:34.532   [main] DEBUG i.g.n.m.configure.MybatisStarterAutoConfigure - The auto configuration for [mybatis-starter] initiated
2025-07-18 18:10:34.535   [main] DEBUG i.g.n.ossfile.configure.OssfileCoreAutoConfigure - The auto configuration for [ossfile-core] initiated
2025-07-18 18:10:34.537   [main] DEBUG i.g.n.rice.configure.RiceStarterAutoConfigure - The auto configuration for [rice-starter] initiated
2025-07-18 18:10:34.539   [main] DEBUG i.g.n.rest.configure.RestI18nAutoConfigure - The auto configuration for [i18n-message] initiated
2025-07-18 18:10:34.548   [main] DEBUG i.g.nichetoolkit.rest.holder.MessageSourceHolder - The message source context holder has be refreshed
2025-07-18 18:10:34.689   [main] INFO  o.s.boot.web.embedded.tomcat.TomcatWebServer - Tomcat initialized with port(s): 8080 (http)
2025-07-18 18:10:34.694   [main] INFO  org.apache.coyote.http11.Http11NioProtocol - Initializing ProtocolHandler ["http-nio-8080"]
2025-07-18 18:10:34.695   [main] INFO  org.apache.catalina.core.StandardService - Starting service [Tomcat]
2025-07-18 18:10:34.695   [main] INFO  org.apache.catalina.core.StandardEngine - Starting Servlet engine: [Apache Tomcat/9.0.90]
2025-07-18 18:10:34.767   [main] INFO  o.a.c.core.ContainerBase.[Tomcat].[localhost].[/] - Initializing Spring embedded WebApplicationContext
2025-07-18 18:10:34.768   [main] INFO  o.s.b.w.s.c.ServletWebServerApplicationContext - Root WebApplicationContext: initialization completed in 1734 ms
2025-07-18 18:10:34.783   [main] DEBUG i.g.n.rest.configure.RestLogbackAutoConfigure - The auto configuration for [rest-logback] initiated
2025-07-18 18:10:34.790   [main] DEBUG i.g.n.rice.configure.RiceLoginAutoConfigure - The auto configuration for [rice-login] initiated
2025-07-18 18:10:34.821   [main] DEBUG i.g.nichetoolkit.rest.logback.DefaultLogbackFilter - Filter 'logbackFilter' configured for use
2025-07-18 18:10:34.863   [main] DEBUG io.github.nichetoolkit.rice.service.ServiceHolder - The service holder has be initiated
2025-07-18 18:10:34.923   [main] INFO  i.g.nichetoolkit.mybatis.MybatisSqlProviderHolder - [MybatisSqlProviderHolder] > sql providers size: 24
2025-07-18 18:10:34.968   [main] INFO  i.github.nichetoolkit.mybatis.MybatisContextHolder - [MybatisContextHolder] > afterPropertiesSet: {"catalog":null,"schema":null,"updateLogic":false,"useLogic":true,"useOperate":false,"useLazyInit":false,"excludeUnused":true,"sqlScriptShow":true,"mysqlIgnoreInsert":false,"datetimeNow":"now()","databaseType":"postgresql","styleType":"lowerUnderline","excludedType":"EXCLUDED","properties":{},"excludes":null,"ignores":null,"selectIgnores":null,"insertIgnores":null,"updateIgnores":null,"unuseds":["operate"]}
2025-07-18 18:10:34.968   [main] DEBUG io.github.nichetoolkit.rice.service.ServiceHolder - There are 2 service fitter beans has be initiated.
2025-07-18 18:10:34.973   [main] DEBUG i.g.n.aerial.configure.DatasourceAutoConfigure - the auto configuration for [datasource] rest template initiated
2025-07-18 18:10:35.023   [main] WARN  org.mybatis.spring.SqlSessionFactoryBean - Property 'mapperLocations' was specified but matching resources are not found.
2025-07-18 18:10:35.427   [main] DEBUG i.g.n.aerial.configure.AerialRedisAutoConfigure - The auto configuration for [aerial-redis] initiated
2025-07-18 18:10:35.524   [main] DEBUG i.g.n.aerial.configure.AerialMqttAutoConfigure - The auto configuration for [aerial-mqtt] initiated
2025-07-18 18:10:35.529   [main] DEBUG i.g.n.aerial.configure.AerialThreadPoolConfigure - The auto configuration for [thread-pool] initiated
2025-07-18 18:10:35.532   [main] DEBUG i.g.n.aerial.configure.AerialMqttChannelConfigure - The auto configuration for [mqtt-channel] initiated
2025-07-18 18:10:35.569   [main] DEBUG i.github.nicheengine.aerial.router.MqttDrcUpRouter - The mqtt drc-up router for [router@/drc/up] initiated
2025-07-18 18:10:35.571   [main] DEBUG i.g.nicheengine.aerial.router.MqttEventsRouter - The mqtt events router for [router@/events] initiated
2025-07-18 18:10:35.573   [main] DEBUG i.g.nicheengine.aerial.router.MqttMessageRouter - The mqtt message router for [router@/message] initiated
2025-07-18 18:10:35.578   [main] DEBUG io.github.nicheengine.aerial.router.MqttOsdRouter - The mqtt osd router for [router@/osd] initiated
2025-07-18 18:10:35.579   [main] DEBUG i.g.nicheengine.aerial.router.MqttPropertySetReply - The mqtt property set router for [router@/propertySet/reply] initiated
2025-07-18 18:10:35.579   [main] DEBUG i.g.nicheengine.aerial.router.MqttRequestsRouter - The mqtt requests router for [router@/requests] initiated
2025-07-18 18:10:35.580   [main] DEBUG i.g.nicheengine.aerial.router.MqttServicesReply - The mqtt services-reply router for [router@/services/reply] initiated
2025-07-18 18:10:35.582   [main] DEBUG i.github.nicheengine.aerial.router.MqttStateRouter - The mqtt state router for [router@/state] initiated
2025-07-18 18:10:35.583   [main] DEBUG i.g.nicheengine.aerial.router.MqttStatusRouter - The mqtt status router for [router@/status] initiated
2025-07-18 18:10:35.584   [main] DEBUG i.g.n.aerial.configure.AerialStarterAutoConfigure - The auto configuration for [aerial-starter] initiated
2025-07-18 18:10:35.585   [main] DEBUG i.g.n.aerial.configure.AerialWebSocketConfigure - The auto configuration for [web-socket] initiated
2025-07-18 18:10:35.585   [main] DEBUG i.g.n.aerial.configure.AerialDjisdkAutoConfigure - The auto configuration for [aerial-djisdk] initiated
2025-07-18 18:10:35.585   [main] DEBUG i.g.n.a.configure.AerialWebSocketAutoConfigure - The auto configuration for [aerial-webSocket] initiated
2025-07-18 18:10:35.598   [main] DEBUG i.g.n.ossfile.configure.OssfileMinioAutoConfigure - The auto configuration for [ossfile-minio] initiated
2025-07-18 18:10:35.793   [main] DEBUG i.g.n.rice.configure.RiceServiceAutoConfigure - The auto configuration for [rice-service] initiated
2025-07-18 18:10:35.844   [main] DEBUG i.g.n.rice.configure.RiceSerializeAutoConfigure - The auto configuration for [rice-serialize] initiated
2025-07-18 18:10:36.169   [main] DEBUG i.g.n.aerial.configure.AerialServerAutoConfigure - The auto configuration for [aerial-server] initiated
2025-07-18 18:10:36.169   [main] DEBUG i.g.n.rest.configure.RestCoreAutoConfigure - The auto configuration for [rest-core] initiated
2025-07-18 18:10:36.170   [main] DEBUG i.g.nichetoolkit.rest.holder.ObjectMapperHolder - The object mapper holder has be initiated
2025-07-18 18:10:36.182   [main] DEBUG i.g.n.rest.configure.RestWorkerAutoConfigure - The auto configuration for [rest-worker] initiated
2025-07-18 18:10:36.189   [main] DEBUG io.github.nichetoolkit.rest.worker.jwt.JwtWorker - The jwt        properties: {"enabled":true,"algorithm":"HS256","secret":"ICBwpv3gDQLfdrtTuek5wtQ","kid":"","issuer":"io.github.nicheengine","audiences":[],"expireTime":0,"expireUnit":"MILLIS","issuedDelayTime":0,"issuedDelayUnit":"MILLIS","notBeforeEnabled":false}
2025-07-18 18:10:36.191   [main] DEBUG io.github.nichetoolkit.rest.worker.sha.ShaWorker - The sha        properties: {"enabled":true,"secret":"ZbqWif8ZSnjWQS5iznqXcUoKEjAV4sqJVLtV2XoeUDkGe3vPe8mAL3PhdulCRaPQxI46V86kzmf97UeigGk","algorithm":3}
2025-07-18 18:10:36.192   [main] DEBUG i.g.n.rest.configure.RestUtilsAutoConfigure - The auto configuration for [rest-utils] initiated
2025-07-18 18:10:36.194   [main] DEBUG i.g.n.mybatis.configure.RiceMybatisAutoConfigure - The auto configuration for [rice-mybatis] initiated
2025-07-18 18:10:36.194   [main] DEBUG i.g.n.rice.configure.RiceContextAutoConfigure - The auto configuration for [rice-context] initiated
2025-07-18 18:10:36.195   [main] DEBUG i.g.n.mybatis.configure.MybatisCoreAutoConfigure - The auto configuration for [mybatis-core] initiated
2025-07-18 18:10:36.195   [main] DEBUG i.g.n.m.configure.MybatisContextAutoConfigure - The auto configuration for [mybatis-context] initiated
2025-07-18 18:10:36.195   [main] DEBUG i.g.n.mybatis.configure.MybatisMapperAutoConfigure - The auto configuration for [mybatis-mapper] initiated
2025-07-18 18:10:36.208   [main] DEBUG i.g.n.rest.configure.RestHttpAutoConfigure - The auto configuration for [rest-http] initiated
2025-07-18 18:10:36.209   [main] DEBUG i.g.n.rest.configure.RestHttpAutoConfigure - the auto configuration for [okHttp3] rest template initiated!
2025-07-18 18:10:36.329   [main] DEBUG i.g.n.rest.configure.RestHttpAutoConfigure - The http       properties: {"enabled":true,"connectTimeout":2000,"readTimeout":30000,"requestTimeout":200,"maxCoreSize":5,"maxIdleSize":10,"httpType":"okHttp3","charset":"UTF-8","encodingMode":"NONE","retryTimes":0,"keepAliveTime":600000,"proxy":{"type":"socks","hostname":""}}
2025-07-18 18:10:36.341   [main] DEBUG i.g.n.rest.configure.RestIdentityAutoConfigure - The auto configuration for [rest-identity] initiated
2025-07-18 18:10:36.344   [main] DEBUG i.g.nichetoolkit.rest.identity.IdentityFactory - The identity   properties: {"enabled":true,"type":"CONFIG","config":{"workerId":1,"centerId":2,"sequence":1},"server":{"sequence":1}}
2025-07-18 18:10:36.351   [main] DEBUG i.g.n.rest.configure.RestStarterAutoConfigure - The auto configuration for [rest-starter] initiated
2025-07-18 18:10:36.352   [main] DEBUG i.g.n.rice.configure.RiceResolverAutoConfigure - The auto configuration for [rice-resolver] initiated
2025-07-18 18:10:37.006   [main] INFO  org.apache.coyote.http11.Http11NioProtocol - Starting ProtocolHandler ["http-nio-8080"]
2025-07-18 18:10:37.161   [main] INFO  o.s.boot.web.embedded.tomcat.TomcatWebServer - Tomcat started on port(s): 8080 (http) with context path ''
2025-07-18 18:10:37.162   [main] INFO  o.s.m.simp.broker.SimpleBrokerMessageHandler - Starting...
2025-07-18 18:10:37.163   [main] INFO  o.s.m.simp.broker.SimpleBrokerMessageHandler - BrokerAvailabilityEvent[available=true, SimpleBrokerMessageHandler [org.springframework.messaging.simp.broker.DefaultSubscriptionRegistry@37364634]]
2025-07-18 18:10:37.163   [main] INFO  o.s.m.simp.broker.SimpleBrokerMessageHandler - Started.
2025-07-18 18:10:37.174   [main] INFO  i.g.n.aerial.AerialEngineServerApplication - Started AerialEngineServerApplication in 4.55 seconds (JVM running for 5.232)
2025-07-18 18:10:40.936   [SpringApplicationShutdownHook] INFO  o.s.m.simp.broker.SimpleBrokerMessageHandler - Stopping...
2025-07-18 18:10:40.936   [SpringApplicationShutdownHook] INFO  o.s.m.simp.broker.SimpleBrokerMessageHandler - BrokerAvailabilityEvent[available=false, SimpleBrokerMessageHandler [org.springframework.messaging.simp.broker.DefaultSubscriptionRegistry@37364634]]
2025-07-18 18:10:40.936   [SpringApplicationShutdownHook] INFO  o.s.m.simp.broker.SimpleBrokerMessageHandler - Stopped.
2025-07-18 18:11:48.526   [background-preinit] INFO  org.hibernate.validator.internal.util.Version - HV000001: Hibernate Validator 6.2.5.Final
2025-07-18 18:11:48.540   [main] DEBUG i.g.n.rest.holder.ApplicationContextHolder - The application context holder has be initiated
2025-07-18 18:11:48.541   [main] DEBUG i.g.nichetoolkit.rest.holder.MessageSourceHolder - The message source context holder has be initiated
2025-07-18 18:11:48.544   [main] INFO  i.g.n.aerial.AerialEngineServerApplication - Starting AerialEngineServerApplication using Java 1.8.0_432 on Cyan with PID 11096 (F:\GitHubWorkspaces\NicheEngine\aerial-engine-server\aerial-engine-server\target\classes started by Snow in F:\GitHubWorkspaces\NicheEngine\aerial-engine-server)
2025-07-18 18:11:48.544   [main] DEBUG i.g.n.aerial.AerialEngineServerApplication - Running with Spring Boot v2.7.18, Spring v5.3.39
2025-07-18 18:11:48.545   [main] INFO  i.g.n.aerial.AerialEngineServerApplication - The following 1 profile is active: "dev"
2025-07-18 18:11:48.604   [main] DEBUG i.g.n.rest.holder.BeanDefinitionRegistryHolder - The bean definition registry holder has be initiated
2025-07-18 18:11:49.455   [main] INFO  o.s.d.r.config.RepositoryConfigurationDelegate - Multiple Spring Data modules found, entering strict repository configuration mode
2025-07-18 18:11:49.455   [main] INFO  o.s.d.r.config.RepositoryConfigurationDelegate - Bootstrapping Spring Data Redis repositories in DEFAULT mode.
2025-07-18 18:11:49.469   [main] INFO  o.s.d.r.config.RepositoryConfigurationDelegate - Finished Spring Data repository scanning in 4 ms. Found 0 Redis repository interfaces.
2025-07-18 18:11:49.587   [main] INFO  o.s.d.r.config.RepositoryConfigurationDelegate - Multiple Spring Data modules found, entering strict repository configuration mode
2025-07-18 18:11:49.588   [main] INFO  o.s.d.r.config.RepositoryConfigurationDelegate - Bootstrapping Spring Data Redis repositories in DEFAULT mode.
2025-07-18 18:11:49.733   [main] INFO  o.s.d.r.config.RepositoryConfigurationDelegate - Finished Spring Data repository scanning in 144 ms. Found 0 Redis repository interfaces.
2025-07-18 18:11:49.904   [main] DEBUG i.g.n.rest.holder.ListableBeanFactoryHolder - The listable bean factory holder has be initiated
2025-07-18 18:11:50.196   [main] DEBUG i.g.n.rest.configure.RestI18nAutoConfigure - The auto configuration for [rest-i18n] initiated
2025-07-18 18:11:50.199   [main] DEBUG i.g.n.m.configure.MybatisStarterAutoConfigure - The auto configuration for [mybatis-starter] initiated
2025-07-18 18:11:50.202   [main] DEBUG i.g.n.ossfile.configure.OssfileCoreAutoConfigure - The auto configuration for [ossfile-core] initiated
2025-07-18 18:11:50.206   [main] DEBUG i.g.n.rice.configure.RiceStarterAutoConfigure - The auto configuration for [rice-starter] initiated
2025-07-18 18:11:50.208   [main] DEBUG i.g.n.rest.configure.RestI18nAutoConfigure - The auto configuration for [i18n-message] initiated
2025-07-18 18:11:50.218   [main] DEBUG i.g.nichetoolkit.rest.holder.MessageSourceHolder - The message source context holder has be refreshed
2025-07-18 18:11:50.360   [main] INFO  o.s.boot.web.embedded.tomcat.TomcatWebServer - Tomcat initialized with port(s): 8080 (http)
2025-07-18 18:11:50.365   [main] INFO  org.apache.coyote.http11.Http11NioProtocol - Initializing ProtocolHandler ["http-nio-8080"]
2025-07-18 18:11:50.366   [main] INFO  org.apache.catalina.core.StandardService - Starting service [Tomcat]
2025-07-18 18:11:50.366   [main] INFO  org.apache.catalina.core.StandardEngine - Starting Servlet engine: [Apache Tomcat/9.0.90]
2025-07-18 18:11:50.445   [main] INFO  o.a.c.core.ContainerBase.[Tomcat].[localhost].[/] - Initializing Spring embedded WebApplicationContext
2025-07-18 18:11:50.445   [main] INFO  o.s.b.w.s.c.ServletWebServerApplicationContext - Root WebApplicationContext: initialization completed in 1856 ms
2025-07-18 18:11:50.464   [main] DEBUG i.g.n.rest.configure.RestLogbackAutoConfigure - The auto configuration for [rest-logback] initiated
2025-07-18 18:11:50.472   [main] DEBUG i.g.n.rice.configure.RiceLoginAutoConfigure - The auto configuration for [rice-login] initiated
2025-07-18 18:11:50.506   [main] DEBUG i.g.nichetoolkit.rest.logback.DefaultLogbackFilter - Filter 'logbackFilter' configured for use
2025-07-18 18:11:50.543   [main] DEBUG io.github.nichetoolkit.rice.service.ServiceHolder - The service holder has be initiated
2025-07-18 18:11:50.624   [main] INFO  i.g.nichetoolkit.mybatis.MybatisSqlProviderHolder - [MybatisSqlProviderHolder] > sql providers size: 24
2025-07-18 18:11:50.688   [main] INFO  i.github.nichetoolkit.mybatis.MybatisContextHolder - [MybatisContextHolder] > afterPropertiesSet: {"catalog":null,"schema":null,"updateLogic":false,"useLogic":true,"useOperate":false,"useLazyInit":false,"excludeUnused":true,"sqlScriptShow":true,"mysqlIgnoreInsert":false,"datetimeNow":"now()","databaseType":"postgresql","styleType":"lowerUnderline","excludedType":"EXCLUDED","properties":{},"excludes":null,"ignores":null,"selectIgnores":null,"insertIgnores":null,"updateIgnores":null,"unuseds":["operate"]}
2025-07-18 18:11:50.689   [main] DEBUG io.github.nichetoolkit.rice.service.ServiceHolder - There are 2 service fitter beans has be initiated.
2025-07-18 18:11:50.697   [main] DEBUG i.g.n.aerial.configure.DatasourceAutoConfigure - the auto configuration for [datasource] rest template initiated
2025-07-18 18:11:50.749   [main] WARN  org.mybatis.spring.SqlSessionFactoryBean - Property 'mapperLocations' was specified but matching resources are not found.
2025-07-18 18:11:51.178   [main] DEBUG i.g.n.aerial.configure.AerialRedisAutoConfigure - The auto configuration for [aerial-redis] initiated
2025-07-18 18:11:51.263   [main] DEBUG i.g.n.aerial.configure.AerialMqttAutoConfigure - The auto configuration for [aerial-mqtt] initiated
2025-07-18 18:11:51.267   [main] DEBUG i.g.n.aerial.configure.AerialThreadPoolConfigure - The auto configuration for [thread-pool] initiated
2025-07-18 18:11:51.270   [main] DEBUG i.g.n.aerial.configure.AerialMqttChannelConfigure - The auto configuration for [mqtt-channel] initiated
2025-07-18 18:11:51.309   [main] DEBUG i.github.nicheengine.aerial.router.MqttDrcUpRouter - The mqtt drc-up router for [router@/drc/up] initiated
2025-07-18 18:11:51.311   [main] DEBUG i.g.nicheengine.aerial.router.MqttEventsRouter - The mqtt events router for [router@/events] initiated
2025-07-18 18:11:51.312   [main] DEBUG i.g.nicheengine.aerial.router.MqttMessageRouter - The mqtt message router for [router@/message] initiated
2025-07-18 18:11:51.317   [main] DEBUG io.github.nicheengine.aerial.router.MqttOsdRouter - The mqtt osd router for [router@/osd] initiated
2025-07-18 18:11:51.318   [main] DEBUG i.g.nicheengine.aerial.router.MqttPropertySetReply - The mqtt property set router for [router@/propertySet/reply] initiated
2025-07-18 18:11:51.318   [main] DEBUG i.g.nicheengine.aerial.router.MqttRequestsRouter - The mqtt requests router for [router@/requests] initiated
2025-07-18 18:11:51.319   [main] DEBUG i.g.nicheengine.aerial.router.MqttServicesReply - The mqtt services-reply router for [router@/services/reply] initiated
2025-07-18 18:11:51.322   [main] DEBUG i.github.nicheengine.aerial.router.MqttStateRouter - The mqtt state router for [router@/state] initiated
2025-07-18 18:11:51.324   [main] DEBUG i.g.nicheengine.aerial.router.MqttStatusRouter - The mqtt status router for [router@/status] initiated
2025-07-18 18:11:51.324   [main] DEBUG i.g.n.aerial.configure.AerialStarterAutoConfigure - The auto configuration for [aerial-starter] initiated
2025-07-18 18:11:51.325   [main] DEBUG i.g.n.aerial.configure.AerialWebSocketConfigure - The auto configuration for [web-socket] initiated
2025-07-18 18:11:51.325   [main] DEBUG i.g.n.aerial.configure.AerialDjisdkAutoConfigure - The auto configuration for [aerial-djisdk] initiated
2025-07-18 18:11:51.326   [main] DEBUG i.g.n.a.configure.AerialWebSocketAutoConfigure - The auto configuration for [aerial-webSocket] initiated
2025-07-18 18:11:51.338   [main] DEBUG i.g.n.ossfile.configure.OssfileMinioAutoConfigure - The auto configuration for [ossfile-minio] initiated
2025-07-18 18:11:51.528   [main] DEBUG i.g.n.rice.configure.RiceServiceAutoConfigure - The auto configuration for [rice-service] initiated
2025-07-18 18:11:51.575   [main] DEBUG i.g.n.rice.configure.RiceSerializeAutoConfigure - The auto configuration for [rice-serialize] initiated
2025-07-18 18:11:51.895   [main] DEBUG i.g.n.aerial.configure.AerialServerAutoConfigure - The auto configuration for [aerial-server] initiated
2025-07-18 18:11:51.895   [main] DEBUG i.g.n.rest.configure.RestCoreAutoConfigure - The auto configuration for [rest-core] initiated
2025-07-18 18:11:51.896   [main] DEBUG i.g.nichetoolkit.rest.holder.ObjectMapperHolder - The object mapper holder has be initiated
2025-07-18 18:11:51.910   [main] DEBUG i.g.n.rest.configure.RestWorkerAutoConfigure - The auto configuration for [rest-worker] initiated
2025-07-18 18:11:51.917   [main] DEBUG io.github.nichetoolkit.rest.worker.jwt.JwtWorker - The jwt        properties: {"enabled":true,"algorithm":"HS256","secret":"ICBwpv3gDQLfdrtTuek5wtQ","kid":"","issuer":"io.github.nicheengine","audiences":[],"expireTime":0,"expireUnit":"MILLIS","issuedDelayTime":0,"issuedDelayUnit":"MILLIS","notBeforeEnabled":false}
2025-07-18 18:11:51.919   [main] DEBUG io.github.nichetoolkit.rest.worker.sha.ShaWorker - The sha        properties: {"enabled":true,"secret":"ZbqWif8ZSnjWQS5iznqXcUoKEjAV4sqJVLtV2XoeUDkGe3vPe8mAL3PhdulCRaPQxI46V86kzmf97UeigGk","algorithm":3}
2025-07-18 18:11:51.920   [main] DEBUG i.g.n.rest.configure.RestUtilsAutoConfigure - The auto configuration for [rest-utils] initiated
2025-07-18 18:11:51.923   [main] DEBUG i.g.n.mybatis.configure.RiceMybatisAutoConfigure - The auto configuration for [rice-mybatis] initiated
2025-07-18 18:11:51.923   [main] DEBUG i.g.n.rice.configure.RiceContextAutoConfigure - The auto configuration for [rice-context] initiated
2025-07-18 18:11:51.923   [main] DEBUG i.g.n.mybatis.configure.MybatisCoreAutoConfigure - The auto configuration for [mybatis-core] initiated
2025-07-18 18:11:51.924   [main] DEBUG i.g.n.m.configure.MybatisContextAutoConfigure - The auto configuration for [mybatis-context] initiated
2025-07-18 18:11:51.924   [main] DEBUG i.g.n.mybatis.configure.MybatisMapperAutoConfigure - The auto configuration for [mybatis-mapper] initiated
2025-07-18 18:11:51.937   [main] DEBUG i.g.n.rest.configure.RestHttpAutoConfigure - The auto configuration for [rest-http] initiated
2025-07-18 18:11:51.938   [main] DEBUG i.g.n.rest.configure.RestHttpAutoConfigure - the auto configuration for [okHttp3] rest template initiated!
2025-07-18 18:11:52.074   [main] DEBUG i.g.n.rest.configure.RestHttpAutoConfigure - The http       properties: {"enabled":true,"connectTimeout":2000,"readTimeout":30000,"requestTimeout":200,"maxCoreSize":5,"maxIdleSize":10,"httpType":"okHttp3","charset":"UTF-8","encodingMode":"NONE","retryTimes":0,"keepAliveTime":600000,"proxy":{"type":"socks","hostname":""}}
2025-07-18 18:11:52.086   [main] DEBUG i.g.n.rest.configure.RestIdentityAutoConfigure - The auto configuration for [rest-identity] initiated
2025-07-18 18:11:52.087   [main] DEBUG i.g.nichetoolkit.rest.identity.IdentityFactory - The identity   properties: {"enabled":true,"type":"CONFIG","config":{"workerId":1,"centerId":2,"sequence":1},"server":{"sequence":1}}
2025-07-18 18:11:52.096   [main] DEBUG i.g.n.rest.configure.RestStarterAutoConfigure - The auto configuration for [rest-starter] initiated
2025-07-18 18:11:52.097   [main] DEBUG i.g.n.rice.configure.RiceResolverAutoConfigure - The auto configuration for [rice-resolver] initiated
2025-07-18 18:11:52.777   [main] INFO  org.apache.coyote.http11.Http11NioProtocol - Starting ProtocolHandler ["http-nio-8080"]
2025-07-18 18:11:52.790   [main] INFO  o.s.boot.web.embedded.tomcat.TomcatWebServer - Tomcat started on port(s): 8080 (http) with context path ''
2025-07-18 18:11:52.791   [main] INFO  o.s.m.simp.broker.SimpleBrokerMessageHandler - Starting...
2025-07-18 18:11:52.791   [main] INFO  o.s.m.simp.broker.SimpleBrokerMessageHandler - BrokerAvailabilityEvent[available=true, SimpleBrokerMessageHandler [org.springframework.messaging.simp.broker.DefaultSubscriptionRegistry@1e194966]]
2025-07-18 18:11:52.792   [main] INFO  o.s.m.simp.broker.SimpleBrokerMessageHandler - Started.
2025-07-18 18:11:52.803   [main] INFO  i.g.n.aerial.AerialEngineServerApplication - Started AerialEngineServerApplication in 4.674 seconds (JVM running for 5.467)
