2025-07-15 11:49:54.437   [background-preinit] INFO  org.hibernate.validator.internal.util.Version - HV000001: Hibernate Validator 6.2.5.Final
2025-07-15 11:49:54.470   [main] INFO  i.g.n.aerial.AerialEngineExampleApplication - Starting AerialEngineExampleApplication using Java 1.8.0_432 on Cyan with PID 18772 (F:\GitHubWorkspaces\NicheEngine\aerial-engine-server\aerial-engine-example\target\classes started by Snow in F:\GitHubWorkspaces\NicheEngine\aerial-engine-server)
2025-07-15 11:49:54.472   [main] INFO  i.g.n.aerial.AerialEngineExampleApplication - The following 1 profile is active: "dev"
2025-07-15 11:49:56.146   [main] INFO  o.s.i.c.DefaultConfiguringBeanFactoryPostProcessor - No bean named 'errorChannel' has been explicitly defined. Therefore, a default PublishSubscribeChannel will be created.
2025-07-15 11:49:56.155   [main] INFO  o.s.i.c.DefaultConfiguringBeanFactoryPostProcessor - No bean named 'integrationHeaderChannelRegistry' has been explicitly defined. Therefore, a default DefaultHeaderChannelRegistry will be created.
2025-07-15 11:49:56.738   [main] INFO  o.s.boot.web.embedded.tomcat.TomcatWebServer - Tomcat initialized with port(s): 8080 (http)
2025-07-15 11:49:56.744   [main] INFO  org.apache.coyote.http11.Http11NioProtocol - Initializing ProtocolHandler ["http-nio-8080"]
2025-07-15 11:49:56.745   [main] INFO  org.apache.catalina.core.StandardService - Starting service [Tomcat]
2025-07-15 11:49:56.746   [main] INFO  org.apache.catalina.core.StandardEngine - Starting Servlet engine: [Apache Tomcat/9.0.90]
2025-07-15 11:49:56.855   [main] INFO  o.a.c.core.ContainerBase.[Tomcat].[localhost].[/] - Initializing Spring embedded WebApplicationContext
2025-07-15 11:49:56.855   [main] INFO  o.s.b.w.s.c.ServletWebServerApplicationContext - Root WebApplicationContext: initialization completed in 2310 ms
2025-07-15 11:49:57.231   [main] INFO  org.apache.catalina.core.StandardService - Stopping service [Tomcat]
2025-07-15 11:49:57.238   [main] INFO  o.s.b.a.l.ConditionEvaluationReportLoggingListener - 

Error starting ApplicationContext. To display the conditions report re-run your application with 'debug' enabled.
2025-07-15 12:05:54.737   [background-preinit] INFO  org.hibernate.validator.internal.util.Version - HV000001: Hibernate Validator 6.2.5.Final
2025-07-15 12:05:54.753   [main] INFO  i.g.n.aerial.AerialEngineServerApplication - Starting AerialEngineServerApplication using Java 1.8.0_432 on Cyan with PID 15472 (F:\GitHubWorkspaces\NicheEngine\aerial-engine-server\aerial-engine-server\target\classes started by Snow in F:\GitHubWorkspaces\NicheEngine\aerial-engine-server)
2025-07-15 12:05:54.754   [main] INFO  i.g.n.aerial.AerialEngineServerApplication - The following 1 profile is active: "dev"
2025-07-15 12:05:55.950   [main] INFO  o.s.i.c.DefaultConfiguringBeanFactoryPostProcessor - No bean named 'errorChannel' has been explicitly defined. Therefore, a default PublishSubscribeChannel will be created.
2025-07-15 12:05:55.957   [main] INFO  o.s.i.c.DefaultConfiguringBeanFactoryPostProcessor - No bean named 'integrationHeaderChannelRegistry' has been explicitly defined. Therefore, a default DefaultHeaderChannelRegistry will be created.
2025-07-15 12:05:56.394   [main] INFO  o.s.boot.web.embedded.tomcat.TomcatWebServer - Tomcat initialized with port(s): 8080 (http)
2025-07-15 12:05:56.399   [main] INFO  org.apache.coyote.http11.Http11NioProtocol - Initializing ProtocolHandler ["http-nio-8080"]
2025-07-15 12:05:56.400   [main] INFO  org.apache.catalina.core.StandardService - Starting service [Tomcat]
2025-07-15 12:05:56.400   [main] INFO  org.apache.catalina.core.StandardEngine - Starting Servlet engine: [Apache Tomcat/9.0.90]
2025-07-15 12:05:56.471   [main] INFO  o.a.c.core.ContainerBase.[Tomcat].[localhost].[/] - Initializing Spring embedded WebApplicationContext
2025-07-15 12:05:56.471   [main] INFO  o.s.b.w.s.c.ServletWebServerApplicationContext - Root WebApplicationContext: initialization completed in 1678 ms
2025-07-15 12:05:56.856   [main] INFO  org.apache.catalina.core.StandardService - Stopping service [Tomcat]
2025-07-15 12:05:56.865   [main] INFO  o.s.b.a.l.ConditionEvaluationReportLoggingListener - 

Error starting ApplicationContext. To display the conditions report re-run your application with 'debug' enabled.
2025-07-15 12:23:35.538   [background-preinit] INFO  org.hibernate.validator.internal.util.Version - HV000001: Hibernate Validator 6.2.5.Final
2025-07-15 12:23:35.556   [main] INFO  i.g.n.aerial.AerialEngineServerApplication - Starting AerialEngineServerApplication using Java 1.8.0_432 on Cyan with PID 2100 (F:\GitHubWorkspaces\NicheEngine\aerial-engine-server\aerial-engine-server\target\classes started by Snow in F:\GitHubWorkspaces\NicheEngine\aerial-engine-server)
2025-07-15 12:23:35.558   [main] INFO  i.g.n.aerial.AerialEngineServerApplication - The following 1 profile is active: "dev"
2025-07-15 12:23:37.008   [main] INFO  o.s.i.c.DefaultConfiguringBeanFactoryPostProcessor - No bean named 'errorChannel' has been explicitly defined. Therefore, a default PublishSubscribeChannel will be created.
2025-07-15 12:23:37.016   [main] INFO  o.s.i.c.DefaultConfiguringBeanFactoryPostProcessor - No bean named 'integrationHeaderChannelRegistry' has been explicitly defined. Therefore, a default DefaultHeaderChannelRegistry will be created.
2025-07-15 12:23:37.445   [main] INFO  o.s.boot.web.embedded.tomcat.TomcatWebServer - Tomcat initialized with port(s): 8080 (http)
2025-07-15 12:23:37.451   [main] INFO  org.apache.coyote.http11.Http11NioProtocol - Initializing ProtocolHandler ["http-nio-8080"]
2025-07-15 12:23:37.452   [main] INFO  org.apache.catalina.core.StandardService - Starting service [Tomcat]
2025-07-15 12:23:37.452   [main] INFO  org.apache.catalina.core.StandardEngine - Starting Servlet engine: [Apache Tomcat/9.0.90]
2025-07-15 12:23:37.534   [main] INFO  o.a.c.core.ContainerBase.[Tomcat].[localhost].[/] - Initializing Spring embedded WebApplicationContext
2025-07-15 12:23:37.535   [main] INFO  o.s.b.w.s.c.ServletWebServerApplicationContext - Root WebApplicationContext: initialization completed in 1928 ms
2025-07-15 12:23:38.113   [main] INFO  org.apache.catalina.core.StandardService - Stopping service [Tomcat]
2025-07-15 12:23:38.120   [main] INFO  o.s.b.a.l.ConditionEvaluationReportLoggingListener - 

Error starting ApplicationContext. To display the conditions report re-run your application with 'debug' enabled.
2025-07-15 12:25:52.544   [background-preinit] INFO  org.hibernate.validator.internal.util.Version - HV000001: Hibernate Validator 6.2.5.Final
2025-07-15 12:25:52.564   [main] INFO  i.g.n.aerial.AerialEngineServerApplication - Starting AerialEngineServerApplication using Java 1.8.0_432 on Cyan with PID 6624 (F:\GitHubWorkspaces\NicheEngine\aerial-engine-server\aerial-engine-server\target\classes started by Snow in F:\GitHubWorkspaces\NicheEngine\aerial-engine-server)
2025-07-15 12:25:52.566   [main] INFO  i.g.n.aerial.AerialEngineServerApplication - The following 1 profile is active: "dev"
2025-07-15 12:25:53.754   [main] INFO  o.s.i.c.DefaultConfiguringBeanFactoryPostProcessor - No bean named 'errorChannel' has been explicitly defined. Therefore, a default PublishSubscribeChannel will be created.
2025-07-15 12:25:53.765   [main] INFO  o.s.i.c.DefaultConfiguringBeanFactoryPostProcessor - No bean named 'integrationHeaderChannelRegistry' has been explicitly defined. Therefore, a default DefaultHeaderChannelRegistry will be created.
2025-07-15 12:25:54.192   [main] INFO  o.s.boot.web.embedded.tomcat.TomcatWebServer - Tomcat initialized with port(s): 8080 (http)
2025-07-15 12:25:54.196   [main] INFO  org.apache.coyote.http11.Http11NioProtocol - Initializing ProtocolHandler ["http-nio-8080"]
2025-07-15 12:25:54.197   [main] INFO  org.apache.catalina.core.StandardService - Starting service [Tomcat]
2025-07-15 12:25:54.198   [main] INFO  org.apache.catalina.core.StandardEngine - Starting Servlet engine: [Apache Tomcat/9.0.90]
2025-07-15 12:25:54.272   [main] INFO  o.a.c.core.ContainerBase.[Tomcat].[localhost].[/] - Initializing Spring embedded WebApplicationContext
2025-07-15 12:25:54.272   [main] INFO  o.s.b.w.s.c.ServletWebServerApplicationContext - Root WebApplicationContext: initialization completed in 1668 ms
2025-07-15 12:25:54.855   [main] INFO  org.apache.catalina.core.StandardService - Stopping service [Tomcat]
2025-07-15 12:25:54.861   [main] INFO  o.s.b.a.l.ConditionEvaluationReportLoggingListener - 

Error starting ApplicationContext. To display the conditions report re-run your application with 'debug' enabled.
2025-07-15 12:28:14.312   [background-preinit] INFO  org.hibernate.validator.internal.util.Version - HV000001: Hibernate Validator 6.2.5.Final
2025-07-15 12:28:14.337   [main] INFO  i.g.n.aerial.AerialEngineServerApplication - Starting AerialEngineServerApplication using Java 1.8.0_432 on Cyan with PID 15544 (F:\GitHubWorkspaces\NicheEngine\aerial-engine-server\aerial-engine-server\target\classes started by Snow in F:\GitHubWorkspaces\NicheEngine\aerial-engine-server)
2025-07-15 12:28:14.338   [main] INFO  i.g.n.aerial.AerialEngineServerApplication - The following 1 profile is active: "dev"
2025-07-15 12:28:15.589   [main] INFO  o.s.i.c.DefaultConfiguringBeanFactoryPostProcessor - No bean named 'errorChannel' has been explicitly defined. Therefore, a default PublishSubscribeChannel will be created.
2025-07-15 12:28:15.597   [main] INFO  o.s.i.c.DefaultConfiguringBeanFactoryPostProcessor - No bean named 'integrationHeaderChannelRegistry' has been explicitly defined. Therefore, a default DefaultHeaderChannelRegistry will be created.
2025-07-15 12:28:16.049   [main] INFO  o.s.boot.web.embedded.tomcat.TomcatWebServer - Tomcat initialized with port(s): 8080 (http)
2025-07-15 12:28:16.055   [main] INFO  org.apache.coyote.http11.Http11NioProtocol - Initializing ProtocolHandler ["http-nio-8080"]
2025-07-15 12:28:16.056   [main] INFO  org.apache.catalina.core.StandardService - Starting service [Tomcat]
2025-07-15 12:28:16.056   [main] INFO  org.apache.catalina.core.StandardEngine - Starting Servlet engine: [Apache Tomcat/9.0.90]
2025-07-15 12:28:16.120   [main] INFO  o.a.c.core.ContainerBase.[Tomcat].[localhost].[/] - Initializing Spring embedded WebApplicationContext
2025-07-15 12:28:16.121   [main] INFO  o.s.b.w.s.c.ServletWebServerApplicationContext - Root WebApplicationContext: initialization completed in 1740 ms
2025-07-15 12:28:16.709   [main] INFO  org.apache.catalina.core.StandardService - Stopping service [Tomcat]
2025-07-15 12:28:16.716   [main] INFO  o.s.b.a.l.ConditionEvaluationReportLoggingListener - 

Error starting ApplicationContext. To display the conditions report re-run your application with 'debug' enabled.
2025-07-15 12:29:31.600   [background-preinit] INFO  org.hibernate.validator.internal.util.Version - HV000001: Hibernate Validator 6.2.5.Final
2025-07-15 12:29:31.623   [main] INFO  i.g.n.aerial.AerialEngineServerApplication - Starting AerialEngineServerApplication using Java 1.8.0_432 on Cyan with PID 1632 (F:\GitHubWorkspaces\NicheEngine\aerial-engine-server\aerial-engine-server\target\classes started by Snow in F:\GitHubWorkspaces\NicheEngine\aerial-engine-server)
2025-07-15 12:29:31.624   [main] INFO  i.g.n.aerial.AerialEngineServerApplication - The following 1 profile is active: "dev"
2025-07-15 12:29:32.831   [main] INFO  o.s.i.c.DefaultConfiguringBeanFactoryPostProcessor - No bean named 'errorChannel' has been explicitly defined. Therefore, a default PublishSubscribeChannel will be created.
2025-07-15 12:29:32.837   [main] INFO  o.s.i.c.DefaultConfiguringBeanFactoryPostProcessor - No bean named 'integrationHeaderChannelRegistry' has been explicitly defined. Therefore, a default DefaultHeaderChannelRegistry will be created.
2025-07-15 12:29:33.317   [main] INFO  o.s.boot.web.embedded.tomcat.TomcatWebServer - Tomcat initialized with port(s): 8080 (http)
2025-07-15 12:29:33.322   [main] INFO  org.apache.coyote.http11.Http11NioProtocol - Initializing ProtocolHandler ["http-nio-8080"]
2025-07-15 12:29:33.323   [main] INFO  org.apache.catalina.core.StandardService - Starting service [Tomcat]
2025-07-15 12:29:33.323   [main] INFO  org.apache.catalina.core.StandardEngine - Starting Servlet engine: [Apache Tomcat/9.0.90]
2025-07-15 12:29:33.401   [main] INFO  o.a.c.core.ContainerBase.[Tomcat].[localhost].[/] - Initializing Spring embedded WebApplicationContext
2025-07-15 12:29:33.402   [main] INFO  o.s.b.w.s.c.ServletWebServerApplicationContext - Root WebApplicationContext: initialization completed in 1735 ms
2025-07-15 12:29:34.064   [main] INFO  org.apache.catalina.core.StandardService - Stopping service [Tomcat]
2025-07-15 12:29:34.070   [main] INFO  o.s.b.a.l.ConditionEvaluationReportLoggingListener - 

Error starting ApplicationContext. To display the conditions report re-run your application with 'debug' enabled.
2025-07-15 12:29:51.359   [background-preinit] INFO  org.hibernate.validator.internal.util.Version - HV000001: Hibernate Validator 6.2.5.Final
2025-07-15 12:29:51.384   [main] INFO  i.g.n.aerial.AerialEngineServerApplication - Starting AerialEngineServerApplication using Java 1.8.0_432 on Cyan with PID 2492 (F:\GitHubWorkspaces\NicheEngine\aerial-engine-server\aerial-engine-server\target\classes started by Snow in F:\GitHubWorkspaces\NicheEngine\aerial-engine-server)
2025-07-15 12:29:51.385   [main] INFO  i.g.n.aerial.AerialEngineServerApplication - The following 1 profile is active: "dev"
2025-07-15 12:29:52.762   [main] INFO  o.s.i.c.DefaultConfiguringBeanFactoryPostProcessor - No bean named 'errorChannel' has been explicitly defined. Therefore, a default PublishSubscribeChannel will be created.
2025-07-15 12:29:52.768   [main] INFO  o.s.i.c.DefaultConfiguringBeanFactoryPostProcessor - No bean named 'integrationHeaderChannelRegistry' has been explicitly defined. Therefore, a default DefaultHeaderChannelRegistry will be created.
2025-07-15 12:29:53.245   [main] INFO  o.s.boot.web.embedded.tomcat.TomcatWebServer - Tomcat initialized with port(s): 8080 (http)
2025-07-15 12:29:53.250   [main] INFO  org.apache.coyote.http11.Http11NioProtocol - Initializing ProtocolHandler ["http-nio-8080"]
2025-07-15 12:29:53.251   [main] INFO  org.apache.catalina.core.StandardService - Starting service [Tomcat]
2025-07-15 12:29:53.251   [main] INFO  org.apache.catalina.core.StandardEngine - Starting Servlet engine: [Apache Tomcat/9.0.90]
2025-07-15 12:29:53.320   [main] INFO  o.a.c.core.ContainerBase.[Tomcat].[localhost].[/] - Initializing Spring embedded WebApplicationContext
2025-07-15 12:29:53.320   [main] INFO  o.s.b.w.s.c.ServletWebServerApplicationContext - Root WebApplicationContext: initialization completed in 1879 ms
2025-07-15 12:29:53.888   [main] INFO  org.apache.catalina.core.StandardService - Stopping service [Tomcat]
2025-07-15 12:29:53.895   [main] INFO  o.s.b.a.l.ConditionEvaluationReportLoggingListener - 

Error starting ApplicationContext. To display the conditions report re-run your application with 'debug' enabled.
2025-07-15 12:30:48.994   [background-preinit] INFO  org.hibernate.validator.internal.util.Version - HV000001: Hibernate Validator 6.2.5.Final
2025-07-15 12:30:49.013   [main] INFO  i.g.n.aerial.AerialEngineServerApplication - Starting AerialEngineServerApplication using Java 1.8.0_432 on Cyan with PID 8128 (F:\GitHubWorkspaces\NicheEngine\aerial-engine-server\aerial-engine-server\target\classes started by Snow in F:\GitHubWorkspaces\NicheEngine\aerial-engine-server)
2025-07-15 12:30:49.013   [main] INFO  i.g.n.aerial.AerialEngineServerApplication - The following 1 profile is active: "dev"
2025-07-15 12:30:50.377   [main] INFO  o.s.i.c.DefaultConfiguringBeanFactoryPostProcessor - No bean named 'errorChannel' has been explicitly defined. Therefore, a default PublishSubscribeChannel will be created.
2025-07-15 12:30:50.384   [main] INFO  o.s.i.c.DefaultConfiguringBeanFactoryPostProcessor - No bean named 'integrationHeaderChannelRegistry' has been explicitly defined. Therefore, a default DefaultHeaderChannelRegistry will be created.
2025-07-15 12:30:50.886   [main] INFO  o.s.boot.web.embedded.tomcat.TomcatWebServer - Tomcat initialized with port(s): 8080 (http)
2025-07-15 12:30:50.891   [main] INFO  org.apache.coyote.http11.Http11NioProtocol - Initializing ProtocolHandler ["http-nio-8080"]
2025-07-15 12:30:50.893   [main] INFO  org.apache.catalina.core.StandardService - Starting service [Tomcat]
2025-07-15 12:30:50.893   [main] INFO  org.apache.catalina.core.StandardEngine - Starting Servlet engine: [Apache Tomcat/9.0.90]
2025-07-15 12:30:50.965   [main] INFO  o.a.c.core.ContainerBase.[Tomcat].[localhost].[/] - Initializing Spring embedded WebApplicationContext
2025-07-15 12:30:50.965   [main] INFO  o.s.b.w.s.c.ServletWebServerApplicationContext - Root WebApplicationContext: initialization completed in 1916 ms
2025-07-15 12:30:51.549   [main] INFO  org.apache.catalina.core.StandardService - Stopping service [Tomcat]
2025-07-15 12:30:51.555   [main] INFO  o.s.b.a.l.ConditionEvaluationReportLoggingListener - 

Error starting ApplicationContext. To display the conditions report re-run your application with 'debug' enabled.
2025-07-15 12:35:17.589   [background-preinit] INFO  org.hibernate.validator.internal.util.Version - HV000001: Hibernate Validator 6.2.5.Final
2025-07-15 12:35:17.605   [main] INFO  i.g.n.aerial.AerialEngineServerApplication - Starting AerialEngineServerApplication using Java 1.8.0_432 on Cyan with PID 19048 (F:\GitHubWorkspaces\NicheEngine\aerial-engine-server\aerial-engine-server\target\classes started by Snow in F:\GitHubWorkspaces\NicheEngine\aerial-engine-server)
2025-07-15 12:35:17.606   [main] INFO  i.g.n.aerial.AerialEngineServerApplication - The following 1 profile is active: "dev"
2025-07-15 12:35:18.951   [main] INFO  o.s.i.c.DefaultConfiguringBeanFactoryPostProcessor - No bean named 'errorChannel' has been explicitly defined. Therefore, a default PublishSubscribeChannel will be created.
2025-07-15 12:35:18.959   [main] INFO  o.s.i.c.DefaultConfiguringBeanFactoryPostProcessor - No bean named 'integrationHeaderChannelRegistry' has been explicitly defined. Therefore, a default DefaultHeaderChannelRegistry will be created.
2025-07-15 12:35:19.421   [main] INFO  o.s.boot.web.embedded.tomcat.TomcatWebServer - Tomcat initialized with port(s): 8080 (http)
2025-07-15 12:35:19.426   [main] INFO  org.apache.coyote.http11.Http11NioProtocol - Initializing ProtocolHandler ["http-nio-8080"]
2025-07-15 12:35:19.427   [main] INFO  org.apache.catalina.core.StandardService - Starting service [Tomcat]
2025-07-15 12:35:19.427   [main] INFO  org.apache.catalina.core.StandardEngine - Starting Servlet engine: [Apache Tomcat/9.0.90]
2025-07-15 12:35:19.495   [main] INFO  o.a.c.core.ContainerBase.[Tomcat].[localhost].[/] - Initializing Spring embedded WebApplicationContext
2025-07-15 12:35:19.495   [main] INFO  o.s.b.w.s.c.ServletWebServerApplicationContext - Root WebApplicationContext: initialization completed in 1849 ms
2025-07-15 12:35:20.089   [main] INFO  org.apache.catalina.core.StandardService - Stopping service [Tomcat]
2025-07-15 12:35:20.096   [main] INFO  o.s.b.a.l.ConditionEvaluationReportLoggingListener - 

Error starting ApplicationContext. To display the conditions report re-run your application with 'debug' enabled.
2025-07-15 12:49:48.954   [background-preinit] INFO  org.hibernate.validator.internal.util.Version - HV000001: Hibernate Validator 6.2.5.Final
2025-07-15 12:49:48.969   [main] INFO  i.g.n.aerial.AerialEngineServerApplication - Starting AerialEngineServerApplication using Java 1.8.0_432 on Cyan with PID 6676 (F:\GitHubWorkspaces\NicheEngine\aerial-engine-server\aerial-engine-server\target\classes started by Snow in F:\GitHubWorkspaces\NicheEngine\aerial-engine-server)
2025-07-15 12:49:48.970   [main] INFO  i.g.n.aerial.AerialEngineServerApplication - The following 1 profile is active: "dev"
2025-07-15 12:49:50.168   [main] INFO  o.s.i.c.DefaultConfiguringBeanFactoryPostProcessor - No bean named 'errorChannel' has been explicitly defined. Therefore, a default PublishSubscribeChannel will be created.
2025-07-15 12:49:50.175   [main] INFO  o.s.i.c.DefaultConfiguringBeanFactoryPostProcessor - No bean named 'integrationHeaderChannelRegistry' has been explicitly defined. Therefore, a default DefaultHeaderChannelRegistry will be created.
2025-07-15 12:49:50.619   [main] INFO  o.s.boot.web.embedded.tomcat.TomcatWebServer - Tomcat initialized with port(s): 8080 (http)
2025-07-15 12:49:50.625   [main] INFO  org.apache.coyote.http11.Http11NioProtocol - Initializing ProtocolHandler ["http-nio-8080"]
2025-07-15 12:49:50.625   [main] INFO  org.apache.catalina.core.StandardService - Starting service [Tomcat]
2025-07-15 12:49:50.626   [main] INFO  org.apache.catalina.core.StandardEngine - Starting Servlet engine: [Apache Tomcat/9.0.90]
2025-07-15 12:49:50.692   [main] INFO  o.a.c.core.ContainerBase.[Tomcat].[localhost].[/] - Initializing Spring embedded WebApplicationContext
2025-07-15 12:49:50.693   [main] INFO  o.s.b.w.s.c.ServletWebServerApplicationContext - Root WebApplicationContext: initialization completed in 1686 ms
2025-07-15 12:49:51.310   [main] INFO  org.apache.catalina.core.StandardService - Stopping service [Tomcat]
2025-07-15 12:49:51.316   [main] INFO  o.s.b.a.l.ConditionEvaluationReportLoggingListener - 

Error starting ApplicationContext. To display the conditions report re-run your application with 'debug' enabled.
2025-07-15 14:51:56.125   [background-preinit] INFO  org.hibernate.validator.internal.util.Version - HV000001: Hibernate Validator 6.2.5.Final
2025-07-15 14:51:56.143   [main] INFO  i.g.n.aerial.AerialEngineServerApplication - Starting AerialEngineServerApplication using Java 1.8.0_432 on Cyan with PID 4164 (F:\GitHubWorkspaces\NicheEngine\aerial-engine-server\aerial-engine-server\target\classes started by Snow in F:\GitHubWorkspaces\NicheEngine\aerial-engine-server)
2025-07-15 14:51:56.144   [main] INFO  i.g.n.aerial.AerialEngineServerApplication - The following 1 profile is active: "dev"
2025-07-15 14:51:57.328   [main] INFO  o.s.i.c.DefaultConfiguringBeanFactoryPostProcessor - No bean named 'errorChannel' has been explicitly defined. Therefore, a default PublishSubscribeChannel will be created.
2025-07-15 14:51:57.335   [main] INFO  o.s.i.c.DefaultConfiguringBeanFactoryPostProcessor - No bean named 'integrationHeaderChannelRegistry' has been explicitly defined. Therefore, a default DefaultHeaderChannelRegistry will be created.
2025-07-15 14:51:57.782   [main] INFO  o.s.boot.web.embedded.tomcat.TomcatWebServer - Tomcat initialized with port(s): 8080 (http)
2025-07-15 14:51:57.788   [main] INFO  org.apache.coyote.http11.Http11NioProtocol - Initializing ProtocolHandler ["http-nio-8080"]
2025-07-15 14:51:57.789   [main] INFO  org.apache.catalina.core.StandardService - Starting service [Tomcat]
2025-07-15 14:51:57.789   [main] INFO  org.apache.catalina.core.StandardEngine - Starting Servlet engine: [Apache Tomcat/9.0.90]
2025-07-15 14:51:57.852   [main] INFO  o.a.c.core.ContainerBase.[Tomcat].[localhost].[/] - Initializing Spring embedded WebApplicationContext
2025-07-15 14:51:57.852   [main] INFO  o.s.b.w.s.c.ServletWebServerApplicationContext - Root WebApplicationContext: initialization completed in 1670 ms
2025-07-15 14:51:58.478   [main] INFO  org.apache.catalina.core.StandardService - Stopping service [Tomcat]
2025-07-15 14:51:58.485   [main] INFO  o.s.b.a.l.ConditionEvaluationReportLoggingListener - 

Error starting ApplicationContext. To display the conditions report re-run your application with 'debug' enabled.
2025-07-15 15:08:48.712   [background-preinit] INFO  org.hibernate.validator.internal.util.Version - HV000001: Hibernate Validator 6.2.5.Final
2025-07-15 15:08:48.737   [main] INFO  i.g.n.aerial.AerialEngineServerApplication - Starting AerialEngineServerApplication using Java 1.8.0_432 on Cyan with PID 5932 (F:\GitHubWorkspaces\NicheEngine\aerial-engine-server\aerial-engine-server\target\classes started by Snow in F:\GitHubWorkspaces\NicheEngine\aerial-engine-server)
2025-07-15 15:08:48.739   [main] INFO  i.g.n.aerial.AerialEngineServerApplication - The following 1 profile is active: "dev"
2025-07-15 15:08:50.137   [main] INFO  o.s.i.c.DefaultConfiguringBeanFactoryPostProcessor - No bean named 'errorChannel' has been explicitly defined. Therefore, a default PublishSubscribeChannel will be created.
2025-07-15 15:08:50.145   [main] INFO  o.s.i.c.DefaultConfiguringBeanFactoryPostProcessor - No bean named 'integrationHeaderChannelRegistry' has been explicitly defined. Therefore, a default DefaultHeaderChannelRegistry will be created.
2025-07-15 15:08:50.610   [main] INFO  o.s.boot.web.embedded.tomcat.TomcatWebServer - Tomcat initialized with port(s): 8080 (http)
2025-07-15 15:08:50.614   [main] INFO  org.apache.coyote.http11.Http11NioProtocol - Initializing ProtocolHandler ["http-nio-8080"]
2025-07-15 15:08:50.615   [main] INFO  org.apache.catalina.core.StandardService - Starting service [Tomcat]
2025-07-15 15:08:50.615   [main] INFO  org.apache.catalina.core.StandardEngine - Starting Servlet engine: [Apache Tomcat/9.0.90]
2025-07-15 15:08:50.675   [main] INFO  o.a.c.core.ContainerBase.[Tomcat].[localhost].[/] - Initializing Spring embedded WebApplicationContext
2025-07-15 15:08:50.675   [main] INFO  o.s.b.w.s.c.ServletWebServerApplicationContext - Root WebApplicationContext: initialization completed in 1887 ms
2025-07-15 15:08:51.382   [main] INFO  org.apache.catalina.core.StandardService - Stopping service [Tomcat]
2025-07-15 15:08:51.389   [main] INFO  o.s.b.a.l.ConditionEvaluationReportLoggingListener - 

Error starting ApplicationContext. To display the conditions report re-run your application with 'debug' enabled.
2025-07-15 17:40:08.113   [background-preinit] INFO  org.hibernate.validator.internal.util.Version - HV000001: Hibernate Validator 6.2.5.Final
2025-07-15 17:40:08.128   [main] INFO  i.g.n.aerial.AerialEngineServerApplication - Starting AerialEngineServerApplication using Java 1.8.0_432 on Cyan with PID 15760 (F:\GitHubWorkspaces\NicheEngine\aerial-engine-server\aerial-engine-server\target\classes started by Snow in F:\GitHubWorkspaces\NicheEngine\aerial-engine-server)
2025-07-15 17:40:08.129   [main] INFO  i.g.n.aerial.AerialEngineServerApplication - The following 1 profile is active: "dev"
2025-07-15 17:40:09.420   [main] INFO  o.s.d.r.config.RepositoryConfigurationDelegate - Multiple Spring Data modules found, entering strict repository configuration mode
2025-07-15 17:40:09.422   [main] INFO  o.s.d.r.config.RepositoryConfigurationDelegate - Bootstrapping Spring Data Redis repositories in DEFAULT mode.
2025-07-15 17:40:09.522   [main] INFO  o.s.d.r.config.RepositoryConfigurationDelegate - Finished Spring Data repository scanning in 88 ms. Found 0 Redis repository interfaces.
2025-07-15 17:40:09.692   [main] INFO  o.s.i.c.DefaultConfiguringBeanFactoryPostProcessor - No bean named 'errorChannel' has been explicitly defined. Therefore, a default PublishSubscribeChannel will be created.
2025-07-15 17:40:09.699   [main] INFO  o.s.i.c.DefaultConfiguringBeanFactoryPostProcessor - No bean named 'integrationHeaderChannelRegistry' has been explicitly defined. Therefore, a default DefaultHeaderChannelRegistry will be created.
2025-07-15 17:40:10.164   [main] INFO  o.s.boot.web.embedded.tomcat.TomcatWebServer - Tomcat initialized with port(s): 8080 (http)
2025-07-15 17:40:10.169   [main] INFO  org.apache.coyote.http11.Http11NioProtocol - Initializing ProtocolHandler ["http-nio-8080"]
2025-07-15 17:40:10.170   [main] INFO  org.apache.catalina.core.StandardService - Starting service [Tomcat]
2025-07-15 17:40:10.170   [main] INFO  org.apache.catalina.core.StandardEngine - Starting Servlet engine: [Apache Tomcat/9.0.90]
2025-07-15 17:40:10.239   [main] INFO  o.a.c.core.ContainerBase.[Tomcat].[localhost].[/] - Initializing Spring embedded WebApplicationContext
2025-07-15 17:40:10.240   [main] INFO  o.s.b.w.s.c.ServletWebServerApplicationContext - Root WebApplicationContext: initialization completed in 2067 ms
2025-07-15 17:40:10.945   [main] INFO  org.apache.catalina.core.StandardService - Stopping service [Tomcat]
2025-07-15 17:40:10.951   [main] INFO  o.s.b.a.l.ConditionEvaluationReportLoggingListener - 

Error starting ApplicationContext. To display the conditions report re-run your application with 'debug' enabled.
2025-07-15 17:44:50.103   [background-preinit] INFO  org.hibernate.validator.internal.util.Version - HV000001: Hibernate Validator 6.2.5.Final
2025-07-15 17:44:50.121   [main] INFO  i.g.n.aerial.AerialEngineServerApplication - Starting AerialEngineServerApplication using Java 1.8.0_432 on Cyan with PID 17584 (F:\GitHubWorkspaces\NicheEngine\aerial-engine-server\aerial-engine-server\target\classes started by Snow in F:\GitHubWorkspaces\NicheEngine\aerial-engine-server)
2025-07-15 17:44:50.122   [main] INFO  i.g.n.aerial.AerialEngineServerApplication - The following 1 profile is active: "dev"
2025-07-15 17:44:51.239   [main] INFO  o.s.d.r.config.RepositoryConfigurationDelegate - Multiple Spring Data modules found, entering strict repository configuration mode
2025-07-15 17:44:51.240   [main] INFO  o.s.d.r.config.RepositoryConfigurationDelegate - Bootstrapping Spring Data Redis repositories in DEFAULT mode.
2025-07-15 17:44:51.254   [main] INFO  o.s.d.r.config.RepositoryConfigurationDelegate - Finished Spring Data repository scanning in 4 ms. Found 0 Redis repository interfaces.
2025-07-15 17:44:51.407   [main] INFO  o.s.d.r.config.RepositoryConfigurationDelegate - Multiple Spring Data modules found, entering strict repository configuration mode
2025-07-15 17:44:51.409   [main] INFO  o.s.d.r.config.RepositoryConfigurationDelegate - Bootstrapping Spring Data Redis repositories in DEFAULT mode.
2025-07-15 17:44:51.513   [main] INFO  o.s.d.r.config.RepositoryConfigurationDelegate - Finished Spring Data repository scanning in 104 ms. Found 0 Redis repository interfaces.
2025-07-15 17:44:51.671   [main] INFO  o.s.i.c.DefaultConfiguringBeanFactoryPostProcessor - No bean named 'errorChannel' has been explicitly defined. Therefore, a default PublishSubscribeChannel will be created.
2025-07-15 17:44:51.678   [main] INFO  o.s.i.c.DefaultConfiguringBeanFactoryPostProcessor - No bean named 'integrationHeaderChannelRegistry' has been explicitly defined. Therefore, a default DefaultHeaderChannelRegistry will be created.
2025-07-15 17:44:52.186   [main] INFO  o.s.boot.web.embedded.tomcat.TomcatWebServer - Tomcat initialized with port(s): 8080 (http)
2025-07-15 17:44:52.193   [main] INFO  org.apache.coyote.http11.Http11NioProtocol - Initializing ProtocolHandler ["http-nio-8080"]
2025-07-15 17:44:52.195   [main] INFO  org.apache.catalina.core.StandardService - Starting service [Tomcat]
2025-07-15 17:44:52.195   [main] INFO  org.apache.catalina.core.StandardEngine - Starting Servlet engine: [Apache Tomcat/9.0.90]
2025-07-15 17:44:52.285   [main] INFO  o.a.c.core.ContainerBase.[Tomcat].[localhost].[/] - Initializing Spring embedded WebApplicationContext
2025-07-15 17:44:52.285   [main] INFO  o.s.b.w.s.c.ServletWebServerApplicationContext - Root WebApplicationContext: initialization completed in 2122 ms
2025-07-15 17:44:53.146   [main] INFO  org.apache.catalina.core.StandardService - Stopping service [Tomcat]
2025-07-15 17:44:53.155   [main] INFO  o.s.b.a.l.ConditionEvaluationReportLoggingListener - 

Error starting ApplicationContext. To display the conditions report re-run your application with 'debug' enabled.
2025-07-15 17:46:22.276   [background-preinit] INFO  org.hibernate.validator.internal.util.Version - HV000001: Hibernate Validator 6.2.5.Final
2025-07-15 17:46:22.297   [main] INFO  i.g.n.aerial.AerialEngineServerApplication - Starting AerialEngineServerApplication using Java 1.8.0_432 on Cyan with PID 4908 (F:\GitHubWorkspaces\NicheEngine\aerial-engine-server\aerial-engine-server\target\classes started by Snow in F:\GitHubWorkspaces\NicheEngine\aerial-engine-server)
2025-07-15 17:46:22.298   [main] INFO  i.g.n.aerial.AerialEngineServerApplication - The following 1 profile is active: "dev"
2025-07-15 17:46:23.319   [main] INFO  o.s.d.r.config.RepositoryConfigurationDelegate - Multiple Spring Data modules found, entering strict repository configuration mode
2025-07-15 17:46:23.319   [main] INFO  o.s.d.r.config.RepositoryConfigurationDelegate - Bootstrapping Spring Data Redis repositories in DEFAULT mode.
2025-07-15 17:46:23.333   [main] INFO  o.s.d.r.config.RepositoryConfigurationDelegate - Finished Spring Data repository scanning in 4 ms. Found 0 Redis repository interfaces.
2025-07-15 17:46:23.477   [main] INFO  o.s.d.r.config.RepositoryConfigurationDelegate - Multiple Spring Data modules found, entering strict repository configuration mode
2025-07-15 17:46:23.477   [main] INFO  o.s.d.r.config.RepositoryConfigurationDelegate - Bootstrapping Spring Data Redis repositories in DEFAULT mode.
2025-07-15 17:46:23.578   [main] INFO  o.s.d.r.config.RepositoryConfigurationDelegate - Finished Spring Data repository scanning in 100 ms. Found 0 Redis repository interfaces.
2025-07-15 17:46:23.740   [main] INFO  o.s.i.c.DefaultConfiguringBeanFactoryPostProcessor - No bean named 'errorChannel' has been explicitly defined. Therefore, a default PublishSubscribeChannel will be created.
2025-07-15 17:46:23.746   [main] INFO  o.s.i.c.DefaultConfiguringBeanFactoryPostProcessor - No bean named 'integrationHeaderChannelRegistry' has been explicitly defined. Therefore, a default DefaultHeaderChannelRegistry will be created.
2025-07-15 17:46:24.202   [main] INFO  o.s.boot.web.embedded.tomcat.TomcatWebServer - Tomcat initialized with port(s): 8080 (http)
2025-07-15 17:46:24.206   [main] INFO  org.apache.coyote.http11.Http11NioProtocol - Initializing ProtocolHandler ["http-nio-8080"]
2025-07-15 17:46:24.208   [main] INFO  org.apache.catalina.core.StandardService - Starting service [Tomcat]
2025-07-15 17:46:24.208   [main] INFO  org.apache.catalina.core.StandardEngine - Starting Servlet engine: [Apache Tomcat/9.0.90]
2025-07-15 17:46:24.279   [main] INFO  o.a.c.core.ContainerBase.[Tomcat].[localhost].[/] - Initializing Spring embedded WebApplicationContext
2025-07-15 17:46:24.279   [main] INFO  o.s.b.w.s.c.ServletWebServerApplicationContext - Root WebApplicationContext: initialization completed in 1939 ms
2025-07-15 17:46:25.333   [main] INFO  org.apache.catalina.core.StandardService - Stopping service [Tomcat]
2025-07-15 17:46:25.340   [main] INFO  o.s.b.a.l.ConditionEvaluationReportLoggingListener - 

Error starting ApplicationContext. To display the conditions report re-run your application with 'debug' enabled.
2025-07-15 17:47:43.020   [background-preinit] INFO  org.hibernate.validator.internal.util.Version - HV000001: Hibernate Validator 6.2.5.Final
2025-07-15 17:47:43.039   [main] INFO  i.g.n.aerial.AerialEngineServerApplication - Starting AerialEngineServerApplication using Java 1.8.0_432 on Cyan with PID 14552 (F:\GitHubWorkspaces\NicheEngine\aerial-engine-server\aerial-engine-server\target\classes started by Snow in F:\GitHubWorkspaces\NicheEngine\aerial-engine-server)
2025-07-15 17:47:43.040   [main] INFO  i.g.n.aerial.AerialEngineServerApplication - The following 1 profile is active: "dev"
2025-07-15 17:47:44.136   [main] INFO  o.s.d.r.config.RepositoryConfigurationDelegate - Multiple Spring Data modules found, entering strict repository configuration mode
2025-07-15 17:47:44.137   [main] INFO  o.s.d.r.config.RepositoryConfigurationDelegate - Bootstrapping Spring Data Redis repositories in DEFAULT mode.
2025-07-15 17:47:44.152   [main] INFO  o.s.d.r.config.RepositoryConfigurationDelegate - Finished Spring Data repository scanning in 4 ms. Found 0 Redis repository interfaces.
2025-07-15 17:47:44.293   [main] INFO  o.s.d.r.config.RepositoryConfigurationDelegate - Multiple Spring Data modules found, entering strict repository configuration mode
2025-07-15 17:47:44.293   [main] INFO  o.s.d.r.config.RepositoryConfigurationDelegate - Bootstrapping Spring Data Redis repositories in DEFAULT mode.
2025-07-15 17:47:44.398   [main] INFO  o.s.d.r.config.RepositoryConfigurationDelegate - Finished Spring Data repository scanning in 104 ms. Found 0 Redis repository interfaces.
2025-07-15 17:47:44.556   [main] INFO  o.s.i.c.DefaultConfiguringBeanFactoryPostProcessor - No bean named 'errorChannel' has been explicitly defined. Therefore, a default PublishSubscribeChannel will be created.
2025-07-15 17:47:44.563   [main] INFO  o.s.i.c.DefaultConfiguringBeanFactoryPostProcessor - No bean named 'integrationHeaderChannelRegistry' has been explicitly defined. Therefore, a default DefaultHeaderChannelRegistry will be created.
2025-07-15 17:47:45.011   [main] INFO  o.s.boot.web.embedded.tomcat.TomcatWebServer - Tomcat initialized with port(s): 8080 (http)
2025-07-15 17:47:45.016   [main] INFO  org.apache.coyote.http11.Http11NioProtocol - Initializing ProtocolHandler ["http-nio-8080"]
2025-07-15 17:47:45.017   [main] INFO  org.apache.catalina.core.StandardService - Starting service [Tomcat]
2025-07-15 17:47:45.017   [main] INFO  org.apache.catalina.core.StandardEngine - Starting Servlet engine: [Apache Tomcat/9.0.90]
2025-07-15 17:47:45.095   [main] INFO  o.a.c.core.ContainerBase.[Tomcat].[localhost].[/] - Initializing Spring embedded WebApplicationContext
2025-07-15 17:47:45.096   [main] INFO  o.s.b.w.s.c.ServletWebServerApplicationContext - Root WebApplicationContext: initialization completed in 2009 ms
2025-07-15 17:47:46.167   [main] INFO  org.apache.catalina.core.StandardService - Stopping service [Tomcat]
2025-07-15 17:47:46.173   [main] INFO  o.s.b.a.l.ConditionEvaluationReportLoggingListener - 

Error starting ApplicationContext. To display the conditions report re-run your application with 'debug' enabled.
2025-07-15 17:48:00.563   [background-preinit] INFO  org.hibernate.validator.internal.util.Version - HV000001: Hibernate Validator 6.2.5.Final
2025-07-15 17:48:00.588   [main] INFO  i.g.n.aerial.AerialEngineServerApplication - Starting AerialEngineServerApplication using Java 1.8.0_432 on Cyan with PID 3580 (F:\GitHubWorkspaces\NicheEngine\aerial-engine-server\aerial-engine-server\target\classes started by Snow in F:\GitHubWorkspaces\NicheEngine\aerial-engine-server)
2025-07-15 17:48:00.589   [main] INFO  i.g.n.aerial.AerialEngineServerApplication - The following 1 profile is active: "dev"
2025-07-15 17:48:01.869   [main] INFO  o.s.d.r.config.RepositoryConfigurationDelegate - Multiple Spring Data modules found, entering strict repository configuration mode
2025-07-15 17:48:01.870   [main] INFO  o.s.d.r.config.RepositoryConfigurationDelegate - Bootstrapping Spring Data Redis repositories in DEFAULT mode.
2025-07-15 17:48:01.892   [main] INFO  o.s.d.r.config.RepositoryConfigurationDelegate - Finished Spring Data repository scanning in 6 ms. Found 0 Redis repository interfaces.
2025-07-15 17:48:02.139   [main] INFO  o.s.d.r.config.RepositoryConfigurationDelegate - Multiple Spring Data modules found, entering strict repository configuration mode
2025-07-15 17:48:02.139   [main] INFO  o.s.d.r.config.RepositoryConfigurationDelegate - Bootstrapping Spring Data Redis repositories in DEFAULT mode.
2025-07-15 17:48:02.232   [main] INFO  o.s.d.r.config.RepositoryConfigurationDelegate - Finished Spring Data repository scanning in 92 ms. Found 0 Redis repository interfaces.
2025-07-15 17:48:02.448   [main] INFO  o.s.i.c.DefaultConfiguringBeanFactoryPostProcessor - No bean named 'errorChannel' has been explicitly defined. Therefore, a default PublishSubscribeChannel will be created.
2025-07-15 17:48:02.463   [main] INFO  o.s.i.c.DefaultConfiguringBeanFactoryPostProcessor - No bean named 'integrationHeaderChannelRegistry' has been explicitly defined. Therefore, a default DefaultHeaderChannelRegistry will be created.
2025-07-15 17:48:03.354   [main] INFO  o.s.boot.web.embedded.tomcat.TomcatWebServer - Tomcat initialized with port(s): 8080 (http)
2025-07-15 17:48:03.366   [main] INFO  org.apache.coyote.http11.Http11NioProtocol - Initializing ProtocolHandler ["http-nio-8080"]
2025-07-15 17:48:03.368   [main] INFO  org.apache.catalina.core.StandardService - Starting service [Tomcat]
2025-07-15 17:48:03.368   [main] INFO  org.apache.catalina.core.StandardEngine - Starting Servlet engine: [Apache Tomcat/9.0.90]
2025-07-15 17:48:03.474   [main] INFO  o.a.c.core.ContainerBase.[Tomcat].[localhost].[/] - Initializing Spring embedded WebApplicationContext
2025-07-15 17:48:03.475   [main] INFO  o.s.b.w.s.c.ServletWebServerApplicationContext - Root WebApplicationContext: initialization completed in 2832 ms
2025-07-15 17:48:56.442   [main] INFO  org.apache.catalina.core.StandardService - Stopping service [Tomcat]
2025-07-15 17:48:56.454   [main] INFO  o.s.b.a.l.ConditionEvaluationReportLoggingListener - 

Error starting ApplicationContext. To display the conditions report re-run your application with 'debug' enabled.
2025-07-15 17:56:52.019   [background-preinit] INFO  org.hibernate.validator.internal.util.Version - HV000001: Hibernate Validator 6.2.5.Final
2025-07-15 17:56:52.036   [main] INFO  i.g.n.aerial.AerialEngineServerApplication - Starting AerialEngineServerApplication using Java 1.8.0_432 on Cyan with PID 18604 (F:\GitHubWorkspaces\NicheEngine\aerial-engine-server\aerial-engine-server\target\classes started by Snow in F:\GitHubWorkspaces\NicheEngine\aerial-engine-server)
2025-07-15 17:56:52.036   [main] INFO  i.g.n.aerial.AerialEngineServerApplication - The following 1 profile is active: "dev"
2025-07-15 17:56:53.055   [main] INFO  o.s.d.r.config.RepositoryConfigurationDelegate - Multiple Spring Data modules found, entering strict repository configuration mode
2025-07-15 17:56:53.055   [main] INFO  o.s.d.r.config.RepositoryConfigurationDelegate - Bootstrapping Spring Data Redis repositories in DEFAULT mode.
2025-07-15 17:56:53.070   [main] INFO  o.s.d.r.config.RepositoryConfigurationDelegate - Finished Spring Data repository scanning in 4 ms. Found 0 Redis repository interfaces.
2025-07-15 17:56:53.205   [main] INFO  o.s.d.r.config.RepositoryConfigurationDelegate - Multiple Spring Data modules found, entering strict repository configuration mode
2025-07-15 17:56:53.205   [main] INFO  o.s.d.r.config.RepositoryConfigurationDelegate - Bootstrapping Spring Data Redis repositories in DEFAULT mode.
2025-07-15 17:56:53.322   [main] INFO  o.s.d.r.config.RepositoryConfigurationDelegate - Finished Spring Data repository scanning in 115 ms. Found 0 Redis repository interfaces.
2025-07-15 17:56:53.473   [main] INFO  o.s.i.c.DefaultConfiguringBeanFactoryPostProcessor - No bean named 'errorChannel' has been explicitly defined. Therefore, a default PublishSubscribeChannel will be created.
2025-07-15 17:56:53.479   [main] INFO  o.s.i.c.DefaultConfiguringBeanFactoryPostProcessor - No bean named 'integrationHeaderChannelRegistry' has been explicitly defined. Therefore, a default DefaultHeaderChannelRegistry will be created.
2025-07-15 17:56:53.942   [main] INFO  o.s.boot.web.embedded.tomcat.TomcatWebServer - Tomcat initialized with port(s): 8080 (http)
2025-07-15 17:56:53.948   [main] INFO  org.apache.coyote.http11.Http11NioProtocol - Initializing ProtocolHandler ["http-nio-8080"]
2025-07-15 17:56:53.949   [main] INFO  org.apache.catalina.core.StandardService - Starting service [Tomcat]
2025-07-15 17:56:53.949   [main] INFO  org.apache.catalina.core.StandardEngine - Starting Servlet engine: [Apache Tomcat/9.0.90]
2025-07-15 17:56:54.020   [main] INFO  o.a.c.core.ContainerBase.[Tomcat].[localhost].[/] - Initializing Spring embedded WebApplicationContext
2025-07-15 17:56:54.020   [main] INFO  o.s.b.w.s.c.ServletWebServerApplicationContext - Root WebApplicationContext: initialization completed in 1948 ms
2025-07-15 17:56:54.392   [main] INFO  i.github.nichetoolkit.mybatis.MybatisContextHolder - [MybatisContextHolder] > afterPropertiesSet: {"catalog":null,"schema":null,"updateLogic":false,"useLogic":true,"useOperate":false,"useLazyInit":false,"excludeUnused":true,"sqlScriptShow":true,"mysqlIgnoreInsert":false,"datetimeNow":"now()","databaseType":"postgresql","styleType":"lowerUnderline","excludedType":"EXCLUDED","properties":{},"excludes":null,"ignores":null,"selectIgnores":null,"insertIgnores":null,"updateIgnores":null,"unuseds":["operate"]}
2025-07-15 17:56:55.269   [main] INFO  org.apache.catalina.core.StandardService - Stopping service [Tomcat]
2025-07-15 17:56:55.276   [main] INFO  o.s.b.a.l.ConditionEvaluationReportLoggingListener - 

Error starting ApplicationContext. To display the conditions report re-run your application with 'debug' enabled.
2025-07-15 18:02:08.710   [background-preinit] INFO  org.hibernate.validator.internal.util.Version - HV000001: Hibernate Validator 6.2.5.Final
2025-07-15 18:02:08.731   [main] INFO  i.g.n.aerial.AerialEngineServerApplication - Starting AerialEngineServerApplication using Java 1.8.0_432 on Cyan with PID 11096 (F:\GitHubWorkspaces\NicheEngine\aerial-engine-server\aerial-engine-server\target\classes started by Snow in F:\GitHubWorkspaces\NicheEngine\aerial-engine-server)
2025-07-15 18:02:08.733   [main] INFO  i.g.n.aerial.AerialEngineServerApplication - The following 1 profile is active: "dev"
2025-07-15 18:02:09.797   [main] INFO  o.s.d.r.config.RepositoryConfigurationDelegate - Multiple Spring Data modules found, entering strict repository configuration mode
2025-07-15 18:02:09.799   [main] INFO  o.s.d.r.config.RepositoryConfigurationDelegate - Bootstrapping Spring Data Redis repositories in DEFAULT mode.
2025-07-15 18:02:09.814   [main] INFO  o.s.d.r.config.RepositoryConfigurationDelegate - Finished Spring Data repository scanning in 4 ms. Found 0 Redis repository interfaces.
2025-07-15 18:02:09.954   [main] INFO  o.s.d.r.config.RepositoryConfigurationDelegate - Multiple Spring Data modules found, entering strict repository configuration mode
2025-07-15 18:02:09.954   [main] INFO  o.s.d.r.config.RepositoryConfigurationDelegate - Bootstrapping Spring Data Redis repositories in DEFAULT mode.
2025-07-15 18:02:10.066   [main] INFO  o.s.d.r.config.RepositoryConfigurationDelegate - Finished Spring Data repository scanning in 111 ms. Found 0 Redis repository interfaces.
2025-07-15 18:02:10.221   [main] INFO  o.s.i.c.DefaultConfiguringBeanFactoryPostProcessor - No bean named 'errorChannel' has been explicitly defined. Therefore, a default PublishSubscribeChannel will be created.
2025-07-15 18:02:10.227   [main] INFO  o.s.i.c.DefaultConfiguringBeanFactoryPostProcessor - No bean named 'integrationHeaderChannelRegistry' has been explicitly defined. Therefore, a default DefaultHeaderChannelRegistry will be created.
2025-07-15 18:02:10.703   [main] INFO  o.s.boot.web.embedded.tomcat.TomcatWebServer - Tomcat initialized with port(s): 8080 (http)
2025-07-15 18:02:10.707   [main] INFO  org.apache.coyote.http11.Http11NioProtocol - Initializing ProtocolHandler ["http-nio-8080"]
2025-07-15 18:02:10.707   [main] INFO  org.apache.catalina.core.StandardService - Starting service [Tomcat]
2025-07-15 18:02:10.707   [main] INFO  org.apache.catalina.core.StandardEngine - Starting Servlet engine: [Apache Tomcat/9.0.90]
2025-07-15 18:02:10.793   [main] INFO  o.a.c.core.ContainerBase.[Tomcat].[localhost].[/] - Initializing Spring embedded WebApplicationContext
2025-07-15 18:02:10.794   [main] INFO  o.s.b.w.s.c.ServletWebServerApplicationContext - Root WebApplicationContext: initialization completed in 2016 ms
2025-07-15 18:02:11.162   [main] INFO  i.github.nichetoolkit.mybatis.MybatisContextHolder - [MybatisContextHolder] > afterPropertiesSet: {"catalog":null,"schema":null,"updateLogic":false,"useLogic":true,"useOperate":false,"useLazyInit":false,"excludeUnused":true,"sqlScriptShow":true,"mysqlIgnoreInsert":false,"datetimeNow":"now()","databaseType":"postgresql","styleType":"lowerUnderline","excludedType":"EXCLUDED","properties":{},"excludes":null,"ignores":null,"selectIgnores":null,"insertIgnores":null,"updateIgnores":null,"unuseds":["operate"]}
2025-07-15 18:02:12.442   [main] INFO  org.apache.catalina.core.StandardService - Stopping service [Tomcat]
2025-07-15 18:02:12.451   [main] INFO  o.s.b.a.l.ConditionEvaluationReportLoggingListener - 

Error starting ApplicationContext. To display the conditions report re-run your application with 'debug' enabled.
2025-07-15 18:14:32.367   [background-preinit] INFO  org.hibernate.validator.internal.util.Version - HV000001: Hibernate Validator 6.2.5.Final
2025-07-15 18:14:32.388   [main] INFO  i.g.n.aerial.AerialEngineServerApplication - Starting AerialEngineServerApplication using Java 1.8.0_432 on Cyan with PID 14700 (F:\GitHubWorkspaces\NicheEngine\aerial-engine-server\aerial-engine-server\target\classes started by Snow in F:\GitHubWorkspaces\NicheEngine\aerial-engine-server)
2025-07-15 18:14:32.389   [main] INFO  i.g.n.aerial.AerialEngineServerApplication - The following 1 profile is active: "dev"
2025-07-15 18:14:33.496   [main] INFO  o.s.d.r.config.RepositoryConfigurationDelegate - Multiple Spring Data modules found, entering strict repository configuration mode
2025-07-15 18:14:33.497   [main] INFO  o.s.d.r.config.RepositoryConfigurationDelegate - Bootstrapping Spring Data Redis repositories in DEFAULT mode.
2025-07-15 18:14:33.511   [main] INFO  o.s.d.r.config.RepositoryConfigurationDelegate - Finished Spring Data repository scanning in 4 ms. Found 0 Redis repository interfaces.
2025-07-15 18:14:33.658   [main] INFO  o.s.d.r.config.RepositoryConfigurationDelegate - Multiple Spring Data modules found, entering strict repository configuration mode
2025-07-15 18:14:33.658   [main] INFO  o.s.d.r.config.RepositoryConfigurationDelegate - Bootstrapping Spring Data Redis repositories in DEFAULT mode.
2025-07-15 18:14:33.760   [main] INFO  o.s.d.r.config.RepositoryConfigurationDelegate - Finished Spring Data repository scanning in 101 ms. Found 0 Redis repository interfaces.
2025-07-15 18:14:33.927   [main] INFO  o.s.i.c.DefaultConfiguringBeanFactoryPostProcessor - No bean named 'errorChannel' has been explicitly defined. Therefore, a default PublishSubscribeChannel will be created.
2025-07-15 18:14:33.935   [main] INFO  o.s.i.c.DefaultConfiguringBeanFactoryPostProcessor - No bean named 'integrationHeaderChannelRegistry' has been explicitly defined. Therefore, a default DefaultHeaderChannelRegistry will be created.
2025-07-15 18:14:34.405   [main] INFO  o.s.boot.web.embedded.tomcat.TomcatWebServer - Tomcat initialized with port(s): 8080 (http)
2025-07-15 18:14:34.410   [main] INFO  org.apache.coyote.http11.Http11NioProtocol - Initializing ProtocolHandler ["http-nio-8080"]
2025-07-15 18:14:34.410   [main] INFO  org.apache.catalina.core.StandardService - Starting service [Tomcat]
2025-07-15 18:14:34.411   [main] INFO  org.apache.catalina.core.StandardEngine - Starting Servlet engine: [Apache Tomcat/9.0.90]
2025-07-15 18:14:35.973   [main] INFO  o.a.c.core.ContainerBase.[Tomcat].[localhost].[/] - Initializing Spring embedded WebApplicationContext
2025-07-15 18:14:35.975   [main] INFO  o.s.b.w.s.c.ServletWebServerApplicationContext - Root WebApplicationContext: initialization completed in 3551 ms
2025-07-15 18:14:36.377   [main] INFO  i.github.nichetoolkit.mybatis.MybatisContextHolder - [MybatisContextHolder] > afterPropertiesSet: {"catalog":null,"schema":null,"updateLogic":false,"useLogic":true,"useOperate":false,"useLazyInit":false,"excludeUnused":true,"sqlScriptShow":true,"mysqlIgnoreInsert":false,"datetimeNow":"now()","databaseType":"postgresql","styleType":"lowerUnderline","excludedType":"EXCLUDED","properties":{},"excludes":null,"ignores":null,"selectIgnores":null,"insertIgnores":null,"updateIgnores":null,"unuseds":["operate"]}
2025-07-15 18:14:37.916   [main] INFO  o.s.integration.endpoint.EventDrivenConsumer - Adding {logging-channel-adapter:_org.springframework.integration.errorLogger} as a subscriber to the 'errorChannel' channel
2025-07-15 18:14:37.916   [main] INFO  o.s.integration.channel.PublishSubscribeChannel - Channel 'aerial-engine-example.errorChannel' has 1 subscriber(s).
2025-07-15 18:14:37.916   [main] INFO  o.s.integration.endpoint.EventDrivenConsumer - started bean '_org.springframework.integration.errorLogger'
2025-07-15 18:14:37.916   [main] INFO  o.s.integration.endpoint.EventDrivenConsumer - Adding {transformer} as a subscriber to the 'inboundDrcUp' channel
2025-07-15 18:14:37.916   [main] INFO  o.s.integration.channel.DirectChannel - Channel 'aerial-engine-example.inboundDrcUp' has 1 subscriber(s).
2025-07-15 18:14:37.916   [main] INFO  o.s.integration.endpoint.EventDrivenConsumer - started bean 'flowOfDrcUpRouter.org.springframework.integration.config.ConsumerEndpointFactoryBean#0'; defined in: 'class path resource [io/github/nicheengine/aerial/router/MqttDrcUpRouter.class]'; from source: 'bean method flowOfDrcUpRouter'
2025-07-15 18:14:37.917   [main] INFO  o.s.integration.endpoint.EventDrivenConsumer - Adding {router} as a subscriber to the 'flowOfDrcUpRouter.channel#0' channel
2025-07-15 18:14:37.917   [main] INFO  o.s.integration.channel.DirectChannel - Channel 'aerial-engine-example.flowOfDrcUpRouter.channel#0' has 1 subscriber(s).
2025-07-15 18:14:37.917   [main] INFO  o.s.integration.endpoint.EventDrivenConsumer - started bean 'flowOfDrcUpRouter.org.springframework.integration.config.ConsumerEndpointFactoryBean#1'; defined in: 'class path resource [io/github/nicheengine/aerial/router/MqttDrcUpRouter.class]'; from source: 'bean method flowOfDrcUpRouter'
2025-07-15 18:14:37.917   [main] INFO  o.s.integration.endpoint.EventDrivenConsumer - Adding {transformer} as a subscriber to the 'inboundEvents' channel
2025-07-15 18:14:37.917   [main] INFO  o.s.integration.channel.DirectChannel - Channel 'aerial-engine-example.inboundEvents' has 1 subscriber(s).
2025-07-15 18:14:37.917   [main] INFO  o.s.integration.endpoint.EventDrivenConsumer - started bean 'flowOfEventsRouter.org.springframework.integration.config.ConsumerEndpointFactoryBean#0'; defined in: 'class path resource [io/github/nicheengine/aerial/router/MqttEventsRouter.class]'; from source: 'bean method flowOfEventsRouter'
2025-07-15 18:14:37.917   [main] INFO  o.s.integration.endpoint.EventDrivenConsumer - Adding {router} as a subscriber to the 'flowOfEventsRouter.channel#0' channel
2025-07-15 18:14:37.917   [main] INFO  o.s.integration.channel.DirectChannel - Channel 'aerial-engine-example.flowOfEventsRouter.channel#0' has 1 subscriber(s).
2025-07-15 18:14:37.917   [main] INFO  o.s.integration.endpoint.EventDrivenConsumer - started bean 'flowOfEventsRouter.org.springframework.integration.config.ConsumerEndpointFactoryBean#1'; defined in: 'class path resource [io/github/nicheengine/aerial/router/MqttEventsRouter.class]'; from source: 'bean method flowOfEventsRouter'
2025-07-15 18:14:37.917   [main] INFO  o.s.integration.endpoint.EventDrivenConsumer - Adding {service-activator} as a subscriber to the 'outboundEvents' channel
2025-07-15 18:14:37.917   [main] INFO  o.s.integration.channel.DirectChannel - Channel 'aerial-engine-example.outboundEvents' has 1 subscriber(s).
2025-07-15 18:14:37.917   [main] INFO  o.s.integration.endpoint.EventDrivenConsumer - started bean 'flowOfEventsReplySuccessRouter.org.springframework.integration.config.ConsumerEndpointFactoryBean#0'; defined in: 'class path resource [io/github/nicheengine/aerial/router/MqttEventsRouter.class]'; from source: 'bean method flowOfEventsReplySuccessRouter'
2025-07-15 18:14:37.917   [main] INFO  o.s.integration.endpoint.EventDrivenConsumer - Adding {transformer} as a subscriber to the 'inboundOsd' channel
2025-07-15 18:14:37.917   [main] INFO  o.s.integration.channel.ExecutorChannel - Channel 'aerial-engine-example.inboundOsd' has 1 subscriber(s).
2025-07-15 18:14:37.917   [main] INFO  o.s.integration.endpoint.EventDrivenConsumer - started bean 'flowOfOsdRouter.org.springframework.integration.config.ConsumerEndpointFactoryBean#0'; defined in: 'class path resource [io/github/nicheengine/aerial/router/MqttOsdRouter.class]'; from source: 'bean method flowOfOsdRouter'
2025-07-15 18:14:37.917   [main] INFO  o.s.integration.endpoint.EventDrivenConsumer - Adding {router} as a subscriber to the 'flowOfOsdRouter.channel#0' channel
2025-07-15 18:14:37.918   [main] INFO  o.s.integration.channel.DirectChannel - Channel 'aerial-engine-example.flowOfOsdRouter.channel#0' has 1 subscriber(s).
2025-07-15 18:14:37.918   [main] INFO  o.s.integration.endpoint.EventDrivenConsumer - started bean 'flowOfOsdRouter.org.springframework.integration.config.ConsumerEndpointFactoryBean#1'; defined in: 'class path resource [io/github/nicheengine/aerial/router/MqttOsdRouter.class]'; from source: 'bean method flowOfOsdRouter'
2025-07-15 18:14:37.918   [main] INFO  o.s.integration.endpoint.EventDrivenConsumer - Adding {transformer} as a subscriber to the 'inboundRequests' channel
2025-07-15 18:14:37.918   [main] INFO  o.s.integration.channel.DirectChannel - Channel 'aerial-engine-example.inboundRequests' has 1 subscriber(s).
2025-07-15 18:14:37.918   [main] INFO  o.s.integration.endpoint.EventDrivenConsumer - started bean 'flowOfRequestsRouter.org.springframework.integration.config.ConsumerEndpointFactoryBean#0'; defined in: 'class path resource [io/github/nicheengine/aerial/router/MqttRequestsRouter.class]'; from source: 'bean method flowOfRequestsRouter'
2025-07-15 18:14:37.918   [main] INFO  o.s.integration.endpoint.EventDrivenConsumer - Adding {router} as a subscriber to the 'flowOfRequestsRouter.channel#0' channel
2025-07-15 18:14:37.918   [main] INFO  o.s.integration.channel.DirectChannel - Channel 'aerial-engine-example.flowOfRequestsRouter.channel#0' has 1 subscriber(s).
2025-07-15 18:14:37.918   [main] INFO  o.s.integration.endpoint.EventDrivenConsumer - started bean 'flowOfRequestsRouter.org.springframework.integration.config.ConsumerEndpointFactoryBean#1'; defined in: 'class path resource [io/github/nicheengine/aerial/router/MqttRequestsRouter.class]'; from source: 'bean method flowOfRequestsRouter'
2025-07-15 18:14:37.918   [main] INFO  o.s.integration.endpoint.EventDrivenConsumer - Adding {service-activator} as a subscriber to the 'outboundRequests' channel
2025-07-15 18:14:37.918   [main] INFO  o.s.integration.channel.DirectChannel - Channel 'aerial-engine-example.outboundRequests' has 1 subscriber(s).
2025-07-15 18:14:37.918   [main] INFO  o.s.integration.endpoint.EventDrivenConsumer - started bean 'flowOfRequestsReplyRouter.org.springframework.integration.config.ConsumerEndpointFactoryBean#0'; defined in: 'class path resource [io/github/nicheengine/aerial/router/MqttRequestsRouter.class]'; from source: 'bean method flowOfRequestsReplyRouter'
2025-07-15 18:14:37.918   [main] INFO  o.s.integration.endpoint.EventDrivenConsumer - Adding {transformer} as a subscriber to the 'inboundState' channel
2025-07-15 18:14:37.918   [main] INFO  o.s.integration.channel.DirectChannel - Channel 'aerial-engine-example.inboundState' has 1 subscriber(s).
2025-07-15 18:14:37.918   [main] INFO  o.s.integration.endpoint.EventDrivenConsumer - started bean 'flowOfStateRouter.org.springframework.integration.config.ConsumerEndpointFactoryBean#0'; defined in: 'class path resource [io/github/nicheengine/aerial/router/MqttStateRouter.class]'; from source: 'bean method flowOfStateRouter'
2025-07-15 18:14:37.918   [main] INFO  o.s.integration.endpoint.EventDrivenConsumer - Adding {router} as a subscriber to the 'flowOfStateRouter.channel#0' channel
2025-07-15 18:14:37.918   [main] INFO  o.s.integration.channel.DirectChannel - Channel 'aerial-engine-example.flowOfStateRouter.channel#0' has 1 subscriber(s).
2025-07-15 18:14:37.918   [main] INFO  o.s.integration.endpoint.EventDrivenConsumer - started bean 'flowOfStateRouter.org.springframework.integration.config.ConsumerEndpointFactoryBean#1'; defined in: 'class path resource [io/github/nicheengine/aerial/router/MqttStateRouter.class]'; from source: 'bean method flowOfStateRouter'
2025-07-15 18:14:37.918   [main] INFO  o.s.integration.endpoint.EventDrivenConsumer - Adding {service-activator} as a subscriber to the 'outboundState' channel
2025-07-15 18:14:37.918   [main] INFO  o.s.integration.channel.DirectChannel - Channel 'aerial-engine-example.outboundState' has 1 subscriber(s).
2025-07-15 18:14:37.918   [main] INFO  o.s.integration.endpoint.EventDrivenConsumer - started bean 'flowOfStateReplySuccessRouter.org.springframework.integration.config.ConsumerEndpointFactoryBean#0'; defined in: 'class path resource [io/github/nicheengine/aerial/router/MqttStateRouter.class]'; from source: 'bean method flowOfStateReplySuccessRouter'
2025-07-15 18:14:37.918   [main] INFO  o.s.integration.endpoint.EventDrivenConsumer - Adding {transformer} as a subscriber to the 'inboundStatus' channel
2025-07-15 18:14:37.918   [main] INFO  o.s.integration.channel.DirectChannel - Channel 'aerial-engine-example.inboundStatus' has 1 subscriber(s).
2025-07-15 18:14:37.919   [main] INFO  o.s.integration.endpoint.EventDrivenConsumer - started bean 'flowOfStatusRouter.org.springframework.integration.config.ConsumerEndpointFactoryBean#0'; defined in: 'class path resource [io/github/nicheengine/aerial/router/MqttStatusRouter.class]'; from source: 'bean method flowOfStatusRouter'
2025-07-15 18:14:37.919   [main] INFO  o.s.integration.endpoint.EventDrivenConsumer - Adding {router} as a subscriber to the 'flowOfStatusRouter.channel#0' channel
2025-07-15 18:14:37.919   [main] INFO  o.s.integration.channel.DirectChannel - Channel 'aerial-engine-example.flowOfStatusRouter.channel#0' has 1 subscriber(s).
2025-07-15 18:14:37.919   [main] INFO  o.s.integration.endpoint.EventDrivenConsumer - started bean 'flowOfStatusRouter.org.springframework.integration.config.ConsumerEndpointFactoryBean#1'; defined in: 'class path resource [io/github/nicheengine/aerial/router/MqttStatusRouter.class]'; from source: 'bean method flowOfStatusRouter'
2025-07-15 18:14:37.919   [main] INFO  o.s.integration.endpoint.EventDrivenConsumer - Adding {service-activator} as a subscriber to the 'outboundStatus' channel
2025-07-15 18:14:37.919   [main] INFO  o.s.integration.channel.DirectChannel - Channel 'aerial-engine-example.outboundStatus' has 1 subscriber(s).
2025-07-15 18:14:37.919   [main] INFO  o.s.integration.endpoint.EventDrivenConsumer - started bean 'flowOfStatusReplySuccessRouter.org.springframework.integration.config.ConsumerEndpointFactoryBean#0'; defined in: 'class path resource [io/github/nicheengine/aerial/router/MqttStatusRouter.class]'; from source: 'bean method flowOfStatusReplySuccessRouter'
2025-07-15 18:14:37.919   [main] INFO  o.s.integration.endpoint.EventDrivenConsumer - Adding {message-handler:aerialMqttAutoConfigure.outboundHandler.serviceActivator} as a subscriber to the 'outbound' channel
2025-07-15 18:14:37.919   [main] INFO  o.s.integration.channel.DirectChannel - Channel 'aerial-engine-example.outbound' has 1 subscriber(s).
2025-07-15 18:14:37.919   [main] INFO  o.s.integration.endpoint.EventDrivenConsumer - started bean 'aerialMqttAutoConfigure.outboundHandler.serviceActivator'
2025-07-15 18:14:37.919   [main] INFO  o.s.integration.endpoint.EventDrivenConsumer - Adding {message-handler:aerialMqttAutoConfigure.defaultHandler.serviceActivator} as a subscriber to the 'default' channel
2025-07-15 18:14:37.919   [main] INFO  o.s.integration.channel.DirectChannel - Channel 'aerial-engine-example.default' has 1 subscriber(s).
2025-07-15 18:14:37.919   [main] INFO  o.s.integration.endpoint.EventDrivenConsumer - started bean 'aerialMqttAutoConfigure.defaultHandler.serviceActivator'
2025-07-15 18:14:37.919   [main] INFO  o.s.integration.endpoint.EventDrivenConsumer - Adding {router:mqttMessageRouter.determineTargetChannels.router} as a subscriber to the 'inbound' channel
2025-07-15 18:14:37.919   [main] INFO  o.s.integration.channel.ExecutorChannel - Channel 'aerial-engine-example.inbound' has 1 subscriber(s).
2025-07-15 18:14:37.919   [main] INFO  o.s.integration.endpoint.EventDrivenConsumer - started bean 'mqttMessageRouter.determineTargetChannels.router'
2025-07-15 18:14:37.920   [main] INFO  o.s.integration.endpoint.EventDrivenConsumer - Adding {service-activator:mqttPropertySetReply.propertySetReply.serviceActivator} as a subscriber to the 'inboundPropertySetReply' channel
2025-07-15 18:14:37.920   [main] INFO  o.s.integration.channel.DirectChannel - Channel 'aerial-engine-example.inboundPropertySetReply' has 1 subscriber(s).
2025-07-15 18:14:37.920   [main] INFO  o.s.integration.endpoint.EventDrivenConsumer - started bean 'mqttPropertySetReply.propertySetReply.serviceActivator'
2025-07-15 18:14:37.920   [main] INFO  o.s.integration.endpoint.EventDrivenConsumer - Adding {service-activator:mqttServicesReply.propertySetReply.serviceActivator} as a subscriber to the 'inboundPropertySetReply' channel
2025-07-15 18:14:37.920   [main] INFO  o.s.integration.channel.DirectChannel - Channel 'aerial-engine-example.inboundPropertySetReply' has 2 subscriber(s).
2025-07-15 18:14:37.920   [main] INFO  o.s.integration.endpoint.EventDrivenConsumer - started bean 'mqttServicesReply.propertySetReply.serviceActivator'
2025-07-15 18:14:37.920   [main] INFO  o.s.i.g.GatewayProxyFactoryBean$MethodInvocationGateway - started bean 'mqttMessageGateway#publish(String, byte[])'
2025-07-15 18:14:37.920   [main] INFO  o.s.i.g.GatewayProxyFactoryBean$MethodInvocationGateway - started bean 'mqttMessageGateway#publish(String, byte[], int)'
2025-07-15 18:14:37.920   [main] INFO  o.s.integration.gateway.GatewayProxyFactoryBean - started bean 'mqttMessageGateway'
2025-07-15 18:14:38.310   [main] INFO  o.s.i.m.i.MqttPahoMessageDrivenChannelAdapter - started bean 'channelAdapter'; defined in: 'class path resource [io/github/nicheengine/aerial/configure/AerialMqttAutoConfigure.class]'; from source: 'io.github.nicheengine.aerial.configure.AerialMqttAutoConfigure.channelAdapter(org.springframework.integration.mqtt.support.MqttMessageConverter,org.springframework.integration.mqtt.core.MqttPahoClientFactory)'
2025-07-15 18:14:38.311   [main] INFO  org.apache.coyote.http11.Http11NioProtocol - Starting ProtocolHandler ["http-nio-8080"]
2025-07-15 18:14:38.322   [main] INFO  o.s.boot.web.embedded.tomcat.TomcatWebServer - Tomcat started on port(s): 8080 (http) with context path ''
2025-07-15 18:14:38.324   [main] INFO  o.s.m.simp.broker.SimpleBrokerMessageHandler - Starting...
2025-07-15 18:14:38.325   [main] INFO  o.s.m.simp.broker.SimpleBrokerMessageHandler - BrokerAvailabilityEvent[available=true, SimpleBrokerMessageHandler [org.springframework.messaging.simp.broker.DefaultSubscriptionRegistry@77fb1002]]
2025-07-15 18:14:38.325   [main] INFO  o.s.m.simp.broker.SimpleBrokerMessageHandler - Started.
2025-07-15 18:14:38.331   [main] INFO  i.g.n.aerial.AerialEngineServerApplication - Started AerialEngineServerApplication in 6.303 seconds (JVM running for 16.267)
2025-07-15 18:15:37.759   [MessageBroker-1] INFO  o.s.web.socket.config.WebSocketMessageBrokerStats - WebSocketSession[0 current WS(0)-HttpStream(0)-HttpPoll(0), 0 total, 0 closed abnormally (0 connect failure, 0 send limit, 0 transport error)], stompSubProtocol[processed CONNECT(0)-CONNECTED(0)-DISCONNECT(0)], stompBrokerRelay[null], inboundChannel[pool size = 0, active threads = 0, queued tasks = 0, completed tasks = 0], outboundChannel[pool size = 0, active threads = 0, queued tasks = 0, completed tasks = 0], sockJsScheduler[pool size = 1, active threads = 1, queued tasks = 0, completed tasks = 0]
2025-07-15 18:16:31.669   [SpringApplicationShutdownHook] INFO  o.s.m.simp.broker.SimpleBrokerMessageHandler - Stopping...
2025-07-15 18:16:31.670   [SpringApplicationShutdownHook] INFO  o.s.m.simp.broker.SimpleBrokerMessageHandler - BrokerAvailabilityEvent[available=false, SimpleBrokerMessageHandler [org.springframework.messaging.simp.broker.DefaultSubscriptionRegistry@77fb1002]]
2025-07-15 18:16:31.670   [SpringApplicationShutdownHook] INFO  o.s.m.simp.broker.SimpleBrokerMessageHandler - Stopped.
2025-07-15 18:16:35.716   [background-preinit] INFO  org.hibernate.validator.internal.util.Version - HV000001: Hibernate Validator 6.2.5.Final
2025-07-15 18:16:35.742   [main] INFO  i.g.n.aerial.AerialEngineServerApplication - Starting AerialEngineServerApplication using Java 1.8.0_432 on Cyan with PID 14868 (F:\GitHubWorkspaces\NicheEngine\aerial-engine-server\aerial-engine-server\target\classes started by Snow in F:\GitHubWorkspaces\NicheEngine\aerial-engine-server)
2025-07-15 18:16:35.744   [main] INFO  i.g.n.aerial.AerialEngineServerApplication - The following 1 profile is active: "dev"
2025-07-15 18:16:36.924   [main] INFO  o.s.d.r.config.RepositoryConfigurationDelegate - Multiple Spring Data modules found, entering strict repository configuration mode
2025-07-15 18:16:36.924   [main] INFO  o.s.d.r.config.RepositoryConfigurationDelegate - Bootstrapping Spring Data Redis repositories in DEFAULT mode.
2025-07-15 18:16:36.942   [main] INFO  o.s.d.r.config.RepositoryConfigurationDelegate - Finished Spring Data repository scanning in 4 ms. Found 0 Redis repository interfaces.
2025-07-15 18:16:37.091   [main] INFO  o.s.d.r.config.RepositoryConfigurationDelegate - Multiple Spring Data modules found, entering strict repository configuration mode
2025-07-15 18:16:37.092   [main] INFO  o.s.d.r.config.RepositoryConfigurationDelegate - Bootstrapping Spring Data Redis repositories in DEFAULT mode.
2025-07-15 18:16:37.204   [main] INFO  o.s.d.r.config.RepositoryConfigurationDelegate - Finished Spring Data repository scanning in 111 ms. Found 0 Redis repository interfaces.
2025-07-15 18:16:37.888   [main] INFO  o.s.boot.web.embedded.tomcat.TomcatWebServer - Tomcat initialized with port(s): 8080 (http)
2025-07-15 18:16:37.894   [main] INFO  org.apache.coyote.http11.Http11NioProtocol - Initializing ProtocolHandler ["http-nio-8080"]
2025-07-15 18:16:37.894   [main] INFO  org.apache.catalina.core.StandardService - Starting service [Tomcat]
2025-07-15 18:16:37.894   [main] INFO  org.apache.catalina.core.StandardEngine - Starting Servlet engine: [Apache Tomcat/9.0.90]
2025-07-15 18:16:37.985   [main] INFO  o.a.c.core.ContainerBase.[Tomcat].[localhost].[/] - Initializing Spring embedded WebApplicationContext
2025-07-15 18:16:37.986   [main] INFO  o.s.b.w.s.c.ServletWebServerApplicationContext - Root WebApplicationContext: initialization completed in 2194 ms
2025-07-15 18:16:38.454   [main] INFO  i.github.nichetoolkit.mybatis.MybatisContextHolder - [MybatisContextHolder] > afterPropertiesSet: {"catalog":null,"schema":null,"updateLogic":false,"useLogic":true,"useOperate":false,"useLazyInit":false,"excludeUnused":true,"sqlScriptShow":true,"mysqlIgnoreInsert":false,"datetimeNow":"now()","databaseType":"postgresql","styleType":"lowerUnderline","excludedType":"EXCLUDED","properties":{},"excludes":null,"ignores":null,"selectIgnores":null,"insertIgnores":null,"updateIgnores":null,"unuseds":["operate"]}
2025-07-15 18:16:40.157   [main] INFO  org.apache.coyote.http11.Http11NioProtocol - Starting ProtocolHandler ["http-nio-8080"]
2025-07-15 18:16:40.170   [main] INFO  o.s.boot.web.embedded.tomcat.TomcatWebServer - Tomcat started on port(s): 8080 (http) with context path ''
2025-07-15 18:16:40.171   [main] INFO  o.s.m.simp.broker.SimpleBrokerMessageHandler - Starting...
2025-07-15 18:16:40.172   [main] INFO  o.s.m.simp.broker.SimpleBrokerMessageHandler - BrokerAvailabilityEvent[available=true, SimpleBrokerMessageHandler [org.springframework.messaging.simp.broker.DefaultSubscriptionRegistry@6f22c1f1]]
2025-07-15 18:16:40.172   [main] INFO  o.s.m.simp.broker.SimpleBrokerMessageHandler - Started.
2025-07-15 18:16:40.179   [main] INFO  i.g.n.aerial.AerialEngineServerApplication - Started AerialEngineServerApplication in 4.84 seconds (JVM running for 5.639)
2025-07-15 18:17:09.034   [SpringApplicationShutdownHook] INFO  o.s.m.simp.broker.SimpleBrokerMessageHandler - Stopping...
2025-07-15 18:17:09.034   [SpringApplicationShutdownHook] INFO  o.s.m.simp.broker.SimpleBrokerMessageHandler - BrokerAvailabilityEvent[available=false, SimpleBrokerMessageHandler [org.springframework.messaging.simp.broker.DefaultSubscriptionRegistry@6f22c1f1]]
2025-07-15 18:17:09.034   [SpringApplicationShutdownHook] INFO  o.s.m.simp.broker.SimpleBrokerMessageHandler - Stopped.
2025-07-15 18:19:29.155   [background-preinit] INFO  org.hibernate.validator.internal.util.Version - HV000001: Hibernate Validator 6.2.5.Final
2025-07-15 18:19:29.176   [main] INFO  i.g.n.aerial.AerialEngineServerApplication - Starting AerialEngineServerApplication using Java 1.8.0_432 on Cyan with PID 6944 (F:\GitHubWorkspaces\NicheEngine\aerial-engine-server\aerial-engine-server\target\classes started by Snow in F:\GitHubWorkspaces\NicheEngine\aerial-engine-server)
2025-07-15 18:19:29.178   [main] INFO  i.g.n.aerial.AerialEngineServerApplication - The following 1 profile is active: "dev"
2025-07-15 18:19:30.229   [main] INFO  o.s.d.r.config.RepositoryConfigurationDelegate - Multiple Spring Data modules found, entering strict repository configuration mode
2025-07-15 18:19:30.230   [main] INFO  o.s.d.r.config.RepositoryConfigurationDelegate - Bootstrapping Spring Data Redis repositories in DEFAULT mode.
2025-07-15 18:19:30.245   [main] INFO  o.s.d.r.config.RepositoryConfigurationDelegate - Finished Spring Data repository scanning in 4 ms. Found 0 Redis repository interfaces.
2025-07-15 18:19:30.392   [main] INFO  o.s.d.r.config.RepositoryConfigurationDelegate - Multiple Spring Data modules found, entering strict repository configuration mode
2025-07-15 18:19:30.393   [main] INFO  o.s.d.r.config.RepositoryConfigurationDelegate - Bootstrapping Spring Data Redis repositories in DEFAULT mode.
2025-07-15 18:19:30.507   [main] INFO  o.s.d.r.config.RepositoryConfigurationDelegate - Finished Spring Data repository scanning in 113 ms. Found 0 Redis repository interfaces.
2025-07-15 18:19:31.099   [main] INFO  o.s.boot.web.embedded.tomcat.TomcatWebServer - Tomcat initialized with port(s): 8080 (http)
2025-07-15 18:19:31.104   [main] INFO  org.apache.coyote.http11.Http11NioProtocol - Initializing ProtocolHandler ["http-nio-8080"]
2025-07-15 18:19:31.105   [main] INFO  org.apache.catalina.core.StandardService - Starting service [Tomcat]
2025-07-15 18:19:31.105   [main] INFO  org.apache.catalina.core.StandardEngine - Starting Servlet engine: [Apache Tomcat/9.0.90]
2025-07-15 18:19:31.178   [main] INFO  o.a.c.core.ContainerBase.[Tomcat].[localhost].[/] - Initializing Spring embedded WebApplicationContext
2025-07-15 18:19:31.178   [main] INFO  o.s.b.w.s.c.ServletWebServerApplicationContext - Root WebApplicationContext: initialization completed in 1959 ms
2025-07-15 18:19:31.643   [main] INFO  i.github.nichetoolkit.mybatis.MybatisContextHolder - [MybatisContextHolder] > afterPropertiesSet: {"catalog":null,"schema":null,"updateLogic":false,"useLogic":true,"useOperate":false,"useLazyInit":false,"excludeUnused":true,"sqlScriptShow":true,"mysqlIgnoreInsert":false,"datetimeNow":"now()","databaseType":"postgresql","styleType":"lowerUnderline","excludedType":"EXCLUDED","properties":{},"excludes":null,"ignores":null,"selectIgnores":null,"insertIgnores":null,"updateIgnores":null,"unuseds":["operate"]}
2025-07-15 18:19:33.467   [main] INFO  org.apache.coyote.http11.Http11NioProtocol - Starting ProtocolHandler ["http-nio-8080"]
2025-07-15 18:19:33.484   [main] INFO  o.s.boot.web.embedded.tomcat.TomcatWebServer - Tomcat started on port(s): 8080 (http) with context path ''
2025-07-15 18:19:33.485   [main] INFO  o.s.m.simp.broker.SimpleBrokerMessageHandler - Starting...
2025-07-15 18:19:33.485   [main] INFO  o.s.m.simp.broker.SimpleBrokerMessageHandler - BrokerAvailabilityEvent[available=true, SimpleBrokerMessageHandler [org.springframework.messaging.simp.broker.DefaultSubscriptionRegistry@123c48d0]]
2025-07-15 18:19:33.485   [main] INFO  o.s.m.simp.broker.SimpleBrokerMessageHandler - Started.
2025-07-15 18:19:33.495   [main] INFO  i.g.n.aerial.AerialEngineServerApplication - Started AerialEngineServerApplication in 4.709 seconds (JVM running for 5.398)
2025-07-15 18:20:32.959   [MessageBroker-1] INFO  o.s.web.socket.config.WebSocketMessageBrokerStats - WebSocketSession[0 current WS(0)-HttpStream(0)-HttpPoll(0), 0 total, 0 closed abnormally (0 connect failure, 0 send limit, 0 transport error)], stompSubProtocol[processed CONNECT(0)-CONNECTED(0)-DISCONNECT(0)], stompBrokerRelay[null], inboundChannel[pool size = 0, active threads = 0, queued tasks = 0, completed tasks = 0], outboundChannel[pool size = 0, active threads = 0, queued tasks = 0, completed tasks = 0], sockJsScheduler[pool size = 1, active threads = 1, queued tasks = 0, completed tasks = 0]
2025-07-15 18:22:19.388   [http-nio-8080-exec-2] INFO  o.a.c.core.ContainerBase.[Tomcat].[localhost].[/] - Initializing Spring DispatcherServlet 'dispatcherServlet'
2025-07-15 18:22:19.388   [http-nio-8080-exec-2] INFO  org.springframework.web.servlet.DispatcherServlet - Initializing Servlet 'dispatcherServlet'
2025-07-15 18:22:19.390   [http-nio-8080-exec-2] INFO  org.springframework.web.servlet.DispatcherServlet - Completed initialization in 2 ms
2025-07-15 18:25:51.417   [SpringApplicationShutdownHook] INFO  o.s.m.simp.broker.SimpleBrokerMessageHandler - Stopping...
2025-07-15 18:25:51.418   [SpringApplicationShutdownHook] INFO  o.s.m.simp.broker.SimpleBrokerMessageHandler - BrokerAvailabilityEvent[available=false, SimpleBrokerMessageHandler [org.springframework.messaging.simp.broker.DefaultSubscriptionRegistry@123c48d0]]
2025-07-15 18:25:51.419   [SpringApplicationShutdownHook] INFO  o.s.m.simp.broker.SimpleBrokerMessageHandler - Stopped.
2025-07-15 18:25:58.482   [background-preinit] INFO  org.hibernate.validator.internal.util.Version - HV000001: Hibernate Validator 6.2.5.Final
2025-07-15 18:25:58.502   [main] INFO  i.g.n.aerial.AerialEngineServerApplication - Starting AerialEngineServerApplication using Java 1.8.0_432 on Cyan with PID 9048 (F:\GitHubWorkspaces\NicheEngine\aerial-engine-server\aerial-engine-server\target\classes started by Snow in F:\GitHubWorkspaces\NicheEngine\aerial-engine-server)
2025-07-15 18:25:58.503   [main] INFO  i.g.n.aerial.AerialEngineServerApplication - The following 1 profile is active: "dev"
2025-07-15 18:25:59.569   [main] INFO  o.s.d.r.config.RepositoryConfigurationDelegate - Multiple Spring Data modules found, entering strict repository configuration mode
2025-07-15 18:25:59.570   [main] INFO  o.s.d.r.config.RepositoryConfigurationDelegate - Bootstrapping Spring Data Redis repositories in DEFAULT mode.
2025-07-15 18:25:59.587   [main] INFO  o.s.d.r.config.RepositoryConfigurationDelegate - Finished Spring Data repository scanning in 4 ms. Found 0 Redis repository interfaces.
2025-07-15 18:25:59.730   [main] INFO  o.s.d.r.config.RepositoryConfigurationDelegate - Multiple Spring Data modules found, entering strict repository configuration mode
2025-07-15 18:25:59.731   [main] INFO  o.s.d.r.config.RepositoryConfigurationDelegate - Bootstrapping Spring Data Redis repositories in DEFAULT mode.
2025-07-15 18:25:59.861   [main] INFO  o.s.d.r.config.RepositoryConfigurationDelegate - Finished Spring Data repository scanning in 129 ms. Found 0 Redis repository interfaces.
2025-07-15 18:26:00.485   [main] INFO  o.s.boot.web.embedded.tomcat.TomcatWebServer - Tomcat initialized with port(s): 8080 (http)
2025-07-15 18:26:00.489   [main] INFO  org.apache.coyote.http11.Http11NioProtocol - Initializing ProtocolHandler ["http-nio-8080"]
2025-07-15 18:26:00.490   [main] INFO  org.apache.catalina.core.StandardService - Starting service [Tomcat]
2025-07-15 18:26:00.490   [main] INFO  org.apache.catalina.core.StandardEngine - Starting Servlet engine: [Apache Tomcat/9.0.90]
2025-07-15 18:26:00.567   [main] INFO  o.a.c.core.ContainerBase.[Tomcat].[localhost].[/] - Initializing Spring embedded WebApplicationContext
2025-07-15 18:26:00.567   [main] INFO  o.s.b.w.s.c.ServletWebServerApplicationContext - Root WebApplicationContext: initialization completed in 2004 ms
2025-07-15 18:26:01.002   [main] INFO  i.github.nichetoolkit.mybatis.MybatisContextHolder - [MybatisContextHolder] > afterPropertiesSet: {"catalog":null,"schema":null,"updateLogic":false,"useLogic":true,"useOperate":false,"useLazyInit":false,"excludeUnused":true,"sqlScriptShow":true,"mysqlIgnoreInsert":false,"datetimeNow":"now()","databaseType":"postgresql","styleType":"lowerUnderline","excludedType":"EXCLUDED","properties":{},"excludes":null,"ignores":null,"selectIgnores":null,"insertIgnores":null,"updateIgnores":null,"unuseds":["operate"]}
2025-07-15 18:26:02.758   [main] INFO  org.apache.coyote.http11.Http11NioProtocol - Starting ProtocolHandler ["http-nio-8080"]
2025-07-15 18:26:02.771   [main] INFO  o.s.boot.web.embedded.tomcat.TomcatWebServer - Tomcat started on port(s): 8080 (http) with context path ''
2025-07-15 18:26:02.772   [main] INFO  o.s.m.simp.broker.SimpleBrokerMessageHandler - Starting...
2025-07-15 18:26:02.772   [main] INFO  o.s.m.simp.broker.SimpleBrokerMessageHandler - BrokerAvailabilityEvent[available=true, SimpleBrokerMessageHandler [org.springframework.messaging.simp.broker.DefaultSubscriptionRegistry@44618fe6]]
2025-07-15 18:26:02.772   [main] INFO  o.s.m.simp.broker.SimpleBrokerMessageHandler - Started.
2025-07-15 18:26:02.785   [main] INFO  i.g.n.aerial.AerialEngineServerApplication - Started AerialEngineServerApplication in 4.633 seconds (JVM running for 5.314)
2025-07-15 18:26:05.424   [http-nio-8080-exec-1] INFO  o.a.c.core.ContainerBase.[Tomcat].[localhost].[/] - Initializing Spring DispatcherServlet 'dispatcherServlet'
2025-07-15 18:26:05.424   [http-nio-8080-exec-1] INFO  org.springframework.web.servlet.DispatcherServlet - Initializing Servlet 'dispatcherServlet'
2025-07-15 18:26:05.426   [http-nio-8080-exec-1] INFO  org.springframework.web.servlet.DispatcherServlet - Completed initialization in 2 ms
2025-07-15 18:27:02.285   [MessageBroker-1] INFO  o.s.web.socket.config.WebSocketMessageBrokerStats - WebSocketSession[0 current WS(0)-HttpStream(0)-HttpPoll(0), 0 total, 0 closed abnormally (0 connect failure, 0 send limit, 0 transport error)], stompSubProtocol[processed CONNECT(0)-CONNECTED(0)-DISCONNECT(0)], stompBrokerRelay[null], inboundChannel[pool size = 0, active threads = 0, queued tasks = 0, completed tasks = 0], outboundChannel[pool size = 0, active threads = 0, queued tasks = 0, completed tasks = 0], sockJsScheduler[pool size = 1, active threads = 1, queued tasks = 0, completed tasks = 0]
2025-07-15 18:27:15.860   [SpringApplicationShutdownHook] INFO  o.s.m.simp.broker.SimpleBrokerMessageHandler - Stopping...
2025-07-15 18:27:15.861   [SpringApplicationShutdownHook] INFO  o.s.m.simp.broker.SimpleBrokerMessageHandler - BrokerAvailabilityEvent[available=false, SimpleBrokerMessageHandler [org.springframework.messaging.simp.broker.DefaultSubscriptionRegistry@44618fe6]]
2025-07-15 18:27:15.861   [SpringApplicationShutdownHook] INFO  o.s.m.simp.broker.SimpleBrokerMessageHandler - Stopped.
2025-07-15 18:27:22.805   [background-preinit] INFO  org.hibernate.validator.internal.util.Version - HV000001: Hibernate Validator 6.2.5.Final
2025-07-15 18:27:22.833   [main] INFO  i.g.n.aerial.AerialEngineServerApplication - Starting AerialEngineServerApplication using Java 1.8.0_432 on Cyan with PID 7680 (F:\GitHubWorkspaces\NicheEngine\aerial-engine-server\aerial-engine-server\target\classes started by Snow in F:\GitHubWorkspaces\NicheEngine\aerial-engine-server)
2025-07-15 18:27:22.834   [main] INFO  i.g.n.aerial.AerialEngineServerApplication - The following 1 profile is active: "dev"
2025-07-15 18:27:24.079   [main] INFO  o.s.d.r.config.RepositoryConfigurationDelegate - Multiple Spring Data modules found, entering strict repository configuration mode
2025-07-15 18:27:24.079   [main] INFO  o.s.d.r.config.RepositoryConfigurationDelegate - Bootstrapping Spring Data Redis repositories in DEFAULT mode.
2025-07-15 18:27:24.104   [main] INFO  o.s.d.r.config.RepositoryConfigurationDelegate - Finished Spring Data repository scanning in 6 ms. Found 0 Redis repository interfaces.
2025-07-15 18:27:24.385   [main] INFO  o.s.d.r.config.RepositoryConfigurationDelegate - Multiple Spring Data modules found, entering strict repository configuration mode
2025-07-15 18:27:24.385   [main] INFO  o.s.d.r.config.RepositoryConfigurationDelegate - Bootstrapping Spring Data Redis repositories in DEFAULT mode.
2025-07-15 18:27:24.477   [main] INFO  o.s.d.r.config.RepositoryConfigurationDelegate - Finished Spring Data repository scanning in 92 ms. Found 0 Redis repository interfaces.
2025-07-15 18:27:25.558   [main] INFO  o.s.boot.web.embedded.tomcat.TomcatWebServer - Tomcat initialized with port(s): 8080 (http)
2025-07-15 18:27:25.568   [main] INFO  org.apache.coyote.http11.Http11NioProtocol - Initializing ProtocolHandler ["http-nio-8080"]
2025-07-15 18:27:25.570   [main] INFO  org.apache.catalina.core.StandardService - Starting service [Tomcat]
2025-07-15 18:27:25.570   [main] INFO  org.apache.catalina.core.StandardEngine - Starting Servlet engine: [Apache Tomcat/9.0.90]
2025-07-15 18:27:25.708   [main] INFO  o.a.c.core.ContainerBase.[Tomcat].[localhost].[/] - Initializing Spring embedded WebApplicationContext
2025-07-15 18:27:25.708   [main] INFO  o.s.b.w.s.c.ServletWebServerApplicationContext - Root WebApplicationContext: initialization completed in 2817 ms
2025-07-15 18:27:26.544   [main] INFO  i.github.nichetoolkit.mybatis.MybatisContextHolder - [MybatisContextHolder] > afterPropertiesSet: {"catalog":null,"schema":null,"updateLogic":false,"useLogic":true,"useOperate":false,"useLazyInit":false,"excludeUnused":true,"sqlScriptShow":true,"mysqlIgnoreInsert":false,"datetimeNow":"now()","databaseType":"postgresql","styleType":"lowerUnderline","excludedType":"EXCLUDED","properties":{},"excludes":null,"ignores":null,"selectIgnores":null,"insertIgnores":null,"updateIgnores":null,"unuseds":["operate"]}
2025-07-15 18:27:35.033   [main] INFO  org.apache.coyote.http11.Http11NioProtocol - Starting ProtocolHandler ["http-nio-8080"]
2025-07-15 18:27:35.092   [main] INFO  o.s.boot.web.embedded.tomcat.TomcatWebServer - Tomcat started on port(s): 8080 (http) with context path ''
2025-07-15 18:27:35.094   [main] INFO  o.s.m.simp.broker.SimpleBrokerMessageHandler - Starting...
2025-07-15 18:27:35.096   [main] INFO  o.s.m.simp.broker.SimpleBrokerMessageHandler - BrokerAvailabilityEvent[available=true, SimpleBrokerMessageHandler [org.springframework.messaging.simp.broker.DefaultSubscriptionRegistry@54d2f5d3]]
2025-07-15 18:27:35.096   [main] INFO  o.s.m.simp.broker.SimpleBrokerMessageHandler - Started.
2025-07-15 18:27:35.111   [main] INFO  i.g.n.aerial.AerialEngineServerApplication - Started AerialEngineServerApplication in 12.911 seconds (JVM running for 14.125)
2025-07-15 18:27:38.473   [http-nio-8080-exec-1] INFO  o.a.c.core.ContainerBase.[Tomcat].[localhost].[/] - Initializing Spring DispatcherServlet 'dispatcherServlet'
2025-07-15 18:27:38.474   [http-nio-8080-exec-1] INFO  org.springframework.web.servlet.DispatcherServlet - Initializing Servlet 'dispatcherServlet'
2025-07-15 18:27:38.476   [http-nio-8080-exec-1] INFO  org.springframework.web.servlet.DispatcherServlet - Completed initialization in 2 ms
2025-07-15 18:28:23.528   [SpringApplicationShutdownHook] INFO  o.s.m.simp.broker.SimpleBrokerMessageHandler - Stopping...
2025-07-15 18:28:23.528   [SpringApplicationShutdownHook] INFO  o.s.m.simp.broker.SimpleBrokerMessageHandler - BrokerAvailabilityEvent[available=false, SimpleBrokerMessageHandler [org.springframework.messaging.simp.broker.DefaultSubscriptionRegistry@54d2f5d3]]
2025-07-15 18:28:23.529   [SpringApplicationShutdownHook] INFO  o.s.m.simp.broker.SimpleBrokerMessageHandler - Stopped.
2025-07-15 18:28:39.221   [background-preinit] INFO  org.hibernate.validator.internal.util.Version - HV000001: Hibernate Validator 6.2.5.Final
2025-07-15 18:28:39.268   [main] INFO  i.g.n.aerial.AerialEngineServerApplication - Starting AerialEngineServerApplication using Java 1.8.0_432 on Cyan with PID 17852 (F:\GitHubWorkspaces\NicheEngine\aerial-engine-server\aerial-engine-server\target\classes started by Snow in F:\GitHubWorkspaces\NicheEngine\aerial-engine-server)
2025-07-15 18:28:39.270   [main] INFO  i.g.n.aerial.AerialEngineServerApplication - The following 1 profile is active: "dev"
2025-07-15 18:28:40.483   [main] INFO  o.s.d.r.config.RepositoryConfigurationDelegate - Multiple Spring Data modules found, entering strict repository configuration mode
2025-07-15 18:28:40.484   [main] INFO  o.s.d.r.config.RepositoryConfigurationDelegate - Bootstrapping Spring Data Redis repositories in DEFAULT mode.
2025-07-15 18:28:40.508   [main] INFO  o.s.d.r.config.RepositoryConfigurationDelegate - Finished Spring Data repository scanning in 6 ms. Found 0 Redis repository interfaces.
2025-07-15 18:28:40.670   [main] INFO  o.s.d.r.config.RepositoryConfigurationDelegate - Multiple Spring Data modules found, entering strict repository configuration mode
2025-07-15 18:28:40.671   [main] INFO  o.s.d.r.config.RepositoryConfigurationDelegate - Bootstrapping Spring Data Redis repositories in DEFAULT mode.
2025-07-15 18:28:40.822   [main] INFO  o.s.d.r.config.RepositoryConfigurationDelegate - Finished Spring Data repository scanning in 151 ms. Found 0 Redis repository interfaces.
2025-07-15 18:28:41.464   [main] INFO  o.s.boot.web.embedded.tomcat.TomcatWebServer - Tomcat initialized with port(s): 8080 (http)
2025-07-15 18:28:41.472   [main] INFO  org.apache.coyote.http11.Http11NioProtocol - Initializing ProtocolHandler ["http-nio-8080"]
2025-07-15 18:28:41.473   [main] INFO  org.apache.catalina.core.StandardService - Starting service [Tomcat]
2025-07-15 18:28:41.473   [main] INFO  org.apache.catalina.core.StandardEngine - Starting Servlet engine: [Apache Tomcat/9.0.90]
2025-07-15 18:28:41.548   [main] INFO  o.a.c.core.ContainerBase.[Tomcat].[localhost].[/] - Initializing Spring embedded WebApplicationContext
2025-07-15 18:28:41.548   [main] INFO  o.s.b.w.s.c.ServletWebServerApplicationContext - Root WebApplicationContext: initialization completed in 2218 ms
2025-07-15 18:28:41.987   [main] INFO  i.github.nichetoolkit.mybatis.MybatisContextHolder - [MybatisContextHolder] > afterPropertiesSet: {"catalog":null,"schema":null,"updateLogic":false,"useLogic":true,"useOperate":false,"useLazyInit":false,"excludeUnused":true,"sqlScriptShow":true,"mysqlIgnoreInsert":false,"datetimeNow":"now()","databaseType":"postgresql","styleType":"lowerUnderline","excludedType":"EXCLUDED","properties":{},"excludes":null,"ignores":null,"selectIgnores":null,"insertIgnores":null,"updateIgnores":null,"unuseds":["operate"]}
2025-07-15 18:28:43.913   [main] INFO  org.apache.coyote.http11.Http11NioProtocol - Starting ProtocolHandler ["http-nio-8080"]
2025-07-15 18:28:43.925   [main] INFO  o.s.boot.web.embedded.tomcat.TomcatWebServer - Tomcat started on port(s): 8080 (http) with context path ''
2025-07-15 18:28:43.927   [main] INFO  o.s.m.simp.broker.SimpleBrokerMessageHandler - Starting...
2025-07-15 18:28:43.927   [main] INFO  o.s.m.simp.broker.SimpleBrokerMessageHandler - BrokerAvailabilityEvent[available=true, SimpleBrokerMessageHandler [org.springframework.messaging.simp.broker.DefaultSubscriptionRegistry@2b15ba1a]]
2025-07-15 18:28:43.927   [main] INFO  o.s.m.simp.broker.SimpleBrokerMessageHandler - Started.
2025-07-15 18:28:43.933   [main] INFO  i.g.n.aerial.AerialEngineServerApplication - Started AerialEngineServerApplication in 5.127 seconds (JVM running for 5.809)
2025-07-15 18:28:47.288   [http-nio-8080-exec-1] INFO  o.a.c.core.ContainerBase.[Tomcat].[localhost].[/] - Initializing Spring DispatcherServlet 'dispatcherServlet'
2025-07-15 18:28:47.288   [http-nio-8080-exec-1] INFO  org.springframework.web.servlet.DispatcherServlet - Initializing Servlet 'dispatcherServlet'
2025-07-15 18:28:47.292   [http-nio-8080-exec-1] INFO  org.springframework.web.servlet.DispatcherServlet - Completed initialization in 4 ms
2025-07-15 18:29:43.426   [MessageBroker-1] INFO  o.s.web.socket.config.WebSocketMessageBrokerStats - WebSocketSession[0 current WS(0)-HttpStream(0)-HttpPoll(0), 0 total, 0 closed abnormally (0 connect failure, 0 send limit, 0 transport error)], stompSubProtocol[processed CONNECT(0)-CONNECTED(0)-DISCONNECT(0)], stompBrokerRelay[null], inboundChannel[pool size = 0, active threads = 0, queued tasks = 0, completed tasks = 0], outboundChannel[pool size = 0, active threads = 0, queued tasks = 0, completed tasks = 0], sockJsScheduler[pool size = 1, active threads = 1, queued tasks = 0, completed tasks = 0]
2025-07-15 18:32:23.173   [SpringApplicationShutdownHook] INFO  o.s.m.simp.broker.SimpleBrokerMessageHandler - Stopping...
2025-07-15 18:32:23.173   [SpringApplicationShutdownHook] INFO  o.s.m.simp.broker.SimpleBrokerMessageHandler - BrokerAvailabilityEvent[available=false, SimpleBrokerMessageHandler [org.springframework.messaging.simp.broker.DefaultSubscriptionRegistry@2b15ba1a]]
2025-07-15 18:32:23.173   [SpringApplicationShutdownHook] INFO  o.s.m.simp.broker.SimpleBrokerMessageHandler - Stopped.
2025-07-15 18:32:26.443   [background-preinit] INFO  org.hibernate.validator.internal.util.Version - HV000001: Hibernate Validator 6.2.5.Final
2025-07-15 18:32:26.467   [main] INFO  i.g.n.aerial.AerialEngineServerApplication - Starting AerialEngineServerApplication using Java 1.8.0_432 on Cyan with PID 5424 (F:\GitHubWorkspaces\NicheEngine\aerial-engine-server\aerial-engine-server\target\classes started by Snow in F:\GitHubWorkspaces\NicheEngine\aerial-engine-server)
2025-07-15 18:32:26.468   [main] INFO  i.g.n.aerial.AerialEngineServerApplication - The following 1 profile is active: "dev"
2025-07-15 18:32:27.506   [main] INFO  o.s.d.r.config.RepositoryConfigurationDelegate - Multiple Spring Data modules found, entering strict repository configuration mode
2025-07-15 18:32:27.506   [main] INFO  o.s.d.r.config.RepositoryConfigurationDelegate - Bootstrapping Spring Data Redis repositories in DEFAULT mode.
2025-07-15 18:32:27.520   [main] INFO  o.s.d.r.config.RepositoryConfigurationDelegate - Finished Spring Data repository scanning in 4 ms. Found 0 Redis repository interfaces.
2025-07-15 18:32:27.657   [main] INFO  o.s.d.r.config.RepositoryConfigurationDelegate - Multiple Spring Data modules found, entering strict repository configuration mode
2025-07-15 18:32:27.657   [main] INFO  o.s.d.r.config.RepositoryConfigurationDelegate - Bootstrapping Spring Data Redis repositories in DEFAULT mode.
2025-07-15 18:32:27.774   [main] INFO  o.s.d.r.config.RepositoryConfigurationDelegate - Finished Spring Data repository scanning in 116 ms. Found 0 Redis repository interfaces.
2025-07-15 18:32:28.367   [main] INFO  o.s.boot.web.embedded.tomcat.TomcatWebServer - Tomcat initialized with port(s): 8080 (http)
2025-07-15 18:32:28.370   [main] INFO  org.apache.coyote.http11.Http11NioProtocol - Initializing ProtocolHandler ["http-nio-8080"]
2025-07-15 18:32:28.372   [main] INFO  org.apache.catalina.core.StandardService - Starting service [Tomcat]
2025-07-15 18:32:28.372   [main] INFO  org.apache.catalina.core.StandardEngine - Starting Servlet engine: [Apache Tomcat/9.0.90]
2025-07-15 18:32:28.455   [main] INFO  o.a.c.core.ContainerBase.[Tomcat].[localhost].[/] - Initializing Spring embedded WebApplicationContext
2025-07-15 18:32:28.456   [main] INFO  o.s.b.w.s.c.ServletWebServerApplicationContext - Root WebApplicationContext: initialization completed in 1941 ms
2025-07-15 18:32:28.920   [main] INFO  i.github.nichetoolkit.mybatis.MybatisContextHolder - [MybatisContextHolder] > afterPropertiesSet: {"catalog":null,"schema":null,"updateLogic":false,"useLogic":true,"useOperate":false,"useLazyInit":false,"excludeUnused":true,"sqlScriptShow":true,"mysqlIgnoreInsert":false,"datetimeNow":"now()","databaseType":"postgresql","styleType":"lowerUnderline","excludedType":"EXCLUDED","properties":{},"excludes":null,"ignores":null,"selectIgnores":null,"insertIgnores":null,"updateIgnores":null,"unuseds":["operate"]}
2025-07-15 18:32:30.690   [main] INFO  org.apache.coyote.http11.Http11NioProtocol - Starting ProtocolHandler ["http-nio-8080"]
2025-07-15 18:32:30.704   [main] INFO  o.s.boot.web.embedded.tomcat.TomcatWebServer - Tomcat started on port(s): 8080 (http) with context path ''
2025-07-15 18:32:30.704   [main] INFO  o.s.m.simp.broker.SimpleBrokerMessageHandler - Starting...
2025-07-15 18:32:30.705   [main] INFO  o.s.m.simp.broker.SimpleBrokerMessageHandler - BrokerAvailabilityEvent[available=true, SimpleBrokerMessageHandler [org.springframework.messaging.simp.broker.DefaultSubscriptionRegistry@14fff5e7]]
2025-07-15 18:32:30.705   [main] INFO  o.s.m.simp.broker.SimpleBrokerMessageHandler - Started.
2025-07-15 18:32:30.712   [main] INFO  i.g.n.aerial.AerialEngineServerApplication - Started AerialEngineServerApplication in 4.652 seconds (JVM running for 5.359)
2025-07-15 18:32:33.768   [http-nio-8080-exec-1] INFO  o.a.c.core.ContainerBase.[Tomcat].[localhost].[/] - Initializing Spring DispatcherServlet 'dispatcherServlet'
2025-07-15 18:32:33.768   [http-nio-8080-exec-1] INFO  org.springframework.web.servlet.DispatcherServlet - Initializing Servlet 'dispatcherServlet'
2025-07-15 18:32:33.770   [http-nio-8080-exec-1] INFO  org.springframework.web.servlet.DispatcherServlet - Completed initialization in 2 ms
2025-07-15 18:33:30.230   [MessageBroker-1] INFO  o.s.web.socket.config.WebSocketMessageBrokerStats - WebSocketSession[0 current WS(0)-HttpStream(0)-HttpPoll(0), 0 total, 0 closed abnormally (0 connect failure, 0 send limit, 0 transport error)], stompSubProtocol[processed CONNECT(0)-CONNECTED(0)-DISCONNECT(0)], stompBrokerRelay[null], inboundChannel[pool size = 0, active threads = 0, queued tasks = 0, completed tasks = 0], outboundChannel[pool size = 0, active threads = 0, queued tasks = 0, completed tasks = 0], sockJsScheduler[pool size = 1, active threads = 1, queued tasks = 0, completed tasks = 0]
2025-07-15 18:38:03.506   [SpringApplicationShutdownHook] INFO  o.s.m.simp.broker.SimpleBrokerMessageHandler - Stopping...
2025-07-15 18:38:03.506   [SpringApplicationShutdownHook] INFO  o.s.m.simp.broker.SimpleBrokerMessageHandler - BrokerAvailabilityEvent[available=false, SimpleBrokerMessageHandler [org.springframework.messaging.simp.broker.DefaultSubscriptionRegistry@14fff5e7]]
2025-07-15 18:38:03.507   [SpringApplicationShutdownHook] INFO  o.s.m.simp.broker.SimpleBrokerMessageHandler - Stopped.
2025-07-15 18:38:09.477   [background-preinit] INFO  org.hibernate.validator.internal.util.Version - HV000001: Hibernate Validator 6.2.5.Final
2025-07-15 18:38:09.508   [main] INFO  i.g.n.aerial.AerialEngineServerApplication - Starting AerialEngineServerApplication using Java 1.8.0_432 on Cyan with PID 11060 (F:\GitHubWorkspaces\NicheEngine\aerial-engine-server\aerial-engine-server\target\classes started by Snow in F:\GitHubWorkspaces\NicheEngine\aerial-engine-server)
2025-07-15 18:38:09.509   [main] INFO  i.g.n.aerial.AerialEngineServerApplication - The following 1 profile is active: "dev"
2025-07-15 18:38:10.761   [main] INFO  o.s.d.r.config.RepositoryConfigurationDelegate - Multiple Spring Data modules found, entering strict repository configuration mode
2025-07-15 18:38:10.763   [main] INFO  o.s.d.r.config.RepositoryConfigurationDelegate - Bootstrapping Spring Data Redis repositories in DEFAULT mode.
2025-07-15 18:38:10.785   [main] INFO  o.s.d.r.config.RepositoryConfigurationDelegate - Finished Spring Data repository scanning in 5 ms. Found 0 Redis repository interfaces.
2025-07-15 18:38:11.034   [main] INFO  o.s.d.r.config.RepositoryConfigurationDelegate - Multiple Spring Data modules found, entering strict repository configuration mode
2025-07-15 18:38:11.034   [main] INFO  o.s.d.r.config.RepositoryConfigurationDelegate - Bootstrapping Spring Data Redis repositories in DEFAULT mode.
2025-07-15 18:38:11.125   [main] INFO  o.s.d.r.config.RepositoryConfigurationDelegate - Finished Spring Data repository scanning in 91 ms. Found 0 Redis repository interfaces.
2025-07-15 18:38:12.268   [main] INFO  o.s.boot.web.embedded.tomcat.TomcatWebServer - Tomcat initialized with port(s): 8080 (http)
2025-07-15 18:38:12.280   [main] INFO  org.apache.coyote.http11.Http11NioProtocol - Initializing ProtocolHandler ["http-nio-8080"]
2025-07-15 18:38:12.283   [main] INFO  org.apache.catalina.core.StandardService - Starting service [Tomcat]
2025-07-15 18:38:12.283   [main] INFO  org.apache.catalina.core.StandardEngine - Starting Servlet engine: [Apache Tomcat/9.0.90]
2025-07-15 18:38:12.393   [main] INFO  o.a.c.core.ContainerBase.[Tomcat].[localhost].[/] - Initializing Spring embedded WebApplicationContext
2025-07-15 18:38:12.393   [main] INFO  o.s.b.w.s.c.ServletWebServerApplicationContext - Root WebApplicationContext: initialization completed in 2828 ms
2025-07-15 18:38:13.208   [main] INFO  i.github.nichetoolkit.mybatis.MybatisContextHolder - [MybatisContextHolder] > afterPropertiesSet: {"catalog":null,"schema":null,"updateLogic":false,"useLogic":true,"useOperate":false,"useLazyInit":false,"excludeUnused":true,"sqlScriptShow":true,"mysqlIgnoreInsert":false,"datetimeNow":"now()","databaseType":"postgresql","styleType":"lowerUnderline","excludedType":"EXCLUDED","properties":{},"excludes":null,"ignores":null,"selectIgnores":null,"insertIgnores":null,"updateIgnores":null,"unuseds":["operate"]}
2025-07-15 18:38:16.461   [main] INFO  org.apache.coyote.http11.Http11NioProtocol - Starting ProtocolHandler ["http-nio-8080"]
2025-07-15 18:38:16.501   [main] INFO  o.s.boot.web.embedded.tomcat.TomcatWebServer - Tomcat started on port(s): 8080 (http) with context path ''
2025-07-15 18:38:16.503   [main] INFO  o.s.m.simp.broker.SimpleBrokerMessageHandler - Starting...
2025-07-15 18:38:16.503   [main] INFO  o.s.m.simp.broker.SimpleBrokerMessageHandler - BrokerAvailabilityEvent[available=true, SimpleBrokerMessageHandler [org.springframework.messaging.simp.broker.DefaultSubscriptionRegistry@17dbca0a]]
2025-07-15 18:38:16.503   [main] INFO  o.s.m.simp.broker.SimpleBrokerMessageHandler - Started.
2025-07-15 18:38:16.515   [main] INFO  i.g.n.aerial.AerialEngineServerApplication - Started AerialEngineServerApplication in 7.693 seconds (JVM running for 8.896)
2025-07-15 18:38:19.823   [http-nio-8080-exec-1] INFO  o.a.c.core.ContainerBase.[Tomcat].[localhost].[/] - Initializing Spring DispatcherServlet 'dispatcherServlet'
2025-07-15 18:38:19.823   [http-nio-8080-exec-1] INFO  org.springframework.web.servlet.DispatcherServlet - Initializing Servlet 'dispatcherServlet'
2025-07-15 18:38:19.825   [http-nio-8080-exec-1] INFO  org.springframework.web.servlet.DispatcherServlet - Completed initialization in 2 ms
2025-07-15 18:49:08.588   [MessageBroker-1] INFO  o.s.web.socket.config.WebSocketMessageBrokerStats - WebSocketSession[0 current WS(0)-HttpStream(0)-HttpPoll(0), 0 total, 0 closed abnormally (0 connect failure, 0 send limit, 0 transport error)], stompSubProtocol[processed CONNECT(0)-CONNECTED(0)-DISCONNECT(0)], stompBrokerRelay[null], inboundChannel[pool size = 0, active threads = 0, queued tasks = 0, completed tasks = 0], outboundChannel[pool size = 0, active threads = 0, queued tasks = 0, completed tasks = 0], sockJsScheduler[pool size = 1, active threads = 1, queued tasks = 0, completed tasks = 0]
2025-07-15 18:49:08.654   [SpringApplicationShutdownHook] INFO  o.s.m.simp.broker.SimpleBrokerMessageHandler - Stopping...
2025-07-15 18:49:08.654   [SpringApplicationShutdownHook] INFO  o.s.m.simp.broker.SimpleBrokerMessageHandler - BrokerAvailabilityEvent[available=false, SimpleBrokerMessageHandler [org.springframework.messaging.simp.broker.DefaultSubscriptionRegistry@17dbca0a]]
2025-07-15 18:49:08.654   [SpringApplicationShutdownHook] INFO  o.s.m.simp.broker.SimpleBrokerMessageHandler - Stopped.
2025-07-15 18:49:53.453   [background-preinit] INFO  org.hibernate.validator.internal.util.Version - HV000001: Hibernate Validator 6.2.5.Final
2025-07-15 18:49:53.476   [main] INFO  i.g.n.aerial.AerialEngineServerApplication - Starting AerialEngineServerApplication using Java 1.8.0_432 on Cyan with PID 10976 (F:\GitHubWorkspaces\NicheEngine\aerial-engine-server\aerial-engine-server\target\classes started by Snow in F:\GitHubWorkspaces\NicheEngine\aerial-engine-server)
2025-07-15 18:49:53.478   [main] INFO  i.g.n.aerial.AerialEngineServerApplication - The following 1 profile is active: "dev"
2025-07-15 18:49:54.548   [main] INFO  o.s.d.r.config.RepositoryConfigurationDelegate - Multiple Spring Data modules found, entering strict repository configuration mode
2025-07-15 18:49:54.550   [main] INFO  o.s.d.r.config.RepositoryConfigurationDelegate - Bootstrapping Spring Data Redis repositories in DEFAULT mode.
2025-07-15 18:49:54.565   [main] INFO  o.s.d.r.config.RepositoryConfigurationDelegate - Finished Spring Data repository scanning in 4 ms. Found 0 Redis repository interfaces.
2025-07-15 18:49:54.699   [main] INFO  o.s.d.r.config.RepositoryConfigurationDelegate - Multiple Spring Data modules found, entering strict repository configuration mode
2025-07-15 18:49:54.700   [main] INFO  o.s.d.r.config.RepositoryConfigurationDelegate - Bootstrapping Spring Data Redis repositories in DEFAULT mode.
2025-07-15 18:49:54.814   [main] INFO  o.s.d.r.config.RepositoryConfigurationDelegate - Finished Spring Data repository scanning in 114 ms. Found 0 Redis repository interfaces.
2025-07-15 18:49:55.424   [main] INFO  o.s.boot.web.embedded.tomcat.TomcatWebServer - Tomcat initialized with port(s): 8080 (http)
2025-07-15 18:49:55.431   [main] INFO  org.apache.coyote.http11.Http11NioProtocol - Initializing ProtocolHandler ["http-nio-8080"]
2025-07-15 18:49:55.432   [main] INFO  org.apache.catalina.core.StandardService - Starting service [Tomcat]
2025-07-15 18:49:55.432   [main] INFO  org.apache.catalina.core.StandardEngine - Starting Servlet engine: [Apache Tomcat/9.0.90]
2025-07-15 18:49:55.519   [main] INFO  o.a.c.core.ContainerBase.[Tomcat].[localhost].[/] - Initializing Spring embedded WebApplicationContext
2025-07-15 18:49:55.519   [main] INFO  o.s.b.w.s.c.ServletWebServerApplicationContext - Root WebApplicationContext: initialization completed in 1993 ms
2025-07-15 18:49:55.956   [main] INFO  i.github.nichetoolkit.mybatis.MybatisContextHolder - [MybatisContextHolder] > afterPropertiesSet: {"catalog":null,"schema":null,"updateLogic":false,"useLogic":true,"useOperate":false,"useLazyInit":false,"excludeUnused":true,"sqlScriptShow":true,"mysqlIgnoreInsert":false,"datetimeNow":"now()","databaseType":"postgresql","styleType":"lowerUnderline","excludedType":"EXCLUDED","properties":{},"excludes":null,"ignores":null,"selectIgnores":null,"insertIgnores":null,"updateIgnores":null,"unuseds":["operate"]}
2025-07-15 18:49:57.709   [main] INFO  org.apache.coyote.http11.Http11NioProtocol - Starting ProtocolHandler ["http-nio-8080"]
2025-07-15 18:49:57.727   [main] INFO  o.s.boot.web.embedded.tomcat.TomcatWebServer - Tomcat started on port(s): 8080 (http) with context path ''
2025-07-15 18:49:57.728   [main] INFO  o.s.m.simp.broker.SimpleBrokerMessageHandler - Starting...
2025-07-15 18:49:57.728   [main] INFO  o.s.m.simp.broker.SimpleBrokerMessageHandler - BrokerAvailabilityEvent[available=true, SimpleBrokerMessageHandler [org.springframework.messaging.simp.broker.DefaultSubscriptionRegistry@443dae2]]
2025-07-15 18:49:57.728   [main] INFO  o.s.m.simp.broker.SimpleBrokerMessageHandler - Started.
2025-07-15 18:49:57.741   [main] INFO  i.g.n.aerial.AerialEngineServerApplication - Started AerialEngineServerApplication in 4.63 seconds (JVM running for 5.343)
2025-07-15 18:50:01.076   [http-nio-8080-exec-1] INFO  o.a.c.core.ContainerBase.[Tomcat].[localhost].[/] - Initializing Spring DispatcherServlet 'dispatcherServlet'
2025-07-15 18:50:01.077   [http-nio-8080-exec-1] INFO  org.springframework.web.servlet.DispatcherServlet - Initializing Servlet 'dispatcherServlet'
2025-07-15 18:50:01.079   [http-nio-8080-exec-1] INFO  org.springframework.web.servlet.DispatcherServlet - Completed initialization in 2 ms
2025-07-15 18:50:57.224   [MessageBroker-1] INFO  o.s.web.socket.config.WebSocketMessageBrokerStats - WebSocketSession[0 current WS(0)-HttpStream(0)-HttpPoll(0), 0 total, 0 closed abnormally (0 connect failure, 0 send limit, 0 transport error)], stompSubProtocol[processed CONNECT(0)-CONNECTED(0)-DISCONNECT(0)], stompBrokerRelay[null], inboundChannel[pool size = 0, active threads = 0, queued tasks = 0, completed tasks = 0], outboundChannel[pool size = 0, active threads = 0, queued tasks = 0, completed tasks = 0], sockJsScheduler[pool size = 1, active threads = 1, queued tasks = 0, completed tasks = 0]
2025-07-15 18:52:25.362   [SpringApplicationShutdownHook] INFO  o.s.m.simp.broker.SimpleBrokerMessageHandler - Stopping...
2025-07-15 18:52:25.362   [SpringApplicationShutdownHook] INFO  o.s.m.simp.broker.SimpleBrokerMessageHandler - BrokerAvailabilityEvent[available=false, SimpleBrokerMessageHandler [org.springframework.messaging.simp.broker.DefaultSubscriptionRegistry@443dae2]]
2025-07-15 18:52:25.362   [SpringApplicationShutdownHook] INFO  o.s.m.simp.broker.SimpleBrokerMessageHandler - Stopped.
2025-07-15 18:52:28.798   [background-preinit] INFO  org.hibernate.validator.internal.util.Version - HV000001: Hibernate Validator 6.2.5.Final
2025-07-15 18:52:28.815   [main] INFO  i.g.n.aerial.AerialEngineServerApplication - Starting AerialEngineServerApplication using Java 1.8.0_432 on Cyan with PID 8208 (F:\GitHubWorkspaces\NicheEngine\aerial-engine-server\aerial-engine-server\target\classes started by Snow in F:\GitHubWorkspaces\NicheEngine\aerial-engine-server)
2025-07-15 18:52:28.816   [main] INFO  i.g.n.aerial.AerialEngineServerApplication - The following 1 profile is active: "dev"
2025-07-15 18:52:29.844   [main] INFO  o.s.d.r.config.RepositoryConfigurationDelegate - Multiple Spring Data modules found, entering strict repository configuration mode
2025-07-15 18:52:29.844   [main] INFO  o.s.d.r.config.RepositoryConfigurationDelegate - Bootstrapping Spring Data Redis repositories in DEFAULT mode.
2025-07-15 18:52:29.859   [main] INFO  o.s.d.r.config.RepositoryConfigurationDelegate - Finished Spring Data repository scanning in 5 ms. Found 0 Redis repository interfaces.
2025-07-15 18:52:30.005   [main] INFO  o.s.d.r.config.RepositoryConfigurationDelegate - Multiple Spring Data modules found, entering strict repository configuration mode
2025-07-15 18:52:30.005   [main] INFO  o.s.d.r.config.RepositoryConfigurationDelegate - Bootstrapping Spring Data Redis repositories in DEFAULT mode.
2025-07-15 18:52:30.113   [main] INFO  o.s.d.r.config.RepositoryConfigurationDelegate - Finished Spring Data repository scanning in 107 ms. Found 0 Redis repository interfaces.
2025-07-15 18:52:30.704   [main] INFO  o.s.boot.web.embedded.tomcat.TomcatWebServer - Tomcat initialized with port(s): 8080 (http)
2025-07-15 18:52:30.709   [main] INFO  org.apache.coyote.http11.Http11NioProtocol - Initializing ProtocolHandler ["http-nio-8080"]
2025-07-15 18:52:30.709   [main] INFO  org.apache.catalina.core.StandardService - Starting service [Tomcat]
2025-07-15 18:52:30.710   [main] INFO  org.apache.catalina.core.StandardEngine - Starting Servlet engine: [Apache Tomcat/9.0.90]
2025-07-15 18:52:30.779   [main] INFO  o.a.c.core.ContainerBase.[Tomcat].[localhost].[/] - Initializing Spring embedded WebApplicationContext
2025-07-15 18:52:30.779   [main] INFO  o.s.b.w.s.c.ServletWebServerApplicationContext - Root WebApplicationContext: initialization completed in 1921 ms
2025-07-15 18:52:31.217   [main] INFO  i.github.nichetoolkit.mybatis.MybatisContextHolder - [MybatisContextHolder] > afterPropertiesSet: {"catalog":null,"schema":null,"updateLogic":false,"useLogic":true,"useOperate":false,"useLazyInit":false,"excludeUnused":true,"sqlScriptShow":true,"mysqlIgnoreInsert":false,"datetimeNow":"now()","databaseType":"postgresql","styleType":"lowerUnderline","excludedType":"EXCLUDED","properties":{},"excludes":null,"ignores":null,"selectIgnores":null,"insertIgnores":null,"updateIgnores":null,"unuseds":["operate"]}
2025-07-15 18:52:32.896   [main] INFO  org.apache.coyote.http11.Http11NioProtocol - Starting ProtocolHandler ["http-nio-8080"]
2025-07-15 18:52:32.911   [main] INFO  o.s.boot.web.embedded.tomcat.TomcatWebServer - Tomcat started on port(s): 8080 (http) with context path ''
2025-07-15 18:52:32.911   [main] INFO  o.s.m.simp.broker.SimpleBrokerMessageHandler - Starting...
2025-07-15 18:52:32.911   [main] INFO  o.s.m.simp.broker.SimpleBrokerMessageHandler - BrokerAvailabilityEvent[available=true, SimpleBrokerMessageHandler [org.springframework.messaging.simp.broker.DefaultSubscriptionRegistry@5454be]]
2025-07-15 18:52:32.912   [main] INFO  o.s.m.simp.broker.SimpleBrokerMessageHandler - Started.
2025-07-15 18:52:32.917   [main] INFO  i.g.n.aerial.AerialEngineServerApplication - Started AerialEngineServerApplication in 4.492 seconds (JVM running for 5.184)
2025-07-15 18:52:35.807   [http-nio-8080-exec-1] INFO  o.a.c.core.ContainerBase.[Tomcat].[localhost].[/] - Initializing Spring DispatcherServlet 'dispatcherServlet'
2025-07-15 18:52:35.807   [http-nio-8080-exec-1] INFO  org.springframework.web.servlet.DispatcherServlet - Initializing Servlet 'dispatcherServlet'
2025-07-15 18:52:35.808   [http-nio-8080-exec-1] INFO  org.springframework.web.servlet.DispatcherServlet - Completed initialization in 1 ms
2025-07-15 18:53:32.422   [MessageBroker-1] INFO  o.s.web.socket.config.WebSocketMessageBrokerStats - WebSocketSession[0 current WS(0)-HttpStream(0)-HttpPoll(0), 0 total, 0 closed abnormally (0 connect failure, 0 send limit, 0 transport error)], stompSubProtocol[processed CONNECT(0)-CONNECTED(0)-DISCONNECT(0)], stompBrokerRelay[null], inboundChannel[pool size = 0, active threads = 0, queued tasks = 0, completed tasks = 0], outboundChannel[pool size = 0, active threads = 0, queued tasks = 0, completed tasks = 0], sockJsScheduler[pool size = 1, active threads = 1, queued tasks = 0, completed tasks = 0]
2025-07-15 18:58:37.457   [SpringApplicationShutdownHook] INFO  o.s.m.simp.broker.SimpleBrokerMessageHandler - Stopping...
2025-07-15 18:58:37.457   [SpringApplicationShutdownHook] INFO  o.s.m.simp.broker.SimpleBrokerMessageHandler - BrokerAvailabilityEvent[available=false, SimpleBrokerMessageHandler [org.springframework.messaging.simp.broker.DefaultSubscriptionRegistry@5454be]]
2025-07-15 18:58:37.458   [SpringApplicationShutdownHook] INFO  o.s.m.simp.broker.SimpleBrokerMessageHandler - Stopped.
2025-07-15 18:59:09.179   [background-preinit] INFO  org.hibernate.validator.internal.util.Version - HV000001: Hibernate Validator 6.2.5.Final
2025-07-15 18:59:09.208   [main] INFO  i.g.n.aerial.AerialEngineServerApplication - Starting AerialEngineServerApplication using Java 1.8.0_432 on Cyan with PID 16924 (F:\GitHubWorkspaces\NicheEngine\aerial-engine-server\aerial-engine-server\target\classes started by Snow in F:\GitHubWorkspaces\NicheEngine\aerial-engine-server)
2025-07-15 18:59:09.209   [main] INFO  i.g.n.aerial.AerialEngineServerApplication - The following 1 profile is active: "dev"
2025-07-15 18:59:10.263   [main] INFO  o.s.d.r.config.RepositoryConfigurationDelegate - Multiple Spring Data modules found, entering strict repository configuration mode
2025-07-15 18:59:10.263   [main] INFO  o.s.d.r.config.RepositoryConfigurationDelegate - Bootstrapping Spring Data Redis repositories in DEFAULT mode.
2025-07-15 18:59:10.278   [main] INFO  o.s.d.r.config.RepositoryConfigurationDelegate - Finished Spring Data repository scanning in 4 ms. Found 0 Redis repository interfaces.
2025-07-15 18:59:10.427   [main] INFO  o.s.d.r.config.RepositoryConfigurationDelegate - Multiple Spring Data modules found, entering strict repository configuration mode
2025-07-15 18:59:10.428   [main] INFO  o.s.d.r.config.RepositoryConfigurationDelegate - Bootstrapping Spring Data Redis repositories in DEFAULT mode.
2025-07-15 18:59:10.545   [main] INFO  o.s.d.r.config.RepositoryConfigurationDelegate - Finished Spring Data repository scanning in 116 ms. Found 0 Redis repository interfaces.
2025-07-15 18:59:11.157   [main] INFO  o.s.boot.web.embedded.tomcat.TomcatWebServer - Tomcat initialized with port(s): 8080 (http)
2025-07-15 18:59:11.161   [main] INFO  org.apache.coyote.http11.Http11NioProtocol - Initializing ProtocolHandler ["http-nio-8080"]
2025-07-15 18:59:11.162   [main] INFO  org.apache.catalina.core.StandardService - Starting service [Tomcat]
2025-07-15 18:59:11.162   [main] INFO  org.apache.catalina.core.StandardEngine - Starting Servlet engine: [Apache Tomcat/9.0.90]
2025-07-15 18:59:11.232   [main] INFO  o.a.c.core.ContainerBase.[Tomcat].[localhost].[/] - Initializing Spring embedded WebApplicationContext
2025-07-15 18:59:11.232   [main] INFO  o.s.b.w.s.c.ServletWebServerApplicationContext - Root WebApplicationContext: initialization completed in 1976 ms
2025-07-15 18:59:11.677   [main] INFO  i.github.nichetoolkit.mybatis.MybatisContextHolder - [MybatisContextHolder] > afterPropertiesSet: {"catalog":null,"schema":null,"updateLogic":false,"useLogic":true,"useOperate":false,"useLazyInit":false,"excludeUnused":true,"sqlScriptShow":true,"mysqlIgnoreInsert":false,"datetimeNow":"now()","databaseType":"postgresql","styleType":"lowerUnderline","excludedType":"EXCLUDED","properties":{},"excludes":null,"ignores":null,"selectIgnores":null,"insertIgnores":null,"updateIgnores":null,"unuseds":["operate"]}
2025-07-15 18:59:13.462   [main] INFO  org.apache.coyote.http11.Http11NioProtocol - Starting ProtocolHandler ["http-nio-8080"]
2025-07-15 18:59:13.476   [main] INFO  o.s.boot.web.embedded.tomcat.TomcatWebServer - Tomcat started on port(s): 8080 (http) with context path ''
2025-07-15 18:59:13.476   [main] INFO  o.s.m.simp.broker.SimpleBrokerMessageHandler - Starting...
2025-07-15 18:59:13.476   [main] INFO  o.s.m.simp.broker.SimpleBrokerMessageHandler - BrokerAvailabilityEvent[available=true, SimpleBrokerMessageHandler [org.springframework.messaging.simp.broker.DefaultSubscriptionRegistry@2b15ba1a]]
2025-07-15 18:59:13.476   [main] INFO  o.s.m.simp.broker.SimpleBrokerMessageHandler - Started.
2025-07-15 18:59:13.483   [main] INFO  i.g.n.aerial.AerialEngineServerApplication - Started AerialEngineServerApplication in 4.655 seconds (JVM running for 5.329)
2025-07-15 18:59:15.764   [http-nio-8080-exec-1] INFO  o.a.c.core.ContainerBase.[Tomcat].[localhost].[/] - Initializing Spring DispatcherServlet 'dispatcherServlet'
2025-07-15 18:59:15.764   [http-nio-8080-exec-1] INFO  org.springframework.web.servlet.DispatcherServlet - Initializing Servlet 'dispatcherServlet'
2025-07-15 18:59:15.765   [http-nio-8080-exec-1] INFO  org.springframework.web.servlet.DispatcherServlet - Completed initialization in 1 ms
2025-07-15 18:59:38.836   [SpringApplicationShutdownHook] INFO  o.s.m.simp.broker.SimpleBrokerMessageHandler - Stopping...
2025-07-15 18:59:38.837   [SpringApplicationShutdownHook] INFO  o.s.m.simp.broker.SimpleBrokerMessageHandler - BrokerAvailabilityEvent[available=false, SimpleBrokerMessageHandler [org.springframework.messaging.simp.broker.DefaultSubscriptionRegistry@2b15ba1a]]
2025-07-15 18:59:38.837   [SpringApplicationShutdownHook] INFO  o.s.m.simp.broker.SimpleBrokerMessageHandler - Stopped.
