2025-07-15 11:49:54.437   [background-preinit] INFO  org.hibernate.validator.internal.util.Version - HV000001: Hibernate Validator 6.2.5.Final
2025-07-15 11:49:54.461   [main] DEBUG i.g.n.rest.holder.ApplicationContextHolder - The application context holder has be initiated
2025-07-15 11:49:54.463   [main] DEBUG i.g.nichetoolkit.rest.holder.MessageSourceHolder - The message source context holder has be initiated
2025-07-15 11:49:54.470   [main] INFO  i.g.n.aerial.AerialEngineExampleApplication - Starting AerialEngineExampleApplication using Java 1.8.0_432 on Cyan with PID 18772 (F:\GitHubWorkspaces\NicheEngine\aerial-engine-server\aerial-engine-example\target\classes started by Snow in F:\GitHubWorkspaces\NicheEngine\aerial-engine-server)
2025-07-15 11:49:54.471   [main] DEBUG i.g.n.aerial.AerialEngineExampleApplication - Running with Spring Boot v2.7.18, Spring v5.3.39
2025-07-15 11:49:54.472   [main] INFO  i.g.n.aerial.AerialEngineExampleApplication - The following 1 profile is active: "dev"
2025-07-15 11:49:54.568   [main] DEBUG i.g.n.rest.holder.BeanDefinitionRegistryHolder - The bean definition registry holder has be initiated
2025-07-15 11:49:56.146   [main] INFO  o.s.i.c.DefaultConfiguringBeanFactoryPostProcessor - No bean named 'errorChannel' has been explicitly defined. Therefore, a default PublishSubscribeChannel will be created.
2025-07-15 11:49:56.155   [main] INFO  o.s.i.c.DefaultConfiguringBeanFactoryPostProcessor - No bean named 'integrationHeaderChannelRegistry' has been explicitly defined. Therefore, a default DefaultHeaderChannelRegistry will be created.
2025-07-15 11:49:56.166   [main] DEBUG i.g.n.rest.holder.ListableBeanFactoryHolder - The listable bean factory holder has be initiated
2025-07-15 11:49:56.475   [main] DEBUG i.g.n.rest.configure.RestI18nAutoConfigure - The auto configuration for [rest-i18n] initiated
2025-07-15 11:49:56.480   [main] DEBUG i.g.nichetoolkit.rest.holder.MessageSourceHolder - The message source context holder has be refreshed
2025-07-15 11:49:56.738   [main] INFO  o.s.boot.web.embedded.tomcat.TomcatWebServer - Tomcat initialized with port(s): 8080 (http)
2025-07-15 11:49:56.744   [main] INFO  org.apache.coyote.http11.Http11NioProtocol - Initializing ProtocolHandler ["http-nio-8080"]
2025-07-15 11:49:56.745   [main] INFO  org.apache.catalina.core.StandardService - Starting service [Tomcat]
2025-07-15 11:49:56.746   [main] INFO  org.apache.catalina.core.StandardEngine - Starting Servlet engine: [Apache Tomcat/9.0.90]
2025-07-15 11:49:56.855   [main] INFO  o.a.c.core.ContainerBase.[Tomcat].[localhost].[/] - Initializing Spring embedded WebApplicationContext
2025-07-15 11:49:56.855   [main] INFO  o.s.b.w.s.c.ServletWebServerApplicationContext - Root WebApplicationContext: initialization completed in 2310 ms
2025-07-15 11:49:56.910   [main] DEBUG i.g.nichetoolkit.rest.logback.DefaultLogbackFilter - Filter 'defaultLogbackFilter' configured for use
2025-07-15 11:49:56.910   [main] DEBUG i.g.n.rice.defaults.DefaultAccessTokenFilter - Filter 'defaultAccessTokenFilter' configured for use
2025-07-15 11:49:56.917   [main] DEBUG i.g.n.ossfile.configure.OssfileCoreAutoConfigure - The auto configuration for [ossfile-core] initiated
2025-07-15 11:49:56.957   [main] DEBUG io.github.nichetoolkit.rest.worker.RadixWorker - The radix      properties: {"enabled":false,"digits":"qwe8as2dzx9c7p5ik3mjufr4vyltn6bgh","supply":"o","minLength":6}
2025-07-15 11:49:56.975   [main] DEBUG i.g.n.rest.configure.RestUtilsAutoConfigure - The auto configuration for [rest-utils] initiated
2025-07-15 11:49:56.977   [main] DEBUG i.g.n.rest.configure.RestCoreAutoConfigure - The auto configuration for [rest-core] initiated
2025-07-15 11:49:56.998   [main] DEBUG i.g.n.rest.configure.RestInterceptAutoConfigure - The auto configuration for [rest-intercept] initiated
2025-07-15 11:49:57.164   [main] DEBUG i.g.n.aerial.configure.DatasourceAutoConfigure - the auto configuration for [datasource] rest template initiated
2025-07-15 11:49:57.215   [main] WARN  org.mybatis.spring.SqlSessionFactoryBean - Property 'mapperLocations' was specified but matching resources are not found.
2025-07-15 11:49:57.217   [main] DEBUG io.github.nichetoolkit.rest.util.LoggerUtils - The fitter bean of [io.github.nichetoolkit.mybatis.holder.RestSqlSessionHolder] type for named 'restSqlSessionHolder' has be initiated.
2025-07-15 11:49:57.229   [main] WARN  o.s.b.w.s.c.AnnotationConfigServletWebServerApplicationContext - Exception encountered during context initialization - cancelling refresh attempt: org.springframework.beans.factory.UnsatisfiedDependencyException: Error creating bean with name 'riceStarterAutoConfigure' defined in URL [jar:file:/D:/Maven/LocalWarehouse/io/github/nichetoolkit/rice-toolkit-starter/1.1.2-SNAPSHOT/rice-toolkit-starter-1.1.2-SNAPSHOT.jar!/io/github/nichetoolkit/rice/configure/RiceStarterAutoConfigure.class]: Unsatisfied dependency expressed through constructor parameter 1; nested exception is org.springframework.beans.factory.BeanCreationException: Error creating bean with name 'requestMappingHandlerAdapter' defined in class path resource [org/springframework/boot/autoconfigure/web/servlet/WebMvcAutoConfiguration$EnableWebMvcConfiguration.class]: Invocation of init method failed; nested exception is org.springframework.beans.factory.BeanCreationException: Error creating bean with name 'defaultControllerAdvice' defined in URL [jar:file:/D:/Maven/LocalWarehouse/io/github/nichetoolkit/rest-toolkit-starter/1.1.2-SNAPSHOT/rest-toolkit-starter-1.1.2-SNAPSHOT.jar!/io/github/nichetoolkit/rest/DefaultControllerAdvice.class]: Invocation of init method failed; nested exception is InstanceLackError[9115]: There are no any store service has been initiated.
2025-07-15 11:49:57.231   [main] INFO  org.apache.catalina.core.StandardService - Stopping service [Tomcat]
2025-07-15 11:49:57.238   [main] INFO  o.s.b.a.l.ConditionEvaluationReportLoggingListener - 

Error starting ApplicationContext. To display the conditions report re-run your application with 'debug' enabled.
2025-07-15 11:49:57.254   [main] ERROR org.springframework.boot.SpringApplication - Application run failed
org.springframework.beans.factory.UnsatisfiedDependencyException: Error creating bean with name 'riceStarterAutoConfigure' defined in URL [jar:file:/D:/Maven/LocalWarehouse/io/github/nichetoolkit/rice-toolkit-starter/1.1.2-SNAPSHOT/rice-toolkit-starter-1.1.2-SNAPSHOT.jar!/io/github/nichetoolkit/rice/configure/RiceStarterAutoConfigure.class]: Unsatisfied dependency expressed through constructor parameter 1; nested exception is org.springframework.beans.factory.BeanCreationException: Error creating bean with name 'requestMappingHandlerAdapter' defined in class path resource [org/springframework/boot/autoconfigure/web/servlet/WebMvcAutoConfiguration$EnableWebMvcConfiguration.class]: Invocation of init method failed; nested exception is org.springframework.beans.factory.BeanCreationException: Error creating bean with name 'defaultControllerAdvice' defined in URL [jar:file:/D:/Maven/LocalWarehouse/io/github/nichetoolkit/rest-toolkit-starter/1.1.2-SNAPSHOT/rest-toolkit-starter-1.1.2-SNAPSHOT.jar!/io/github/nichetoolkit/rest/DefaultControllerAdvice.class]: Invocation of init method failed; nested exception is InstanceLackError[9115]: There are no any store service has been initiated.
	at org.springframework.beans.factory.support.ConstructorResolver.createArgumentArray(ConstructorResolver.java:794)
	at org.springframework.beans.factory.support.ConstructorResolver.autowireConstructor(ConstructorResolver.java:220)
	at org.springframework.beans.factory.support.AbstractAutowireCapableBeanFactory.autowireConstructor(AbstractAutowireCapableBeanFactory.java:1372)
	at org.springframework.beans.factory.support.AbstractAutowireCapableBeanFactory.createBeanInstance(AbstractAutowireCapableBeanFactory.java:1222)
	at org.springframework.beans.factory.support.AbstractAutowireCapableBeanFactory.doCreateBean(AbstractAutowireCapableBeanFactory.java:582)
	at org.springframework.beans.factory.support.AbstractAutowireCapableBeanFactory.createBean(AbstractAutowireCapableBeanFactory.java:542)
	at org.springframework.beans.factory.support.AbstractBeanFactory.lambda$doGetBean$0(AbstractBeanFactory.java:336)
	at org.springframework.beans.factory.support.DefaultSingletonBeanRegistry.getSingleton(DefaultSingletonBeanRegistry.java:234)
	at org.springframework.beans.factory.support.AbstractBeanFactory.doGetBean(AbstractBeanFactory.java:334)
	at org.springframework.beans.factory.support.AbstractBeanFactory.getBean(AbstractBeanFactory.java:209)
	at org.springframework.beans.factory.support.DefaultListableBeanFactory.preInstantiateSingletons(DefaultListableBeanFactory.java:955)
	at org.springframework.context.support.AbstractApplicationContext.finishBeanFactoryInitialization(AbstractApplicationContext.java:932)
	at org.springframework.context.support.AbstractApplicationContext.refresh(AbstractApplicationContext.java:591)
	at org.springframework.boot.web.servlet.context.ServletWebServerApplicationContext.refresh(ServletWebServerApplicationContext.java:147)
	at org.springframework.boot.SpringApplication.refresh(SpringApplication.java:732)
	at org.springframework.boot.SpringApplication.refreshContext(SpringApplication.java:409)
	at org.springframework.boot.SpringApplication.run(SpringApplication.java:308)
	at org.springframework.boot.SpringApplication.run(SpringApplication.java:1300)
	at org.springframework.boot.SpringApplication.run(SpringApplication.java:1289)
	at io.github.nicheengine.aerial.AerialEngineServerApplication.main(AerialEngineExampleApplication.java:14)
Caused by: org.springframework.beans.factory.BeanCreationException: Error creating bean with name 'requestMappingHandlerAdapter' defined in class path resource [org/springframework/boot/autoconfigure/web/servlet/WebMvcAutoConfiguration$EnableWebMvcConfiguration.class]: Invocation of init method failed; nested exception is org.springframework.beans.factory.BeanCreationException: Error creating bean with name 'defaultControllerAdvice' defined in URL [jar:file:/D:/Maven/LocalWarehouse/io/github/nichetoolkit/rest-toolkit-starter/1.1.2-SNAPSHOT/rest-toolkit-starter-1.1.2-SNAPSHOT.jar!/io/github/nichetoolkit/rest/DefaultControllerAdvice.class]: Invocation of init method failed; nested exception is InstanceLackError[9115]: There are no any store service has been initiated.
	at org.springframework.beans.factory.support.AbstractAutowireCapableBeanFactory.initializeBean(AbstractAutowireCapableBeanFactory.java:1804)
	at org.springframework.beans.factory.support.AbstractAutowireCapableBeanFactory.doCreateBean(AbstractAutowireCapableBeanFactory.java:620)
	at org.springframework.beans.factory.support.AbstractAutowireCapableBeanFactory.createBean(AbstractAutowireCapableBeanFactory.java:542)
	at org.springframework.beans.factory.support.AbstractBeanFactory.lambda$doGetBean$0(AbstractBeanFactory.java:336)
	at org.springframework.beans.factory.support.DefaultSingletonBeanRegistry.getSingleton(DefaultSingletonBeanRegistry.java:234)
	at org.springframework.beans.factory.support.AbstractBeanFactory.doGetBean(AbstractBeanFactory.java:334)
	at org.springframework.beans.factory.support.AbstractBeanFactory.getBean(AbstractBeanFactory.java:209)
	at org.springframework.beans.factory.config.DependencyDescriptor.resolveCandidate(DependencyDescriptor.java:276)
	at org.springframework.beans.factory.support.DefaultListableBeanFactory.doResolveDependency(DefaultListableBeanFactory.java:1391)
	at org.springframework.beans.factory.support.DefaultListableBeanFactory.resolveDependency(DefaultListableBeanFactory.java:1311)
	at org.springframework.beans.factory.support.ConstructorResolver.resolveAutowiredArgument(ConstructorResolver.java:904)
	at org.springframework.beans.factory.support.ConstructorResolver.createArgumentArray(ConstructorResolver.java:781)
	... 19 common frames omitted
Caused by: org.springframework.beans.factory.BeanCreationException: Error creating bean with name 'defaultControllerAdvice' defined in URL [jar:file:/D:/Maven/LocalWarehouse/io/github/nichetoolkit/rest-toolkit-starter/1.1.2-SNAPSHOT/rest-toolkit-starter-1.1.2-SNAPSHOT.jar!/io/github/nichetoolkit/rest/DefaultControllerAdvice.class]: Invocation of init method failed; nested exception is InstanceLackError[9115]: There are no any store service has been initiated.
	at org.springframework.beans.factory.support.AbstractAutowireCapableBeanFactory.initializeBean(AbstractAutowireCapableBeanFactory.java:1804)
	at org.springframework.beans.factory.support.AbstractAutowireCapableBeanFactory.doCreateBean(AbstractAutowireCapableBeanFactory.java:620)
	at org.springframework.beans.factory.support.AbstractAutowireCapableBeanFactory.createBean(AbstractAutowireCapableBeanFactory.java:542)
	at org.springframework.beans.factory.support.AbstractBeanFactory.lambda$doGetBean$0(AbstractBeanFactory.java:336)
	at org.springframework.beans.factory.support.DefaultSingletonBeanRegistry.getSingleton(DefaultSingletonBeanRegistry.java:234)
	at org.springframework.beans.factory.support.AbstractBeanFactory.doGetBean(AbstractBeanFactory.java:334)
	at org.springframework.beans.factory.support.AbstractBeanFactory.getBean(AbstractBeanFactory.java:209)
	at org.springframework.web.method.ControllerAdviceBean.resolveBean(ControllerAdviceBean.java:232)
	at org.springframework.web.method.ControllerAdviceBean.getOrder(ControllerAdviceBean.java:172)
	at org.springframework.core.OrderComparator.findOrder(OrderComparator.java:145)
	at org.springframework.core.OrderComparator.getOrder(OrderComparator.java:128)
	at org.springframework.core.OrderComparator.getOrder(OrderComparator.java:116)
	at org.springframework.core.OrderComparator.doCompare(OrderComparator.java:86)
	at org.springframework.core.OrderComparator.compare(OrderComparator.java:73)
	at java.util.TimSort.countRunAndMakeAscending(TimSort.java:355)
	at java.util.TimSort.sort(TimSort.java:220)
	at java.util.Arrays.sort(Arrays.java:1512)
	at java.util.ArrayList.sort(ArrayList.java:1464)
	at org.springframework.core.OrderComparator.sort(OrderComparator.java:174)
	at org.springframework.web.method.ControllerAdviceBean.findAnnotatedBeans(ControllerAdviceBean.java:309)
	at org.springframework.web.servlet.mvc.method.annotation.RequestMappingHandlerAdapter.initControllerAdviceCache(RequestMappingHandlerAdapter.java:591)
	at org.springframework.web.servlet.mvc.method.annotation.RequestMappingHandlerAdapter.afterPropertiesSet(RequestMappingHandlerAdapter.java:570)
	at org.springframework.beans.factory.support.AbstractAutowireCapableBeanFactory.invokeInitMethods(AbstractAutowireCapableBeanFactory.java:1863)
	at org.springframework.beans.factory.support.AbstractAutowireCapableBeanFactory.initializeBean(AbstractAutowireCapableBeanFactory.java:1800)
	... 30 common frames omitted
Caused by: io.github.nichetoolkit.rest.error.lack.InstanceLackError: There are no any store service has been initiated.
	at io.github.nichetoolkit.ossfile.OssfileStoreHolder.lambda$cacheStoreServices$0(OssfileStoreHolder.java:87)
	at io.github.nichetoolkit.rest.RestOptional.orElseThrow(RestOptional.java:1012)
	at io.github.nichetoolkit.ossfile.OssfileStoreHolder.cacheStoreServices(OssfileStoreHolder.java:87)
	at io.github.nichetoolkit.ossfile.OssfileStoreHolder.afterAutowirePropertiesSet(OssfileStoreHolder.java:78)
	at io.github.nichetoolkit.rest.DefaultControllerAdvice.initOfFulfilledFitter(DefaultControllerAdvice.java:143)
	at io.github.nichetoolkit.rest.DefaultControllerAdvice.afterPropertiesSet(DefaultControllerAdvice.java:115)
	at org.springframework.beans.factory.support.AbstractAutowireCapableBeanFactory.invokeInitMethods(AbstractAutowireCapableBeanFactory.java:1863)
	at org.springframework.beans.factory.support.AbstractAutowireCapableBeanFactory.initializeBean(AbstractAutowireCapableBeanFactory.java:1800)
	... 53 common frames omitted
2025-07-15 12:05:54.737   [background-preinit] INFO  org.hibernate.validator.internal.util.Version - HV000001: Hibernate Validator 6.2.5.Final
2025-07-15 12:05:54.749   [main] DEBUG i.g.n.rest.holder.ApplicationContextHolder - The application context holder has be initiated
2025-07-15 12:05:54.749   [main] DEBUG i.g.nichetoolkit.rest.holder.MessageSourceHolder - The message source context holder has be initiated
2025-07-15 12:05:54.753   [main] INFO  i.g.n.aerial.AerialEngineServerApplication - Starting AerialEngineServerApplication using Java 1.8.0_432 on Cyan with PID 15472 (F:\GitHubWorkspaces\NicheEngine\aerial-engine-server\aerial-engine-server\target\classes started by Snow in F:\GitHubWorkspaces\NicheEngine\aerial-engine-server)
2025-07-15 12:05:54.754   [main] DEBUG i.g.n.aerial.AerialEngineServerApplication - Running with Spring Boot v2.7.18, Spring v5.3.39
2025-07-15 12:05:54.754   [main] INFO  i.g.n.aerial.AerialEngineServerApplication - The following 1 profile is active: "dev"
2025-07-15 12:05:54.804   [main] DEBUG i.g.n.rest.holder.BeanDefinitionRegistryHolder - The bean definition registry holder has be initiated
2025-07-15 12:05:55.950   [main] INFO  o.s.i.c.DefaultConfiguringBeanFactoryPostProcessor - No bean named 'errorChannel' has been explicitly defined. Therefore, a default PublishSubscribeChannel will be created.
2025-07-15 12:05:55.957   [main] INFO  o.s.i.c.DefaultConfiguringBeanFactoryPostProcessor - No bean named 'integrationHeaderChannelRegistry' has been explicitly defined. Therefore, a default DefaultHeaderChannelRegistry will be created.
2025-07-15 12:05:55.967   [main] DEBUG i.g.n.rest.holder.ListableBeanFactoryHolder - The listable bean factory holder has be initiated
2025-07-15 12:05:56.244   [main] DEBUG i.g.n.rest.configure.RestI18nAutoConfigure - The auto configuration for [rest-i18n] initiated
2025-07-15 12:05:56.248   [main] DEBUG i.g.nichetoolkit.rest.holder.MessageSourceHolder - The message source context holder has be refreshed
2025-07-15 12:05:56.394   [main] INFO  o.s.boot.web.embedded.tomcat.TomcatWebServer - Tomcat initialized with port(s): 8080 (http)
2025-07-15 12:05:56.399   [main] INFO  org.apache.coyote.http11.Http11NioProtocol - Initializing ProtocolHandler ["http-nio-8080"]
2025-07-15 12:05:56.400   [main] INFO  org.apache.catalina.core.StandardService - Starting service [Tomcat]
2025-07-15 12:05:56.400   [main] INFO  org.apache.catalina.core.StandardEngine - Starting Servlet engine: [Apache Tomcat/9.0.90]
2025-07-15 12:05:56.471   [main] INFO  o.a.c.core.ContainerBase.[Tomcat].[localhost].[/] - Initializing Spring embedded WebApplicationContext
2025-07-15 12:05:56.471   [main] INFO  o.s.b.w.s.c.ServletWebServerApplicationContext - Root WebApplicationContext: initialization completed in 1678 ms
2025-07-15 12:05:56.537   [main] DEBUG i.g.nichetoolkit.rest.logback.DefaultLogbackFilter - Filter 'defaultLogbackFilter' configured for use
2025-07-15 12:05:56.538   [main] DEBUG i.g.n.rice.defaults.DefaultAccessTokenFilter - Filter 'defaultAccessTokenFilter' configured for use
2025-07-15 12:05:56.543   [main] DEBUG i.g.n.ossfile.configure.OssfileCoreAutoConfigure - The auto configuration for [ossfile-core] initiated
2025-07-15 12:05:56.577   [main] DEBUG io.github.nichetoolkit.rest.worker.RadixWorker - The radix      properties: {"enabled":false,"digits":"qwe8as2dzx9c7p5ik3mjufr4vyltn6bgh","supply":"o","minLength":6}
2025-07-15 12:05:56.590   [main] DEBUG i.g.n.rest.configure.RestUtilsAutoConfigure - The auto configuration for [rest-utils] initiated
2025-07-15 12:05:56.591   [main] DEBUG i.g.n.rest.configure.RestCoreAutoConfigure - The auto configuration for [rest-core] initiated
2025-07-15 12:05:56.608   [main] DEBUG i.g.n.rest.configure.RestInterceptAutoConfigure - The auto configuration for [rest-intercept] initiated
2025-07-15 12:05:56.770   [main] DEBUG i.g.n.aerial.configure.DatasourceAutoConfigure - the auto configuration for [datasource] rest template initiated
2025-07-15 12:05:56.807   [main] WARN  org.mybatis.spring.SqlSessionFactoryBean - Property 'mapperLocations' was specified but matching resources are not found.
2025-07-15 12:05:56.809   [main] DEBUG io.github.nichetoolkit.rest.util.LoggerUtils - The fitter bean of [io.github.nichetoolkit.mybatis.holder.RestSqlSessionHolder] type for named 'restSqlSessionHolder' has be initiated.
2025-07-15 12:05:56.853   [main] WARN  o.s.b.w.s.c.AnnotationConfigServletWebServerApplicationContext - Exception encountered during context initialization - cancelling refresh attempt: org.springframework.beans.factory.UnsatisfiedDependencyException: Error creating bean with name 'riceStarterAutoConfigure' defined in URL [jar:file:/D:/Maven/LocalWarehouse/io/github/nichetoolkit/rice-toolkit-starter/1.1.2-SNAPSHOT/rice-toolkit-starter-1.1.2-SNAPSHOT.jar!/io/github/nichetoolkit/rice/configure/RiceStarterAutoConfigure.class]: Unsatisfied dependency expressed through constructor parameter 1; nested exception is org.springframework.beans.factory.BeanCreationException: Error creating bean with name 'requestMappingHandlerAdapter' defined in class path resource [org/springframework/boot/autoconfigure/web/servlet/WebMvcAutoConfiguration$EnableWebMvcConfiguration.class]: Invocation of init method failed; nested exception is org.springframework.beans.factory.BeanCreationException: Error creating bean with name 'defaultControllerAdvice' defined in URL [jar:file:/D:/Maven/LocalWarehouse/io/github/nichetoolkit/rest-toolkit-starter/1.1.2-SNAPSHOT/rest-toolkit-starter-1.1.2-SNAPSHOT.jar!/io/github/nichetoolkit/rest/DefaultControllerAdvice.class]: Invocation of init method failed; nested exception is java.lang.IllegalArgumentException: endpoint must not be null.
2025-07-15 12:05:56.856   [main] INFO  org.apache.catalina.core.StandardService - Stopping service [Tomcat]
2025-07-15 12:05:56.865   [main] INFO  o.s.b.a.l.ConditionEvaluationReportLoggingListener - 

Error starting ApplicationContext. To display the conditions report re-run your application with 'debug' enabled.
2025-07-15 12:05:56.876   [main] ERROR org.springframework.boot.SpringApplication - Application run failed
org.springframework.beans.factory.UnsatisfiedDependencyException: Error creating bean with name 'riceStarterAutoConfigure' defined in URL [jar:file:/D:/Maven/LocalWarehouse/io/github/nichetoolkit/rice-toolkit-starter/1.1.2-SNAPSHOT/rice-toolkit-starter-1.1.2-SNAPSHOT.jar!/io/github/nichetoolkit/rice/configure/RiceStarterAutoConfigure.class]: Unsatisfied dependency expressed through constructor parameter 1; nested exception is org.springframework.beans.factory.BeanCreationException: Error creating bean with name 'requestMappingHandlerAdapter' defined in class path resource [org/springframework/boot/autoconfigure/web/servlet/WebMvcAutoConfiguration$EnableWebMvcConfiguration.class]: Invocation of init method failed; nested exception is org.springframework.beans.factory.BeanCreationException: Error creating bean with name 'defaultControllerAdvice' defined in URL [jar:file:/D:/Maven/LocalWarehouse/io/github/nichetoolkit/rest-toolkit-starter/1.1.2-SNAPSHOT/rest-toolkit-starter-1.1.2-SNAPSHOT.jar!/io/github/nichetoolkit/rest/DefaultControllerAdvice.class]: Invocation of init method failed; nested exception is java.lang.IllegalArgumentException: endpoint must not be null.
	at org.springframework.beans.factory.support.ConstructorResolver.createArgumentArray(ConstructorResolver.java:794)
	at org.springframework.beans.factory.support.ConstructorResolver.autowireConstructor(ConstructorResolver.java:220)
	at org.springframework.beans.factory.support.AbstractAutowireCapableBeanFactory.autowireConstructor(AbstractAutowireCapableBeanFactory.java:1372)
	at org.springframework.beans.factory.support.AbstractAutowireCapableBeanFactory.createBeanInstance(AbstractAutowireCapableBeanFactory.java:1222)
	at org.springframework.beans.factory.support.AbstractAutowireCapableBeanFactory.doCreateBean(AbstractAutowireCapableBeanFactory.java:582)
	at org.springframework.beans.factory.support.AbstractAutowireCapableBeanFactory.createBean(AbstractAutowireCapableBeanFactory.java:542)
	at org.springframework.beans.factory.support.AbstractBeanFactory.lambda$doGetBean$0(AbstractBeanFactory.java:336)
	at org.springframework.beans.factory.support.DefaultSingletonBeanRegistry.getSingleton(DefaultSingletonBeanRegistry.java:234)
	at org.springframework.beans.factory.support.AbstractBeanFactory.doGetBean(AbstractBeanFactory.java:334)
	at org.springframework.beans.factory.support.AbstractBeanFactory.getBean(AbstractBeanFactory.java:209)
	at org.springframework.beans.factory.support.DefaultListableBeanFactory.preInstantiateSingletons(DefaultListableBeanFactory.java:955)
	at org.springframework.context.support.AbstractApplicationContext.finishBeanFactoryInitialization(AbstractApplicationContext.java:932)
	at org.springframework.context.support.AbstractApplicationContext.refresh(AbstractApplicationContext.java:591)
	at org.springframework.boot.web.servlet.context.ServletWebServerApplicationContext.refresh(ServletWebServerApplicationContext.java:147)
	at org.springframework.boot.SpringApplication.refresh(SpringApplication.java:732)
	at org.springframework.boot.SpringApplication.refreshContext(SpringApplication.java:409)
	at org.springframework.boot.SpringApplication.run(SpringApplication.java:308)
	at org.springframework.boot.SpringApplication.run(SpringApplication.java:1300)
	at org.springframework.boot.SpringApplication.run(SpringApplication.java:1289)
	at io.github.nicheengine.aerial.AerialEngineServerApplication.main(AerialEngineServerApplication.java:14)
Caused by: org.springframework.beans.factory.BeanCreationException: Error creating bean with name 'requestMappingHandlerAdapter' defined in class path resource [org/springframework/boot/autoconfigure/web/servlet/WebMvcAutoConfiguration$EnableWebMvcConfiguration.class]: Invocation of init method failed; nested exception is org.springframework.beans.factory.BeanCreationException: Error creating bean with name 'defaultControllerAdvice' defined in URL [jar:file:/D:/Maven/LocalWarehouse/io/github/nichetoolkit/rest-toolkit-starter/1.1.2-SNAPSHOT/rest-toolkit-starter-1.1.2-SNAPSHOT.jar!/io/github/nichetoolkit/rest/DefaultControllerAdvice.class]: Invocation of init method failed; nested exception is java.lang.IllegalArgumentException: endpoint must not be null.
	at org.springframework.beans.factory.support.AbstractAutowireCapableBeanFactory.initializeBean(AbstractAutowireCapableBeanFactory.java:1804)
	at org.springframework.beans.factory.support.AbstractAutowireCapableBeanFactory.doCreateBean(AbstractAutowireCapableBeanFactory.java:620)
	at org.springframework.beans.factory.support.AbstractAutowireCapableBeanFactory.createBean(AbstractAutowireCapableBeanFactory.java:542)
	at org.springframework.beans.factory.support.AbstractBeanFactory.lambda$doGetBean$0(AbstractBeanFactory.java:336)
	at org.springframework.beans.factory.support.DefaultSingletonBeanRegistry.getSingleton(DefaultSingletonBeanRegistry.java:234)
	at org.springframework.beans.factory.support.AbstractBeanFactory.doGetBean(AbstractBeanFactory.java:334)
	at org.springframework.beans.factory.support.AbstractBeanFactory.getBean(AbstractBeanFactory.java:209)
	at org.springframework.beans.factory.config.DependencyDescriptor.resolveCandidate(DependencyDescriptor.java:276)
	at org.springframework.beans.factory.support.DefaultListableBeanFactory.doResolveDependency(DefaultListableBeanFactory.java:1391)
	at org.springframework.beans.factory.support.DefaultListableBeanFactory.resolveDependency(DefaultListableBeanFactory.java:1311)
	at org.springframework.beans.factory.support.ConstructorResolver.resolveAutowiredArgument(ConstructorResolver.java:904)
	at org.springframework.beans.factory.support.ConstructorResolver.createArgumentArray(ConstructorResolver.java:781)
	... 19 common frames omitted
Caused by: org.springframework.beans.factory.BeanCreationException: Error creating bean with name 'defaultControllerAdvice' defined in URL [jar:file:/D:/Maven/LocalWarehouse/io/github/nichetoolkit/rest-toolkit-starter/1.1.2-SNAPSHOT/rest-toolkit-starter-1.1.2-SNAPSHOT.jar!/io/github/nichetoolkit/rest/DefaultControllerAdvice.class]: Invocation of init method failed; nested exception is java.lang.IllegalArgumentException: endpoint must not be null.
	at org.springframework.beans.factory.support.AbstractAutowireCapableBeanFactory.initializeBean(AbstractAutowireCapableBeanFactory.java:1804)
	at org.springframework.beans.factory.support.AbstractAutowireCapableBeanFactory.doCreateBean(AbstractAutowireCapableBeanFactory.java:620)
	at org.springframework.beans.factory.support.AbstractAutowireCapableBeanFactory.createBean(AbstractAutowireCapableBeanFactory.java:542)
	at org.springframework.beans.factory.support.AbstractBeanFactory.lambda$doGetBean$0(AbstractBeanFactory.java:336)
	at org.springframework.beans.factory.support.DefaultSingletonBeanRegistry.getSingleton(DefaultSingletonBeanRegistry.java:234)
	at org.springframework.beans.factory.support.AbstractBeanFactory.doGetBean(AbstractBeanFactory.java:334)
	at org.springframework.beans.factory.support.AbstractBeanFactory.getBean(AbstractBeanFactory.java:209)
	at org.springframework.web.method.ControllerAdviceBean.resolveBean(ControllerAdviceBean.java:232)
	at org.springframework.web.method.ControllerAdviceBean.getOrder(ControllerAdviceBean.java:172)
	at org.springframework.core.OrderComparator.findOrder(OrderComparator.java:145)
	at org.springframework.core.OrderComparator.getOrder(OrderComparator.java:128)
	at org.springframework.core.OrderComparator.getOrder(OrderComparator.java:116)
	at org.springframework.core.OrderComparator.doCompare(OrderComparator.java:86)
	at org.springframework.core.OrderComparator.compare(OrderComparator.java:73)
	at java.util.TimSort.countRunAndMakeAscending(TimSort.java:355)
	at java.util.TimSort.sort(TimSort.java:220)
	at java.util.Arrays.sort(Arrays.java:1512)
	at java.util.ArrayList.sort(ArrayList.java:1464)
	at org.springframework.core.OrderComparator.sort(OrderComparator.java:174)
	at org.springframework.web.method.ControllerAdviceBean.findAnnotatedBeans(ControllerAdviceBean.java:309)
	at org.springframework.web.servlet.mvc.method.annotation.RequestMappingHandlerAdapter.initControllerAdviceCache(RequestMappingHandlerAdapter.java:591)
	at org.springframework.web.servlet.mvc.method.annotation.RequestMappingHandlerAdapter.afterPropertiesSet(RequestMappingHandlerAdapter.java:570)
	at org.springframework.beans.factory.support.AbstractAutowireCapableBeanFactory.invokeInitMethods(AbstractAutowireCapableBeanFactory.java:1863)
	at org.springframework.beans.factory.support.AbstractAutowireCapableBeanFactory.initializeBean(AbstractAutowireCapableBeanFactory.java:1800)
	... 30 common frames omitted
Caused by: java.lang.IllegalArgumentException: endpoint must not be null.
	at io.minio.http.HttpUtils.validateNotNull(HttpUtils.java:53)
	at io.minio.http.HttpUtils.validateNotEmptyString(HttpUtils.java:58)
	at io.minio.http.HttpUtils.getBaseUrl(HttpUtils.java:102)
	at io.minio.MinioAsyncClient$Builder.endpoint(MinioAsyncClient.java:3300)
	at io.github.nichetoolkit.ossfile.MinioHelper.createAsyncClient(MinioHelper.java:47)
	at io.github.nichetoolkit.ossfile.MinioContextHolder.afterAutowirePropertiesSet(MinioContextHolder.java:78)
	at io.github.nichetoolkit.rest.DefaultControllerAdvice.initOfFulfilledFitter(DefaultControllerAdvice.java:143)
	at io.github.nichetoolkit.rest.DefaultControllerAdvice.afterPropertiesSet(DefaultControllerAdvice.java:115)
	at org.springframework.beans.factory.support.AbstractAutowireCapableBeanFactory.invokeInitMethods(AbstractAutowireCapableBeanFactory.java:1863)
	at org.springframework.beans.factory.support.AbstractAutowireCapableBeanFactory.initializeBean(AbstractAutowireCapableBeanFactory.java:1800)
	... 53 common frames omitted
2025-07-15 12:23:35.538   [background-preinit] INFO  org.hibernate.validator.internal.util.Version - HV000001: Hibernate Validator 6.2.5.Final
2025-07-15 12:23:35.550   [main] DEBUG i.g.n.rest.holder.ApplicationContextHolder - The application context holder has be initiated
2025-07-15 12:23:35.551   [main] DEBUG i.g.nichetoolkit.rest.holder.MessageSourceHolder - The message source context holder has be initiated
2025-07-15 12:23:35.556   [main] INFO  i.g.n.aerial.AerialEngineServerApplication - Starting AerialEngineServerApplication using Java 1.8.0_432 on Cyan with PID 2100 (F:\GitHubWorkspaces\NicheEngine\aerial-engine-server\aerial-engine-server\target\classes started by Snow in F:\GitHubWorkspaces\NicheEngine\aerial-engine-server)
2025-07-15 12:23:35.557   [main] DEBUG i.g.n.aerial.AerialEngineServerApplication - Running with Spring Boot v2.7.18, Spring v5.3.39
2025-07-15 12:23:35.558   [main] INFO  i.g.n.aerial.AerialEngineServerApplication - The following 1 profile is active: "dev"
2025-07-15 12:23:35.622   [main] DEBUG i.g.n.rest.holder.BeanDefinitionRegistryHolder - The bean definition registry holder has be initiated
2025-07-15 12:23:37.008   [main] INFO  o.s.i.c.DefaultConfiguringBeanFactoryPostProcessor - No bean named 'errorChannel' has been explicitly defined. Therefore, a default PublishSubscribeChannel will be created.
2025-07-15 12:23:37.016   [main] INFO  o.s.i.c.DefaultConfiguringBeanFactoryPostProcessor - No bean named 'integrationHeaderChannelRegistry' has been explicitly defined. Therefore, a default DefaultHeaderChannelRegistry will be created.
2025-07-15 12:23:37.026   [main] DEBUG i.g.n.rest.holder.ListableBeanFactoryHolder - The listable bean factory holder has be initiated
2025-07-15 12:23:37.255   [main] DEBUG i.g.n.rest.configure.RestI18nAutoConfigure - The auto configuration for [rest-i18n] initiated
2025-07-15 12:23:37.311   [main] DEBUG i.g.nichetoolkit.rest.holder.MessageSourceHolder - The message source context holder has be refreshed
2025-07-15 12:23:37.445   [main] INFO  o.s.boot.web.embedded.tomcat.TomcatWebServer - Tomcat initialized with port(s): 8080 (http)
2025-07-15 12:23:37.451   [main] INFO  org.apache.coyote.http11.Http11NioProtocol - Initializing ProtocolHandler ["http-nio-8080"]
2025-07-15 12:23:37.452   [main] INFO  org.apache.catalina.core.StandardService - Starting service [Tomcat]
2025-07-15 12:23:37.452   [main] INFO  org.apache.catalina.core.StandardEngine - Starting Servlet engine: [Apache Tomcat/9.0.90]
2025-07-15 12:23:37.534   [main] INFO  o.a.c.core.ContainerBase.[Tomcat].[localhost].[/] - Initializing Spring embedded WebApplicationContext
2025-07-15 12:23:37.535   [main] INFO  o.s.b.w.s.c.ServletWebServerApplicationContext - Root WebApplicationContext: initialization completed in 1928 ms
2025-07-15 12:23:37.582   [main] DEBUG i.g.nichetoolkit.rest.logback.DefaultLogbackFilter - Filter 'defaultLogbackFilter' configured for use
2025-07-15 12:23:37.584   [main] DEBUG i.g.n.rice.defaults.DefaultAccessTokenFilter - Filter 'defaultAccessTokenFilter' configured for use
2025-07-15 12:23:37.589   [main] DEBUG i.g.n.ossfile.configure.OssfileCoreAutoConfigure - The auto configuration for [ossfile-core] initiated
2025-07-15 12:23:37.618   [main] DEBUG io.github.nichetoolkit.rest.worker.RadixWorker - The radix      properties: {"enabled":false,"digits":"qwe8as2dzx9c7p5ik3mjufr4vyltn6bgh","supply":"o","minLength":6}
2025-07-15 12:23:37.629   [main] DEBUG i.g.n.rest.configure.RestUtilsAutoConfigure - The auto configuration for [rest-utils] initiated
2025-07-15 12:23:37.630   [main] DEBUG i.g.n.rest.configure.RestCoreAutoConfigure - The auto configuration for [rest-core] initiated
2025-07-15 12:23:37.642   [main] DEBUG i.g.n.rest.configure.RestInterceptAutoConfigure - The auto configuration for [rest-intercept] initiated
2025-07-15 12:23:37.804   [main] DEBUG i.g.n.aerial.configure.DatasourceAutoConfigure - the auto configuration for [datasource] rest template initiated
2025-07-15 12:23:37.847   [main] WARN  org.mybatis.spring.SqlSessionFactoryBean - Property 'mapperLocations' was specified but matching resources are not found.
2025-07-15 12:23:37.850   [main] DEBUG io.github.nichetoolkit.rest.util.LoggerUtils - The fitter bean of [io.github.nichetoolkit.mybatis.holder.RestSqlSessionHolder] type for named 'restSqlSessionHolder' has be initiated.
2025-07-15 12:23:38.062   [main] DEBUG io.github.nichetoolkit.ossfile.OssfileStoreHolder - There are 1 store service beans has been initiated.
2025-07-15 12:23:38.062   [main] DEBUG i.github.nichetoolkit.rest.DefaultControllerAdvice - There are 3 fulfilled fitter beans has be initiated.
2025-07-15 12:23:38.081   [main] DEBUG i.g.n.rice.configure.RiceStarterAutoConfigure - The auto configuration for [rice-starter] initiated
2025-07-15 12:23:38.082   [main] DEBUG i.g.n.rice.configure.RiceContextAutoConfigure - The auto configuration for [rice-context] initiated
2025-07-15 12:23:38.102   [main] DEBUG i.g.n.rest.configure.RestHttpAutoConfigure - The auto configuration for [rest-http] initiated
2025-07-15 12:23:38.103   [main] DEBUG i.g.n.rest.configure.RestIdentityAutoConfigure - The auto configuration for [rest-identity] initiated
2025-07-15 12:23:38.107   [main] DEBUG i.g.n.rest.configure.RestLogbackAutoConfigure - The auto configuration for [rest-logback] initiated
2025-07-15 12:23:38.107   [main] DEBUG i.g.n.rest.configure.RestStarterAutoConfigure - The auto configuration for [rest-starter] initiated
2025-07-15 12:23:38.108   [main] DEBUG i.g.n.rice.configure.RiceCoreAutoConfigure - The auto configuration for [rice-core] initiated
2025-07-15 12:23:38.108   [main] DEBUG i.g.n.mybatis.configure.RiceMybatisAutoConfigure - The auto configuration for [rice-mybatis] initiated
2025-07-15 12:23:38.110   [main] WARN  o.s.b.w.s.c.AnnotationConfigServletWebServerApplicationContext - Exception encountered during context initialization - cancelling refresh attempt: org.springframework.beans.factory.UnsatisfiedDependencyException: Error creating bean with name 'mybatisMapperAutoConfigure.MybatisRecordAutoRegister' defined in URL [jar:file:/D:/Maven/LocalWarehouse/io/github/nichetoolkit/mybatis-toolkit-starter/1.1.2-SNAPSHOT/mybatis-toolkit-starter-1.1.2-SNAPSHOT.jar!/io/github/nichetoolkit/mybatis/configure/MybatisMapperAutoConfigure$MybatisRecordAutoRegister.class]: Unsatisfied dependency expressed through constructor parameter 0; nested exception is org.springframework.beans.factory.NoSuchBeanDefinitionException: No qualifying bean of type 'io.github.nichetoolkit.mybatis.MybatisMapperFactory<?, ?, ?>' available: expected at least 1 bean which qualifies as autowire candidate. Dependency annotations: {}
2025-07-15 12:23:38.113   [main] INFO  org.apache.catalina.core.StandardService - Stopping service [Tomcat]
2025-07-15 12:23:38.120   [main] INFO  o.s.b.a.l.ConditionEvaluationReportLoggingListener - 

Error starting ApplicationContext. To display the conditions report re-run your application with 'debug' enabled.
2025-07-15 12:23:38.135   [main] ERROR o.s.b.diagnostics.LoggingFailureAnalysisReporter - 

***************************
APPLICATION FAILED TO START
***************************

Description:

Parameter 0 of constructor in io.github.nichetoolkit.mybatis.configure.MybatisMapperAutoConfigure$MybatisRecordAutoRegister required a bean of type 'io.github.nichetoolkit.mybatis.MybatisMapperFactory' that could not be found.


Action:

Consider defining a bean of type 'io.github.nichetoolkit.mybatis.MybatisMapperFactory' in your configuration.

2025-07-15 12:25:52.544   [background-preinit] INFO  org.hibernate.validator.internal.util.Version - HV000001: Hibernate Validator 6.2.5.Final
2025-07-15 12:25:52.561   [main] DEBUG i.g.n.rest.holder.ApplicationContextHolder - The application context holder has be initiated
2025-07-15 12:25:52.561   [main] DEBUG i.g.nichetoolkit.rest.holder.MessageSourceHolder - The message source context holder has be initiated
2025-07-15 12:25:52.564   [main] INFO  i.g.n.aerial.AerialEngineServerApplication - Starting AerialEngineServerApplication using Java 1.8.0_432 on Cyan with PID 6624 (F:\GitHubWorkspaces\NicheEngine\aerial-engine-server\aerial-engine-server\target\classes started by Snow in F:\GitHubWorkspaces\NicheEngine\aerial-engine-server)
2025-07-15 12:25:52.566   [main] DEBUG i.g.n.aerial.AerialEngineServerApplication - Running with Spring Boot v2.7.18, Spring v5.3.39
2025-07-15 12:25:52.566   [main] INFO  i.g.n.aerial.AerialEngineServerApplication - The following 1 profile is active: "dev"
2025-07-15 12:25:52.615   [main] DEBUG i.g.n.rest.holder.BeanDefinitionRegistryHolder - The bean definition registry holder has be initiated
2025-07-15 12:25:53.754   [main] INFO  o.s.i.c.DefaultConfiguringBeanFactoryPostProcessor - No bean named 'errorChannel' has been explicitly defined. Therefore, a default PublishSubscribeChannel will be created.
2025-07-15 12:25:53.765   [main] INFO  o.s.i.c.DefaultConfiguringBeanFactoryPostProcessor - No bean named 'integrationHeaderChannelRegistry' has been explicitly defined. Therefore, a default DefaultHeaderChannelRegistry will be created.
2025-07-15 12:25:53.776   [main] DEBUG i.g.n.rest.holder.ListableBeanFactoryHolder - The listable bean factory holder has be initiated
2025-07-15 12:25:54.050   [main] DEBUG i.g.n.rest.configure.RestI18nAutoConfigure - The auto configuration for [rest-i18n] initiated
2025-07-15 12:25:54.054   [main] DEBUG i.g.nichetoolkit.rest.holder.MessageSourceHolder - The message source context holder has be refreshed
2025-07-15 12:25:54.192   [main] INFO  o.s.boot.web.embedded.tomcat.TomcatWebServer - Tomcat initialized with port(s): 8080 (http)
2025-07-15 12:25:54.196   [main] INFO  org.apache.coyote.http11.Http11NioProtocol - Initializing ProtocolHandler ["http-nio-8080"]
2025-07-15 12:25:54.197   [main] INFO  org.apache.catalina.core.StandardService - Starting service [Tomcat]
2025-07-15 12:25:54.198   [main] INFO  org.apache.catalina.core.StandardEngine - Starting Servlet engine: [Apache Tomcat/9.0.90]
2025-07-15 12:25:54.272   [main] INFO  o.a.c.core.ContainerBase.[Tomcat].[localhost].[/] - Initializing Spring embedded WebApplicationContext
2025-07-15 12:25:54.272   [main] INFO  o.s.b.w.s.c.ServletWebServerApplicationContext - Root WebApplicationContext: initialization completed in 1668 ms
2025-07-15 12:25:54.334   [main] DEBUG i.g.nichetoolkit.rest.logback.DefaultLogbackFilter - Filter 'defaultLogbackFilter' configured for use
2025-07-15 12:25:54.334   [main] DEBUG i.g.n.rice.defaults.DefaultAccessTokenFilter - Filter 'defaultAccessTokenFilter' configured for use
2025-07-15 12:25:54.340   [main] DEBUG i.g.n.ossfile.configure.OssfileCoreAutoConfigure - The auto configuration for [ossfile-core] initiated
2025-07-15 12:25:54.373   [main] DEBUG io.github.nichetoolkit.rest.worker.RadixWorker - The radix      properties: {"enabled":false,"digits":"qwe8as2dzx9c7p5ik3mjufr4vyltn6bgh","supply":"o","minLength":6}
2025-07-15 12:25:54.383   [main] DEBUG i.g.n.rest.configure.RestUtilsAutoConfigure - The auto configuration for [rest-utils] initiated
2025-07-15 12:25:54.383   [main] DEBUG i.g.n.rest.configure.RestCoreAutoConfigure - The auto configuration for [rest-core] initiated
2025-07-15 12:25:54.396   [main] DEBUG i.g.n.rest.configure.RestInterceptAutoConfigure - The auto configuration for [rest-intercept] initiated
2025-07-15 12:25:54.562   [main] DEBUG i.g.n.aerial.configure.DatasourceAutoConfigure - the auto configuration for [datasource] rest template initiated
2025-07-15 12:25:54.601   [main] WARN  org.mybatis.spring.SqlSessionFactoryBean - Property 'mapperLocations' was specified but matching resources are not found.
2025-07-15 12:25:54.602   [main] DEBUG io.github.nichetoolkit.rest.util.LoggerUtils - The fitter bean of [io.github.nichetoolkit.mybatis.holder.RestSqlSessionHolder] type for named 'restSqlSessionHolder' has be initiated.
2025-07-15 12:25:54.803   [main] DEBUG io.github.nichetoolkit.ossfile.OssfileStoreHolder - There are 1 store service beans has been initiated.
2025-07-15 12:25:54.803   [main] DEBUG i.github.nichetoolkit.rest.DefaultControllerAdvice - There are 3 fulfilled fitter beans has be initiated.
2025-07-15 12:25:54.822   [main] DEBUG i.g.n.rice.configure.RiceStarterAutoConfigure - The auto configuration for [rice-starter] initiated
2025-07-15 12:25:54.824   [main] DEBUG i.g.n.rice.configure.RiceContextAutoConfigure - The auto configuration for [rice-context] initiated
2025-07-15 12:25:54.844   [main] DEBUG i.g.n.rest.configure.RestHttpAutoConfigure - The auto configuration for [rest-http] initiated
2025-07-15 12:25:54.844   [main] DEBUG i.g.n.rest.configure.RestIdentityAutoConfigure - The auto configuration for [rest-identity] initiated
2025-07-15 12:25:54.847   [main] DEBUG i.g.n.rest.configure.RestLogbackAutoConfigure - The auto configuration for [rest-logback] initiated
2025-07-15 12:25:54.848   [main] DEBUG i.g.n.rest.configure.RestStarterAutoConfigure - The auto configuration for [rest-starter] initiated
2025-07-15 12:25:54.849   [main] DEBUG i.g.n.rice.configure.RiceCoreAutoConfigure - The auto configuration for [rice-core] initiated
2025-07-15 12:25:54.849   [main] DEBUG i.g.n.mybatis.configure.RiceMybatisAutoConfigure - The auto configuration for [rice-mybatis] initiated
2025-07-15 12:25:54.852   [main] WARN  o.s.b.w.s.c.AnnotationConfigServletWebServerApplicationContext - Exception encountered during context initialization - cancelling refresh attempt: org.springframework.beans.factory.UnsatisfiedDependencyException: Error creating bean with name 'mybatisMapperAutoConfigure.MybatisRecordAutoRegister' defined in URL [jar:file:/D:/Maven/LocalWarehouse/io/github/nichetoolkit/mybatis-toolkit-starter/1.1.2-SNAPSHOT/mybatis-toolkit-starter-1.1.2-SNAPSHOT.jar!/io/github/nichetoolkit/mybatis/configure/MybatisMapperAutoConfigure$MybatisRecordAutoRegister.class]: Unsatisfied dependency expressed through constructor parameter 0; nested exception is org.springframework.beans.factory.NoSuchBeanDefinitionException: No qualifying bean of type 'io.github.nichetoolkit.mybatis.MybatisMapperFactory<?, ?, ?>' available: expected at least 1 bean which qualifies as autowire candidate. Dependency annotations: {}
2025-07-15 12:25:54.855   [main] INFO  org.apache.catalina.core.StandardService - Stopping service [Tomcat]
2025-07-15 12:25:54.861   [main] INFO  o.s.b.a.l.ConditionEvaluationReportLoggingListener - 

Error starting ApplicationContext. To display the conditions report re-run your application with 'debug' enabled.
2025-07-15 12:25:54.874   [main] ERROR o.s.b.diagnostics.LoggingFailureAnalysisReporter - 

***************************
APPLICATION FAILED TO START
***************************

Description:

Parameter 0 of constructor in io.github.nichetoolkit.mybatis.configure.MybatisMapperAutoConfigure$MybatisRecordAutoRegister required a bean of type 'io.github.nichetoolkit.mybatis.MybatisMapperFactory' that could not be found.


Action:

Consider defining a bean of type 'io.github.nichetoolkit.mybatis.MybatisMapperFactory' in your configuration.

2025-07-15 12:28:14.312   [background-preinit] INFO  org.hibernate.validator.internal.util.Version - HV000001: Hibernate Validator 6.2.5.Final
2025-07-15 12:28:14.332   [main] DEBUG i.g.n.rest.holder.ApplicationContextHolder - The application context holder has be initiated
2025-07-15 12:28:14.333   [main] DEBUG i.g.nichetoolkit.rest.holder.MessageSourceHolder - The message source context holder has be initiated
2025-07-15 12:28:14.337   [main] INFO  i.g.n.aerial.AerialEngineServerApplication - Starting AerialEngineServerApplication using Java 1.8.0_432 on Cyan with PID 15544 (F:\GitHubWorkspaces\NicheEngine\aerial-engine-server\aerial-engine-server\target\classes started by Snow in F:\GitHubWorkspaces\NicheEngine\aerial-engine-server)
2025-07-15 12:28:14.338   [main] DEBUG i.g.n.aerial.AerialEngineServerApplication - Running with Spring Boot v2.7.18, Spring v5.3.39
2025-07-15 12:28:14.338   [main] INFO  i.g.n.aerial.AerialEngineServerApplication - The following 1 profile is active: "dev"
2025-07-15 12:28:14.395   [main] DEBUG i.g.n.rest.holder.BeanDefinitionRegistryHolder - The bean definition registry holder has be initiated
2025-07-15 12:28:15.589   [main] INFO  o.s.i.c.DefaultConfiguringBeanFactoryPostProcessor - No bean named 'errorChannel' has been explicitly defined. Therefore, a default PublishSubscribeChannel will be created.
2025-07-15 12:28:15.597   [main] INFO  o.s.i.c.DefaultConfiguringBeanFactoryPostProcessor - No bean named 'integrationHeaderChannelRegistry' has been explicitly defined. Therefore, a default DefaultHeaderChannelRegistry will be created.
2025-07-15 12:28:15.606   [main] DEBUG i.g.n.rest.holder.ListableBeanFactoryHolder - The listable bean factory holder has be initiated
2025-07-15 12:28:15.909   [main] DEBUG i.g.n.rest.configure.RestI18nAutoConfigure - The auto configuration for [rest-i18n] initiated
2025-07-15 12:28:15.913   [main] DEBUG i.g.nichetoolkit.rest.holder.MessageSourceHolder - The message source context holder has be refreshed
2025-07-15 12:28:16.049   [main] INFO  o.s.boot.web.embedded.tomcat.TomcatWebServer - Tomcat initialized with port(s): 8080 (http)
2025-07-15 12:28:16.055   [main] INFO  org.apache.coyote.http11.Http11NioProtocol - Initializing ProtocolHandler ["http-nio-8080"]
2025-07-15 12:28:16.056   [main] INFO  org.apache.catalina.core.StandardService - Starting service [Tomcat]
2025-07-15 12:28:16.056   [main] INFO  org.apache.catalina.core.StandardEngine - Starting Servlet engine: [Apache Tomcat/9.0.90]
2025-07-15 12:28:16.120   [main] INFO  o.a.c.core.ContainerBase.[Tomcat].[localhost].[/] - Initializing Spring embedded WebApplicationContext
2025-07-15 12:28:16.121   [main] INFO  o.s.b.w.s.c.ServletWebServerApplicationContext - Root WebApplicationContext: initialization completed in 1740 ms
2025-07-15 12:28:16.192   [main] DEBUG i.g.nichetoolkit.rest.logback.DefaultLogbackFilter - Filter 'defaultLogbackFilter' configured for use
2025-07-15 12:28:16.194   [main] DEBUG i.g.n.rice.defaults.DefaultAccessTokenFilter - Filter 'defaultAccessTokenFilter' configured for use
2025-07-15 12:28:16.200   [main] DEBUG i.g.n.ossfile.configure.OssfileCoreAutoConfigure - The auto configuration for [ossfile-core] initiated
2025-07-15 12:28:16.233   [main] DEBUG io.github.nichetoolkit.rest.worker.RadixWorker - The radix      properties: {"enabled":false,"digits":"qwe8as2dzx9c7p5ik3mjufr4vyltn6bgh","supply":"o","minLength":6}
2025-07-15 12:28:16.244   [main] DEBUG i.g.n.rest.configure.RestUtilsAutoConfigure - The auto configuration for [rest-utils] initiated
2025-07-15 12:28:16.246   [main] DEBUG i.g.n.rest.configure.RestCoreAutoConfigure - The auto configuration for [rest-core] initiated
2025-07-15 12:28:16.257   [main] DEBUG i.g.n.rest.configure.RestInterceptAutoConfigure - The auto configuration for [rest-intercept] initiated
2025-07-15 12:28:16.420   [main] DEBUG i.g.n.aerial.configure.DatasourceAutoConfigure - the auto configuration for [datasource] rest template initiated
2025-07-15 12:28:16.455   [main] WARN  org.mybatis.spring.SqlSessionFactoryBean - Property 'mapperLocations' was specified but matching resources are not found.
2025-07-15 12:28:16.457   [main] DEBUG io.github.nichetoolkit.rest.util.LoggerUtils - The fitter bean of [io.github.nichetoolkit.mybatis.holder.RestSqlSessionHolder] type for named 'restSqlSessionHolder' has be initiated.
2025-07-15 12:28:16.659   [main] DEBUG io.github.nichetoolkit.ossfile.OssfileStoreHolder - There are 1 store service beans has been initiated.
2025-07-15 12:28:16.660   [main] DEBUG i.github.nichetoolkit.rest.DefaultControllerAdvice - There are 3 fulfilled fitter beans has be initiated.
2025-07-15 12:28:16.680   [main] DEBUG i.g.n.rice.configure.RiceStarterAutoConfigure - The auto configuration for [rice-starter] initiated
2025-07-15 12:28:16.681   [main] DEBUG i.g.n.rice.configure.RiceContextAutoConfigure - The auto configuration for [rice-context] initiated
2025-07-15 12:28:16.701   [main] DEBUG i.g.n.rest.configure.RestHttpAutoConfigure - The auto configuration for [rest-http] initiated
2025-07-15 12:28:16.701   [main] DEBUG i.g.n.rest.configure.RestIdentityAutoConfigure - The auto configuration for [rest-identity] initiated
2025-07-15 12:28:16.704   [main] DEBUG i.g.n.rest.configure.RestLogbackAutoConfigure - The auto configuration for [rest-logback] initiated
2025-07-15 12:28:16.705   [main] DEBUG i.g.n.rest.configure.RestStarterAutoConfigure - The auto configuration for [rest-starter] initiated
2025-07-15 12:28:16.706   [main] DEBUG i.g.n.rice.configure.RiceCoreAutoConfigure - The auto configuration for [rice-core] initiated
2025-07-15 12:28:16.706   [main] DEBUG i.g.n.mybatis.configure.RiceMybatisAutoConfigure - The auto configuration for [rice-mybatis] initiated
2025-07-15 12:28:16.708   [main] WARN  o.s.b.w.s.c.AnnotationConfigServletWebServerApplicationContext - Exception encountered during context initialization - cancelling refresh attempt: org.springframework.beans.factory.UnsatisfiedDependencyException: Error creating bean with name 'mybatisMapperAutoConfigure.MybatisRecordAutoRegister' defined in URL [jar:file:/D:/Maven/LocalWarehouse/io/github/nichetoolkit/mybatis-toolkit-starter/1.1.2-SNAPSHOT/mybatis-toolkit-starter-1.1.2-SNAPSHOT.jar!/io/github/nichetoolkit/mybatis/configure/MybatisMapperAutoConfigure$MybatisRecordAutoRegister.class]: Unsatisfied dependency expressed through constructor parameter 0; nested exception is org.springframework.beans.factory.NoSuchBeanDefinitionException: No qualifying bean of type 'io.github.nichetoolkit.mybatis.MybatisMapperFactory<?, ?, ?>' available: expected at least 1 bean which qualifies as autowire candidate. Dependency annotations: {}
2025-07-15 12:28:16.709   [main] INFO  org.apache.catalina.core.StandardService - Stopping service [Tomcat]
2025-07-15 12:28:16.716   [main] INFO  o.s.b.a.l.ConditionEvaluationReportLoggingListener - 

Error starting ApplicationContext. To display the conditions report re-run your application with 'debug' enabled.
2025-07-15 12:28:16.730   [main] ERROR o.s.b.diagnostics.LoggingFailureAnalysisReporter - 

***************************
APPLICATION FAILED TO START
***************************

Description:

Parameter 0 of constructor in io.github.nichetoolkit.mybatis.configure.MybatisMapperAutoConfigure$MybatisRecordAutoRegister required a bean of type 'io.github.nichetoolkit.mybatis.MybatisMapperFactory' that could not be found.


Action:

Consider defining a bean of type 'io.github.nichetoolkit.mybatis.MybatisMapperFactory' in your configuration.

2025-07-15 12:29:31.600   [background-preinit] INFO  org.hibernate.validator.internal.util.Version - HV000001: Hibernate Validator 6.2.5.Final
2025-07-15 12:29:31.618   [main] DEBUG i.g.n.rest.holder.ApplicationContextHolder - The application context holder has be initiated
2025-07-15 12:29:31.619   [main] DEBUG i.g.nichetoolkit.rest.holder.MessageSourceHolder - The message source context holder has be initiated
2025-07-15 12:29:31.623   [main] INFO  i.g.n.aerial.AerialEngineServerApplication - Starting AerialEngineServerApplication using Java 1.8.0_432 on Cyan with PID 1632 (F:\GitHubWorkspaces\NicheEngine\aerial-engine-server\aerial-engine-server\target\classes started by Snow in F:\GitHubWorkspaces\NicheEngine\aerial-engine-server)
2025-07-15 12:29:31.623   [main] DEBUG i.g.n.aerial.AerialEngineServerApplication - Running with Spring Boot v2.7.18, Spring v5.3.39
2025-07-15 12:29:31.624   [main] INFO  i.g.n.aerial.AerialEngineServerApplication - The following 1 profile is active: "dev"
2025-07-15 12:29:31.681   [main] DEBUG i.g.n.rest.holder.BeanDefinitionRegistryHolder - The bean definition registry holder has be initiated
2025-07-15 12:29:32.831   [main] INFO  o.s.i.c.DefaultConfiguringBeanFactoryPostProcessor - No bean named 'errorChannel' has been explicitly defined. Therefore, a default PublishSubscribeChannel will be created.
2025-07-15 12:29:32.837   [main] INFO  o.s.i.c.DefaultConfiguringBeanFactoryPostProcessor - No bean named 'integrationHeaderChannelRegistry' has been explicitly defined. Therefore, a default DefaultHeaderChannelRegistry will be created.
2025-07-15 12:29:32.850   [main] DEBUG i.g.n.rest.holder.ListableBeanFactoryHolder - The listable bean factory holder has be initiated
2025-07-15 12:29:33.170   [main] DEBUG i.g.n.rest.configure.RestI18nAutoConfigure - The auto configuration for [rest-i18n] initiated
2025-07-15 12:29:33.174   [main] DEBUG i.g.nichetoolkit.rest.holder.MessageSourceHolder - The message source context holder has be refreshed
2025-07-15 12:29:33.317   [main] INFO  o.s.boot.web.embedded.tomcat.TomcatWebServer - Tomcat initialized with port(s): 8080 (http)
2025-07-15 12:29:33.322   [main] INFO  org.apache.coyote.http11.Http11NioProtocol - Initializing ProtocolHandler ["http-nio-8080"]
2025-07-15 12:29:33.323   [main] INFO  org.apache.catalina.core.StandardService - Starting service [Tomcat]
2025-07-15 12:29:33.323   [main] INFO  org.apache.catalina.core.StandardEngine - Starting Servlet engine: [Apache Tomcat/9.0.90]
2025-07-15 12:29:33.401   [main] INFO  o.a.c.core.ContainerBase.[Tomcat].[localhost].[/] - Initializing Spring embedded WebApplicationContext
2025-07-15 12:29:33.402   [main] INFO  o.s.b.w.s.c.ServletWebServerApplicationContext - Root WebApplicationContext: initialization completed in 1735 ms
2025-07-15 12:29:33.466   [main] DEBUG i.g.nichetoolkit.rest.logback.DefaultLogbackFilter - Filter 'defaultLogbackFilter' configured for use
2025-07-15 12:29:33.466   [main] DEBUG i.g.n.rice.defaults.DefaultAccessTokenFilter - Filter 'defaultAccessTokenFilter' configured for use
2025-07-15 12:29:33.472   [main] DEBUG i.g.n.ossfile.configure.OssfileCoreAutoConfigure - The auto configuration for [ossfile-core] initiated
2025-07-15 12:29:33.506   [main] DEBUG io.github.nichetoolkit.rest.worker.RadixWorker - The radix      properties: {"enabled":false,"digits":"qwe8as2dzx9c7p5ik3mjufr4vyltn6bgh","supply":"o","minLength":6}
2025-07-15 12:29:33.517   [main] DEBUG i.g.n.rest.configure.RestUtilsAutoConfigure - The auto configuration for [rest-utils] initiated
2025-07-15 12:29:33.519   [main] DEBUG i.g.n.rest.configure.RestCoreAutoConfigure - The auto configuration for [rest-core] initiated
2025-07-15 12:29:33.531   [main] DEBUG i.g.n.rest.configure.RestInterceptAutoConfigure - The auto configuration for [rest-intercept] initiated
2025-07-15 12:29:33.713   [main] DEBUG i.g.n.aerial.configure.DatasourceAutoConfigure - the auto configuration for [datasource] rest template initiated
2025-07-15 12:29:33.749   [main] WARN  org.mybatis.spring.SqlSessionFactoryBean - Property 'mapperLocations' was specified but matching resources are not found.
2025-07-15 12:29:33.751   [main] DEBUG io.github.nichetoolkit.rest.util.LoggerUtils - The fitter bean of [io.github.nichetoolkit.mybatis.holder.RestSqlSessionHolder] type for named 'restSqlSessionHolder' has be initiated.
2025-07-15 12:29:33.947   [main] DEBUG io.github.nichetoolkit.ossfile.OssfileStoreHolder - There are 1 store service beans has been initiated.
2025-07-15 12:29:33.947   [main] DEBUG i.github.nichetoolkit.rest.DefaultControllerAdvice - There are 3 fulfilled fitter beans has be initiated.
2025-07-15 12:29:33.967   [main] DEBUG i.g.n.rice.configure.RiceStarterAutoConfigure - The auto configuration for [rice-starter] initiated
2025-07-15 12:29:33.969   [main] DEBUG i.g.n.rice.configure.RiceContextAutoConfigure - The auto configuration for [rice-context] initiated
2025-07-15 12:29:33.989   [main] DEBUG i.g.n.rest.configure.RestHttpAutoConfigure - The auto configuration for [rest-http] initiated
2025-07-15 12:29:33.990   [main] DEBUG i.g.n.rest.configure.RestIdentityAutoConfigure - The auto configuration for [rest-identity] initiated
2025-07-15 12:29:33.993   [main] DEBUG i.g.n.rest.configure.RestLogbackAutoConfigure - The auto configuration for [rest-logback] initiated
2025-07-15 12:29:33.993   [main] DEBUG i.g.n.rest.configure.RestStarterAutoConfigure - The auto configuration for [rest-starter] initiated
2025-07-15 12:29:33.994   [main] DEBUG i.g.n.rice.configure.RiceCoreAutoConfigure - The auto configuration for [rice-core] initiated
2025-07-15 12:29:33.994   [main] DEBUG i.g.n.mybatis.configure.RiceMybatisAutoConfigure - The auto configuration for [rice-mybatis] initiated
2025-07-15 12:29:33.995   [main] DEBUG i.g.n.mybatis.configure.MybatisMapperAutoConfigure - The auto configuration for [mybatis-mapper] initiated
2025-07-15 12:29:34.007   [main] DEBUG i.g.n.m.configure.MybatisStarterAutoConfigure - The auto configuration for [mybatis-starter] initiated
2025-07-15 12:29:34.044   [main] DEBUG i.g.n.m.configure.MybatisContextAutoConfigure - The auto configuration for [mybatis-context] initiated
2025-07-15 12:29:34.048   [main] DEBUG i.g.n.mybatis.configure.MybatisCoreAutoConfigure - The auto configuration for [mybatis-core] initiated
2025-07-15 12:29:34.048   [main] DEBUG i.g.n.ossfile.configure.OssfileMinioAutoConfigure - The auto configuration for [ossfile-minio] initiated
2025-07-15 12:29:34.053   [main] DEBUG i.g.n.aerial.configure.AerialServerAutoConfigure - The auto configuration for [aerial-server] initiated
2025-07-15 12:29:34.054   [main] DEBUG i.g.n.aerial.configure.AerialStarterAutoConfigure - The auto configuration for [aerial-starter] initiated
2025-07-15 12:29:34.054   [main] DEBUG i.g.n.aerial.configure.AerialDjisdkAutoConfigure - The auto configuration for [aerial-djisdk] initiated
2025-07-15 12:29:34.060   [main] DEBUG i.g.n.aerial.configure.AerialMqttAutoConfigure - The auto configuration for [aerial-mqtt] initiated
2025-07-15 12:29:34.062   [main] WARN  o.s.b.w.s.c.AnnotationConfigServletWebServerApplicationContext - Exception encountered during context initialization - cancelling refresh attempt: org.springframework.beans.factory.BeanCreationException: Error creating bean with name 'aerialMqttAutoConfigure': Injection of resource dependencies failed; nested exception is org.springframework.beans.factory.NoSuchBeanDefinitionException: No qualifying bean of type 'org.springframework.integration.mqtt.core.MqttPahoClientFactory' available: expected at least 1 bean which qualifies as autowire candidate. Dependency annotations: {@javax.annotation.Resource(shareable=true, lookup=, name=, description=, authenticationType=CONTAINER, type=class java.lang.Object, mappedName=)}
2025-07-15 12:29:34.064   [main] INFO  org.apache.catalina.core.StandardService - Stopping service [Tomcat]
2025-07-15 12:29:34.070   [main] INFO  o.s.b.a.l.ConditionEvaluationReportLoggingListener - 

Error starting ApplicationContext. To display the conditions report re-run your application with 'debug' enabled.
2025-07-15 12:29:34.083   [main] ERROR o.s.b.diagnostics.LoggingFailureAnalysisReporter - 

***************************
APPLICATION FAILED TO START
***************************

Description:

A component required a bean of type 'org.springframework.integration.mqtt.core.MqttPahoClientFactory' that could not be found.


Action:

Consider defining a bean of type 'org.springframework.integration.mqtt.core.MqttPahoClientFactory' in your configuration.

2025-07-15 12:29:51.359   [background-preinit] INFO  org.hibernate.validator.internal.util.Version - HV000001: Hibernate Validator 6.2.5.Final
2025-07-15 12:29:51.372   [main] DEBUG i.g.n.rest.holder.ApplicationContextHolder - The application context holder has be initiated
2025-07-15 12:29:51.374   [main] DEBUG i.g.nichetoolkit.rest.holder.MessageSourceHolder - The message source context holder has be initiated
2025-07-15 12:29:51.384   [main] INFO  i.g.n.aerial.AerialEngineServerApplication - Starting AerialEngineServerApplication using Java 1.8.0_432 on Cyan with PID 2492 (F:\GitHubWorkspaces\NicheEngine\aerial-engine-server\aerial-engine-server\target\classes started by Snow in F:\GitHubWorkspaces\NicheEngine\aerial-engine-server)
2025-07-15 12:29:51.384   [main] DEBUG i.g.n.aerial.AerialEngineServerApplication - Running with Spring Boot v2.7.18, Spring v5.3.39
2025-07-15 12:29:51.385   [main] INFO  i.g.n.aerial.AerialEngineServerApplication - The following 1 profile is active: "dev"
2025-07-15 12:29:51.459   [main] DEBUG i.g.n.rest.holder.BeanDefinitionRegistryHolder - The bean definition registry holder has be initiated
2025-07-15 12:29:52.762   [main] INFO  o.s.i.c.DefaultConfiguringBeanFactoryPostProcessor - No bean named 'errorChannel' has been explicitly defined. Therefore, a default PublishSubscribeChannel will be created.
2025-07-15 12:29:52.768   [main] INFO  o.s.i.c.DefaultConfiguringBeanFactoryPostProcessor - No bean named 'integrationHeaderChannelRegistry' has been explicitly defined. Therefore, a default DefaultHeaderChannelRegistry will be created.
2025-07-15 12:29:52.777   [main] DEBUG i.g.n.rest.holder.ListableBeanFactoryHolder - The listable bean factory holder has be initiated
2025-07-15 12:29:53.016   [main] DEBUG i.g.n.rest.configure.RestI18nAutoConfigure - The auto configuration for [rest-i18n] initiated
2025-07-15 12:29:53.102   [main] DEBUG i.g.nichetoolkit.rest.holder.MessageSourceHolder - The message source context holder has be refreshed
2025-07-15 12:29:53.245   [main] INFO  o.s.boot.web.embedded.tomcat.TomcatWebServer - Tomcat initialized with port(s): 8080 (http)
2025-07-15 12:29:53.250   [main] INFO  org.apache.coyote.http11.Http11NioProtocol - Initializing ProtocolHandler ["http-nio-8080"]
2025-07-15 12:29:53.251   [main] INFO  org.apache.catalina.core.StandardService - Starting service [Tomcat]
2025-07-15 12:29:53.251   [main] INFO  org.apache.catalina.core.StandardEngine - Starting Servlet engine: [Apache Tomcat/9.0.90]
2025-07-15 12:29:53.320   [main] INFO  o.a.c.core.ContainerBase.[Tomcat].[localhost].[/] - Initializing Spring embedded WebApplicationContext
2025-07-15 12:29:53.320   [main] INFO  o.s.b.w.s.c.ServletWebServerApplicationContext - Root WebApplicationContext: initialization completed in 1879 ms
2025-07-15 12:29:53.375   [main] DEBUG i.g.nichetoolkit.rest.logback.DefaultLogbackFilter - Filter 'defaultLogbackFilter' configured for use
2025-07-15 12:29:53.377   [main] DEBUG i.g.n.rice.defaults.DefaultAccessTokenFilter - Filter 'defaultAccessTokenFilter' configured for use
2025-07-15 12:29:53.383   [main] DEBUG i.g.n.ossfile.configure.OssfileCoreAutoConfigure - The auto configuration for [ossfile-core] initiated
2025-07-15 12:29:53.419   [main] DEBUG io.github.nichetoolkit.rest.worker.RadixWorker - The radix      properties: {"enabled":false,"digits":"qwe8as2dzx9c7p5ik3mjufr4vyltn6bgh","supply":"o","minLength":6}
2025-07-15 12:29:53.430   [main] DEBUG i.g.n.rest.configure.RestUtilsAutoConfigure - The auto configuration for [rest-utils] initiated
2025-07-15 12:29:53.431   [main] DEBUG i.g.n.rest.configure.RestCoreAutoConfigure - The auto configuration for [rest-core] initiated
2025-07-15 12:29:53.443   [main] DEBUG i.g.n.rest.configure.RestInterceptAutoConfigure - The auto configuration for [rest-intercept] initiated
2025-07-15 12:29:53.610   [main] DEBUG i.g.n.aerial.configure.DatasourceAutoConfigure - the auto configuration for [datasource] rest template initiated
2025-07-15 12:29:53.644   [main] WARN  org.mybatis.spring.SqlSessionFactoryBean - Property 'mapperLocations' was specified but matching resources are not found.
2025-07-15 12:29:53.647   [main] DEBUG io.github.nichetoolkit.rest.util.LoggerUtils - The fitter bean of [io.github.nichetoolkit.mybatis.holder.RestSqlSessionHolder] type for named 'restSqlSessionHolder' has be initiated.
2025-07-15 12:29:53.838   [main] DEBUG io.github.nichetoolkit.ossfile.OssfileStoreHolder - There are 1 store service beans has been initiated.
2025-07-15 12:29:53.838   [main] DEBUG i.github.nichetoolkit.rest.DefaultControllerAdvice - There are 3 fulfilled fitter beans has be initiated.
2025-07-15 12:29:53.857   [main] DEBUG i.g.n.rice.configure.RiceStarterAutoConfigure - The auto configuration for [rice-starter] initiated
2025-07-15 12:29:53.859   [main] DEBUG i.g.n.rice.configure.RiceContextAutoConfigure - The auto configuration for [rice-context] initiated
2025-07-15 12:29:53.879   [main] DEBUG i.g.n.rest.configure.RestHttpAutoConfigure - The auto configuration for [rest-http] initiated
2025-07-15 12:29:53.880   [main] DEBUG i.g.n.rest.configure.RestIdentityAutoConfigure - The auto configuration for [rest-identity] initiated
2025-07-15 12:29:53.883   [main] DEBUG i.g.n.rest.configure.RestLogbackAutoConfigure - The auto configuration for [rest-logback] initiated
2025-07-15 12:29:53.884   [main] DEBUG i.g.n.rest.configure.RestStarterAutoConfigure - The auto configuration for [rest-starter] initiated
2025-07-15 12:29:53.884   [main] DEBUG i.g.n.rice.configure.RiceCoreAutoConfigure - The auto configuration for [rice-core] initiated
2025-07-15 12:29:53.884   [main] DEBUG i.g.n.mybatis.configure.RiceMybatisAutoConfigure - The auto configuration for [rice-mybatis] initiated
2025-07-15 12:29:53.886   [main] WARN  o.s.b.w.s.c.AnnotationConfigServletWebServerApplicationContext - Exception encountered during context initialization - cancelling refresh attempt: org.springframework.beans.factory.UnsatisfiedDependencyException: Error creating bean with name 'mybatisMapperAutoConfigure.MybatisRecordAutoRegister' defined in URL [jar:file:/D:/Maven/LocalWarehouse/io/github/nichetoolkit/mybatis-toolkit-starter/1.1.2-SNAPSHOT/mybatis-toolkit-starter-1.1.2-SNAPSHOT.jar!/io/github/nichetoolkit/mybatis/configure/MybatisMapperAutoConfigure$MybatisRecordAutoRegister.class]: Unsatisfied dependency expressed through constructor parameter 0; nested exception is org.springframework.beans.factory.NoSuchBeanDefinitionException: No qualifying bean of type 'io.github.nichetoolkit.mybatis.MybatisMapperFactory<?, ?, ?>' available: expected at least 1 bean which qualifies as autowire candidate. Dependency annotations: {}
2025-07-15 12:29:53.888   [main] INFO  org.apache.catalina.core.StandardService - Stopping service [Tomcat]
2025-07-15 12:29:53.895   [main] INFO  o.s.b.a.l.ConditionEvaluationReportLoggingListener - 

Error starting ApplicationContext. To display the conditions report re-run your application with 'debug' enabled.
2025-07-15 12:29:53.907   [main] ERROR o.s.b.diagnostics.LoggingFailureAnalysisReporter - 

***************************
APPLICATION FAILED TO START
***************************

Description:

Parameter 0 of constructor in io.github.nichetoolkit.mybatis.configure.MybatisMapperAutoConfigure$MybatisRecordAutoRegister required a bean of type 'io.github.nichetoolkit.mybatis.MybatisMapperFactory' that could not be found.


Action:

Consider defining a bean of type 'io.github.nichetoolkit.mybatis.MybatisMapperFactory' in your configuration.

2025-07-15 12:30:48.994   [background-preinit] INFO  org.hibernate.validator.internal.util.Version - HV000001: Hibernate Validator 6.2.5.Final
2025-07-15 12:30:49.010   [main] DEBUG i.g.n.rest.holder.ApplicationContextHolder - The application context holder has be initiated
2025-07-15 12:30:49.010   [main] DEBUG i.g.nichetoolkit.rest.holder.MessageSourceHolder - The message source context holder has be initiated
2025-07-15 12:30:49.013   [main] INFO  i.g.n.aerial.AerialEngineServerApplication - Starting AerialEngineServerApplication using Java 1.8.0_432 on Cyan with PID 8128 (F:\GitHubWorkspaces\NicheEngine\aerial-engine-server\aerial-engine-server\target\classes started by Snow in F:\GitHubWorkspaces\NicheEngine\aerial-engine-server)
2025-07-15 12:30:49.013   [main] DEBUG i.g.n.aerial.AerialEngineServerApplication - Running with Spring Boot v2.7.18, Spring v5.3.39
2025-07-15 12:30:49.013   [main] INFO  i.g.n.aerial.AerialEngineServerApplication - The following 1 profile is active: "dev"
2025-07-15 12:30:49.061   [main] DEBUG i.g.n.rest.holder.BeanDefinitionRegistryHolder - The bean definition registry holder has be initiated
2025-07-15 12:30:50.377   [main] INFO  o.s.i.c.DefaultConfiguringBeanFactoryPostProcessor - No bean named 'errorChannel' has been explicitly defined. Therefore, a default PublishSubscribeChannel will be created.
2025-07-15 12:30:50.384   [main] INFO  o.s.i.c.DefaultConfiguringBeanFactoryPostProcessor - No bean named 'integrationHeaderChannelRegistry' has been explicitly defined. Therefore, a default DefaultHeaderChannelRegistry will be created.
2025-07-15 12:30:50.395   [main] DEBUG i.g.n.rest.holder.ListableBeanFactoryHolder - The listable bean factory holder has be initiated
2025-07-15 12:30:50.731   [main] DEBUG i.g.n.rest.configure.RestI18nAutoConfigure - The auto configuration for [rest-i18n] initiated
2025-07-15 12:30:50.735   [main] DEBUG i.g.nichetoolkit.rest.holder.MessageSourceHolder - The message source context holder has be refreshed
2025-07-15 12:30:50.886   [main] INFO  o.s.boot.web.embedded.tomcat.TomcatWebServer - Tomcat initialized with port(s): 8080 (http)
2025-07-15 12:30:50.891   [main] INFO  org.apache.coyote.http11.Http11NioProtocol - Initializing ProtocolHandler ["http-nio-8080"]
2025-07-15 12:30:50.893   [main] INFO  org.apache.catalina.core.StandardService - Starting service [Tomcat]
2025-07-15 12:30:50.893   [main] INFO  org.apache.catalina.core.StandardEngine - Starting Servlet engine: [Apache Tomcat/9.0.90]
2025-07-15 12:30:50.965   [main] INFO  o.a.c.core.ContainerBase.[Tomcat].[localhost].[/] - Initializing Spring embedded WebApplicationContext
2025-07-15 12:30:50.965   [main] INFO  o.s.b.w.s.c.ServletWebServerApplicationContext - Root WebApplicationContext: initialization completed in 1916 ms
2025-07-15 12:30:51.023   [main] DEBUG i.g.nichetoolkit.rest.logback.DefaultLogbackFilter - Filter 'defaultLogbackFilter' configured for use
2025-07-15 12:30:51.023   [main] DEBUG i.g.n.rice.defaults.DefaultAccessTokenFilter - Filter 'defaultAccessTokenFilter' configured for use
2025-07-15 12:30:51.030   [main] DEBUG i.g.n.ossfile.configure.OssfileCoreAutoConfigure - The auto configuration for [ossfile-core] initiated
2025-07-15 12:30:51.059   [main] DEBUG io.github.nichetoolkit.rest.worker.RadixWorker - The radix      properties: {"enabled":false,"digits":"qwe8as2dzx9c7p5ik3mjufr4vyltn6bgh","supply":"o","minLength":6}
2025-07-15 12:30:51.069   [main] DEBUG i.g.n.rest.configure.RestUtilsAutoConfigure - The auto configuration for [rest-utils] initiated
2025-07-15 12:30:51.070   [main] DEBUG i.g.n.rest.configure.RestCoreAutoConfigure - The auto configuration for [rest-core] initiated
2025-07-15 12:30:51.082   [main] DEBUG i.g.n.rest.configure.RestInterceptAutoConfigure - The auto configuration for [rest-intercept] initiated
2025-07-15 12:30:51.255   [main] DEBUG i.g.n.aerial.configure.DatasourceAutoConfigure - the auto configuration for [datasource] rest template initiated
2025-07-15 12:30:51.293   [main] WARN  org.mybatis.spring.SqlSessionFactoryBean - Property 'mapperLocations' was specified but matching resources are not found.
2025-07-15 12:30:51.295   [main] DEBUG io.github.nichetoolkit.rest.util.LoggerUtils - The fitter bean of [io.github.nichetoolkit.mybatis.holder.RestSqlSessionHolder] type for named 'restSqlSessionHolder' has be initiated.
2025-07-15 12:30:51.496   [main] DEBUG io.github.nichetoolkit.ossfile.OssfileStoreHolder - There are 1 store service beans has been initiated.
2025-07-15 12:30:51.496   [main] DEBUG i.github.nichetoolkit.rest.DefaultControllerAdvice - There are 3 fulfilled fitter beans has be initiated.
2025-07-15 12:30:51.516   [main] DEBUG i.g.n.rice.configure.RiceStarterAutoConfigure - The auto configuration for [rice-starter] initiated
2025-07-15 12:30:51.519   [main] DEBUG i.g.n.rice.configure.RiceContextAutoConfigure - The auto configuration for [rice-context] initiated
2025-07-15 12:30:51.540   [main] DEBUG i.g.n.rest.configure.RestHttpAutoConfigure - The auto configuration for [rest-http] initiated
2025-07-15 12:30:51.541   [main] DEBUG i.g.n.rest.configure.RestIdentityAutoConfigure - The auto configuration for [rest-identity] initiated
2025-07-15 12:30:51.543   [main] DEBUG i.g.n.rest.configure.RestLogbackAutoConfigure - The auto configuration for [rest-logback] initiated
2025-07-15 12:30:51.544   [main] DEBUG i.g.n.rest.configure.RestStarterAutoConfigure - The auto configuration for [rest-starter] initiated
2025-07-15 12:30:51.545   [main] DEBUG i.g.n.rice.configure.RiceCoreAutoConfigure - The auto configuration for [rice-core] initiated
2025-07-15 12:30:51.545   [main] DEBUG i.g.n.mybatis.configure.RiceMybatisAutoConfigure - The auto configuration for [rice-mybatis] initiated
2025-07-15 12:30:51.547   [main] WARN  o.s.b.w.s.c.AnnotationConfigServletWebServerApplicationContext - Exception encountered during context initialization - cancelling refresh attempt: org.springframework.beans.factory.UnsatisfiedDependencyException: Error creating bean with name 'mybatisMapperAutoConfigure.MybatisRecordAutoRegister' defined in URL [jar:file:/D:/Maven/LocalWarehouse/io/github/nichetoolkit/mybatis-toolkit-starter/1.1.2-SNAPSHOT/mybatis-toolkit-starter-1.1.2-SNAPSHOT.jar!/io/github/nichetoolkit/mybatis/configure/MybatisMapperAutoConfigure$MybatisRecordAutoRegister.class]: Unsatisfied dependency expressed through constructor parameter 0; nested exception is org.springframework.beans.factory.NoSuchBeanDefinitionException: No qualifying bean of type 'io.github.nichetoolkit.mybatis.MybatisMapperFactory<?, ?, ?>' available: expected at least 1 bean which qualifies as autowire candidate. Dependency annotations: {}
2025-07-15 12:30:51.549   [main] INFO  org.apache.catalina.core.StandardService - Stopping service [Tomcat]
2025-07-15 12:30:51.555   [main] INFO  o.s.b.a.l.ConditionEvaluationReportLoggingListener - 

Error starting ApplicationContext. To display the conditions report re-run your application with 'debug' enabled.
2025-07-15 12:30:51.568   [main] ERROR o.s.b.diagnostics.LoggingFailureAnalysisReporter - 

***************************
APPLICATION FAILED TO START
***************************

Description:

Parameter 0 of constructor in io.github.nichetoolkit.mybatis.configure.MybatisMapperAutoConfigure$MybatisRecordAutoRegister required a bean of type 'io.github.nichetoolkit.mybatis.MybatisMapperFactory' that could not be found.


Action:

Consider defining a bean of type 'io.github.nichetoolkit.mybatis.MybatisMapperFactory' in your configuration.

2025-07-15 12:35:17.589   [background-preinit] INFO  org.hibernate.validator.internal.util.Version - HV000001: Hibernate Validator 6.2.5.Final
2025-07-15 12:35:17.602   [main] DEBUG i.g.n.rest.holder.ApplicationContextHolder - The application context holder has be initiated
2025-07-15 12:35:17.602   [main] DEBUG i.g.nichetoolkit.rest.holder.MessageSourceHolder - The message source context holder has be initiated
2025-07-15 12:35:17.605   [main] INFO  i.g.n.aerial.AerialEngineServerApplication - Starting AerialEngineServerApplication using Java 1.8.0_432 on Cyan with PID 19048 (F:\GitHubWorkspaces\NicheEngine\aerial-engine-server\aerial-engine-server\target\classes started by Snow in F:\GitHubWorkspaces\NicheEngine\aerial-engine-server)
2025-07-15 12:35:17.606   [main] DEBUG i.g.n.aerial.AerialEngineServerApplication - Running with Spring Boot v2.7.18, Spring v5.3.39
2025-07-15 12:35:17.606   [main] INFO  i.g.n.aerial.AerialEngineServerApplication - The following 1 profile is active: "dev"
2025-07-15 12:35:17.655   [main] DEBUG i.g.n.rest.holder.BeanDefinitionRegistryHolder - The bean definition registry holder has be initiated
2025-07-15 12:35:18.951   [main] INFO  o.s.i.c.DefaultConfiguringBeanFactoryPostProcessor - No bean named 'errorChannel' has been explicitly defined. Therefore, a default PublishSubscribeChannel will be created.
2025-07-15 12:35:18.959   [main] INFO  o.s.i.c.DefaultConfiguringBeanFactoryPostProcessor - No bean named 'integrationHeaderChannelRegistry' has been explicitly defined. Therefore, a default DefaultHeaderChannelRegistry will be created.
2025-07-15 12:35:18.967   [main] DEBUG i.g.n.rest.holder.ListableBeanFactoryHolder - The listable bean factory holder has be initiated
2025-07-15 12:35:19.275   [main] DEBUG i.g.n.rest.configure.RestI18nAutoConfigure - The auto configuration for [rest-i18n] initiated
2025-07-15 12:35:19.278   [main] DEBUG i.g.nichetoolkit.rest.holder.MessageSourceHolder - The message source context holder has be refreshed
2025-07-15 12:35:19.421   [main] INFO  o.s.boot.web.embedded.tomcat.TomcatWebServer - Tomcat initialized with port(s): 8080 (http)
2025-07-15 12:35:19.426   [main] INFO  org.apache.coyote.http11.Http11NioProtocol - Initializing ProtocolHandler ["http-nio-8080"]
2025-07-15 12:35:19.427   [main] INFO  org.apache.catalina.core.StandardService - Starting service [Tomcat]
2025-07-15 12:35:19.427   [main] INFO  org.apache.catalina.core.StandardEngine - Starting Servlet engine: [Apache Tomcat/9.0.90]
2025-07-15 12:35:19.495   [main] INFO  o.a.c.core.ContainerBase.[Tomcat].[localhost].[/] - Initializing Spring embedded WebApplicationContext
2025-07-15 12:35:19.495   [main] INFO  o.s.b.w.s.c.ServletWebServerApplicationContext - Root WebApplicationContext: initialization completed in 1849 ms
2025-07-15 12:35:19.563   [main] DEBUG i.g.nichetoolkit.rest.logback.DefaultLogbackFilter - Filter 'defaultLogbackFilter' configured for use
2025-07-15 12:35:19.563   [main] DEBUG i.g.n.rice.defaults.DefaultAccessTokenFilter - Filter 'defaultAccessTokenFilter' configured for use
2025-07-15 12:35:19.569   [main] DEBUG i.g.n.ossfile.configure.OssfileCoreAutoConfigure - The auto configuration for [ossfile-core] initiated
2025-07-15 12:35:19.600   [main] DEBUG io.github.nichetoolkit.rest.worker.RadixWorker - The radix      properties: {"enabled":false,"digits":"qwe8as2dzx9c7p5ik3mjufr4vyltn6bgh","supply":"o","minLength":6}
2025-07-15 12:35:19.612   [main] DEBUG i.g.n.rest.configure.RestUtilsAutoConfigure - The auto configuration for [rest-utils] initiated
2025-07-15 12:35:19.613   [main] DEBUG i.g.n.rest.configure.RestCoreAutoConfigure - The auto configuration for [rest-core] initiated
2025-07-15 12:35:19.626   [main] DEBUG i.g.n.rest.configure.RestInterceptAutoConfigure - The auto configuration for [rest-intercept] initiated
2025-07-15 12:35:19.791   [main] DEBUG i.g.n.aerial.configure.DatasourceAutoConfigure - the auto configuration for [datasource] rest template initiated
2025-07-15 12:35:19.829   [main] WARN  org.mybatis.spring.SqlSessionFactoryBean - Property 'mapperLocations' was specified but matching resources are not found.
2025-07-15 12:35:19.831   [main] DEBUG io.github.nichetoolkit.rest.util.LoggerUtils - The fitter bean of [io.github.nichetoolkit.mybatis.holder.RestSqlSessionHolder] type for named 'restSqlSessionHolder' has be initiated.
2025-07-15 12:35:20.033   [main] DEBUG io.github.nichetoolkit.ossfile.OssfileStoreHolder - There are 1 store service beans has been initiated.
2025-07-15 12:35:20.033   [main] DEBUG i.github.nichetoolkit.rest.DefaultControllerAdvice - There are 3 fulfilled fitter beans has be initiated.
2025-07-15 12:35:20.056   [main] DEBUG i.g.n.rice.configure.RiceStarterAutoConfigure - The auto configuration for [rice-starter] initiated
2025-07-15 12:35:20.057   [main] DEBUG i.g.n.rice.configure.RiceContextAutoConfigure - The auto configuration for [rice-context] initiated
2025-07-15 12:35:20.080   [main] DEBUG i.g.n.rest.configure.RestHttpAutoConfigure - The auto configuration for [rest-http] initiated
2025-07-15 12:35:20.080   [main] DEBUG i.g.n.rest.configure.RestIdentityAutoConfigure - The auto configuration for [rest-identity] initiated
2025-07-15 12:35:20.084   [main] DEBUG i.g.n.rest.configure.RestLogbackAutoConfigure - The auto configuration for [rest-logback] initiated
2025-07-15 12:35:20.085   [main] DEBUG i.g.n.rest.configure.RestStarterAutoConfigure - The auto configuration for [rest-starter] initiated
2025-07-15 12:35:20.085   [main] DEBUG i.g.n.rice.configure.RiceCoreAutoConfigure - The auto configuration for [rice-core] initiated
2025-07-15 12:35:20.085   [main] DEBUG i.g.n.mybatis.configure.RiceMybatisAutoConfigure - The auto configuration for [rice-mybatis] initiated
2025-07-15 12:35:20.087   [main] WARN  o.s.b.w.s.c.AnnotationConfigServletWebServerApplicationContext - Exception encountered during context initialization - cancelling refresh attempt: org.springframework.beans.factory.UnsatisfiedDependencyException: Error creating bean with name 'mybatisMapperAutoConfigure.MybatisRecordAutoRegister' defined in URL [jar:file:/D:/Maven/LocalWarehouse/io/github/nichetoolkit/mybatis-toolkit-starter/1.1.2-SNAPSHOT/mybatis-toolkit-starter-1.1.2-SNAPSHOT.jar!/io/github/nichetoolkit/mybatis/configure/MybatisMapperAutoConfigure$MybatisRecordAutoRegister.class]: Unsatisfied dependency expressed through constructor parameter 0; nested exception is org.springframework.beans.factory.NoSuchBeanDefinitionException: No qualifying bean of type 'io.github.nichetoolkit.mybatis.MybatisMapperFactory<?, ?, ?>' available: expected at least 1 bean which qualifies as autowire candidate. Dependency annotations: {}
2025-07-15 12:35:20.089   [main] INFO  org.apache.catalina.core.StandardService - Stopping service [Tomcat]
2025-07-15 12:35:20.096   [main] INFO  o.s.b.a.l.ConditionEvaluationReportLoggingListener - 

Error starting ApplicationContext. To display the conditions report re-run your application with 'debug' enabled.
2025-07-15 12:35:20.111   [main] ERROR o.s.b.diagnostics.LoggingFailureAnalysisReporter - 

***************************
APPLICATION FAILED TO START
***************************

Description:

Parameter 0 of constructor in io.github.nichetoolkit.mybatis.configure.MybatisMapperAutoConfigure$MybatisRecordAutoRegister required a bean of type 'io.github.nichetoolkit.mybatis.MybatisMapperFactory' that could not be found.


Action:

Consider defining a bean of type 'io.github.nichetoolkit.mybatis.MybatisMapperFactory' in your configuration.

2025-07-15 12:49:48.954   [background-preinit] INFO  org.hibernate.validator.internal.util.Version - HV000001: Hibernate Validator 6.2.5.Final
2025-07-15 12:49:48.965   [main] DEBUG i.g.n.rest.holder.ApplicationContextHolder - The application context holder has be initiated
2025-07-15 12:49:48.966   [main] DEBUG i.g.nichetoolkit.rest.holder.MessageSourceHolder - The message source context holder has be initiated
2025-07-15 12:49:48.969   [main] INFO  i.g.n.aerial.AerialEngineServerApplication - Starting AerialEngineServerApplication using Java 1.8.0_432 on Cyan with PID 6676 (F:\GitHubWorkspaces\NicheEngine\aerial-engine-server\aerial-engine-server\target\classes started by Snow in F:\GitHubWorkspaces\NicheEngine\aerial-engine-server)
2025-07-15 12:49:48.969   [main] DEBUG i.g.n.aerial.AerialEngineServerApplication - Running with Spring Boot v2.7.18, Spring v5.3.39
2025-07-15 12:49:48.970   [main] INFO  i.g.n.aerial.AerialEngineServerApplication - The following 1 profile is active: "dev"
2025-07-15 12:49:49.023   [main] DEBUG i.g.n.rest.holder.BeanDefinitionRegistryHolder - The bean definition registry holder has be initiated
2025-07-15 12:49:50.168   [main] INFO  o.s.i.c.DefaultConfiguringBeanFactoryPostProcessor - No bean named 'errorChannel' has been explicitly defined. Therefore, a default PublishSubscribeChannel will be created.
2025-07-15 12:49:50.175   [main] INFO  o.s.i.c.DefaultConfiguringBeanFactoryPostProcessor - No bean named 'integrationHeaderChannelRegistry' has been explicitly defined. Therefore, a default DefaultHeaderChannelRegistry will be created.
2025-07-15 12:49:50.186   [main] DEBUG i.g.n.rest.holder.ListableBeanFactoryHolder - The listable bean factory holder has be initiated
2025-07-15 12:49:50.619   [main] INFO  o.s.boot.web.embedded.tomcat.TomcatWebServer - Tomcat initialized with port(s): 8080 (http)
2025-07-15 12:49:50.625   [main] INFO  org.apache.coyote.http11.Http11NioProtocol - Initializing ProtocolHandler ["http-nio-8080"]
2025-07-15 12:49:50.625   [main] INFO  org.apache.catalina.core.StandardService - Starting service [Tomcat]
2025-07-15 12:49:50.626   [main] INFO  org.apache.catalina.core.StandardEngine - Starting Servlet engine: [Apache Tomcat/9.0.90]
2025-07-15 12:49:50.692   [main] INFO  o.a.c.core.ContainerBase.[Tomcat].[localhost].[/] - Initializing Spring embedded WebApplicationContext
2025-07-15 12:49:50.693   [main] INFO  o.s.b.w.s.c.ServletWebServerApplicationContext - Root WebApplicationContext: initialization completed in 1686 ms
2025-07-15 12:49:50.743   [main] DEBUG i.g.nichetoolkit.rest.logback.DefaultLogbackFilter - Filter 'defaultLogbackFilter' configured for use
2025-07-15 12:49:50.743   [main] DEBUG i.g.n.rice.defaults.DefaultAccessTokenFilter - Filter 'defaultAccessTokenFilter' configured for use
2025-07-15 12:49:50.749   [main] DEBUG i.g.n.ossfile.configure.OssfileCoreAutoConfigure - The auto configuration for [ossfile-core] initiated
2025-07-15 12:49:50.765   [main] DEBUG i.g.n.rest.configure.RestUtilsAutoConfigure - The auto configuration for [rest-utils] initiated
2025-07-15 12:49:50.766   [main] DEBUG i.g.n.rest.configure.RestCoreAutoConfigure - The auto configuration for [rest-core] initiated
2025-07-15 12:49:50.778   [main] DEBUG i.g.n.rest.configure.RestInterceptAutoConfigure - The auto configuration for [rest-intercept] initiated
2025-07-15 12:49:50.947   [main] DEBUG i.g.n.aerial.configure.DatasourceAutoConfigure - the auto configuration for [datasource] rest template initiated
2025-07-15 12:49:50.984   [main] WARN  org.mybatis.spring.SqlSessionFactoryBean - Property 'mapperLocations' was specified but matching resources are not found.
2025-07-15 12:49:50.986   [main] DEBUG io.github.nichetoolkit.rest.util.LoggerUtils - The fitter bean of [io.github.nichetoolkit.mybatis.holder.RestSqlSessionHolder] type for named 'restSqlSessionHolder' has be initiated.
2025-07-15 12:49:51.189   [main] DEBUG io.github.nichetoolkit.ossfile.OssfileStoreHolder - There are 1 store service beans has been initiated.
2025-07-15 12:49:51.190   [main] DEBUG i.github.nichetoolkit.rest.DefaultControllerAdvice - There are 3 fulfilled fitter beans has be initiated.
2025-07-15 12:49:51.209   [main] DEBUG i.g.n.rice.configure.RiceStarterAutoConfigure - The auto configuration for [rice-starter] initiated
2025-07-15 12:49:51.211   [main] DEBUG i.g.n.rice.configure.RiceContextAutoConfigure - The auto configuration for [rice-context] initiated
2025-07-15 12:49:51.234   [main] DEBUG i.g.n.rest.configure.RestHttpAutoConfigure - The auto configuration for [rest-http] initiated
2025-07-15 12:49:51.236   [main] DEBUG i.g.n.rest.configure.RestIdentityAutoConfigure - The auto configuration for [rest-identity] initiated
2025-07-15 12:49:51.239   [main] DEBUG i.g.n.rest.configure.RestLogbackAutoConfigure - The auto configuration for [rest-logback] initiated
2025-07-15 12:49:51.240   [main] DEBUG i.g.n.rest.configure.RestStarterAutoConfigure - The auto configuration for [rest-starter] initiated
2025-07-15 12:49:51.241   [main] DEBUG i.g.n.rice.configure.RiceCoreAutoConfigure - The auto configuration for [rice-core] initiated
2025-07-15 12:49:51.241   [main] DEBUG i.g.n.mybatis.configure.RiceMybatisAutoConfigure - The auto configuration for [rice-mybatis] initiated
2025-07-15 12:49:51.242   [main] DEBUG i.g.n.mybatis.configure.MybatisMapperAutoConfigure - The auto configuration for [mybatis-mapper] initiated
2025-07-15 12:49:51.254   [main] DEBUG i.g.n.m.configure.MybatisStarterAutoConfigure - The auto configuration for [mybatis-starter] initiated
2025-07-15 12:49:51.290   [main] DEBUG i.g.n.m.configure.MybatisContextAutoConfigure - The auto configuration for [mybatis-context] initiated
2025-07-15 12:49:51.293   [main] DEBUG i.g.n.mybatis.configure.MybatisCoreAutoConfigure - The auto configuration for [mybatis-core] initiated
2025-07-15 12:49:51.295   [main] DEBUG i.g.n.ossfile.configure.OssfileMinioAutoConfigure - The auto configuration for [ossfile-minio] initiated
2025-07-15 12:49:51.300   [main] DEBUG i.g.n.aerial.configure.AerialServerAutoConfigure - The auto configuration for [aerial-server] initiated
2025-07-15 12:49:51.301   [main] DEBUG i.g.n.aerial.configure.AerialStarterAutoConfigure - The auto configuration for [aerial-starter] initiated
2025-07-15 12:49:51.301   [main] DEBUG i.g.n.aerial.configure.AerialDjisdkAutoConfigure - The auto configuration for [aerial-djisdk] initiated
2025-07-15 12:49:51.306   [main] DEBUG i.g.n.aerial.configure.AerialMqttAutoConfigure - The auto configuration for [aerial-mqtt] initiated
2025-07-15 12:49:51.308   [main] WARN  o.s.b.w.s.c.AnnotationConfigServletWebServerApplicationContext - Exception encountered during context initialization - cancelling refresh attempt: org.springframework.beans.factory.BeanCreationException: Error creating bean with name 'aerialMqttAutoConfigure': Injection of resource dependencies failed; nested exception is org.springframework.beans.factory.NoSuchBeanDefinitionException: No qualifying bean of type 'org.springframework.integration.mqtt.core.MqttPahoClientFactory' available: expected at least 1 bean which qualifies as autowire candidate. Dependency annotations: {@javax.annotation.Resource(shareable=true, lookup=, name=, description=, authenticationType=CONTAINER, type=class java.lang.Object, mappedName=)}
2025-07-15 12:49:51.310   [main] INFO  org.apache.catalina.core.StandardService - Stopping service [Tomcat]
2025-07-15 12:49:51.316   [main] INFO  o.s.b.a.l.ConditionEvaluationReportLoggingListener - 

Error starting ApplicationContext. To display the conditions report re-run your application with 'debug' enabled.
2025-07-15 12:49:51.329   [main] ERROR o.s.b.diagnostics.LoggingFailureAnalysisReporter - 

***************************
APPLICATION FAILED TO START
***************************

Description:

A component required a bean of type 'org.springframework.integration.mqtt.core.MqttPahoClientFactory' that could not be found.


Action:

Consider defining a bean of type 'org.springframework.integration.mqtt.core.MqttPahoClientFactory' in your configuration.

2025-07-15 14:51:56.125   [background-preinit] INFO  org.hibernate.validator.internal.util.Version - HV000001: Hibernate Validator 6.2.5.Final
2025-07-15 14:51:56.138   [main] DEBUG i.g.n.rest.holder.ApplicationContextHolder - The application context holder has be initiated
2025-07-15 14:51:56.139   [main] DEBUG i.g.nichetoolkit.rest.holder.MessageSourceHolder - The message source context holder has be initiated
2025-07-15 14:51:56.143   [main] INFO  i.g.n.aerial.AerialEngineServerApplication - Starting AerialEngineServerApplication using Java 1.8.0_432 on Cyan with PID 4164 (F:\GitHubWorkspaces\NicheEngine\aerial-engine-server\aerial-engine-server\target\classes started by Snow in F:\GitHubWorkspaces\NicheEngine\aerial-engine-server)
2025-07-15 14:51:56.144   [main] DEBUG i.g.n.aerial.AerialEngineServerApplication - Running with Spring Boot v2.7.18, Spring v5.3.39
2025-07-15 14:51:56.144   [main] INFO  i.g.n.aerial.AerialEngineServerApplication - The following 1 profile is active: "dev"
2025-07-15 14:51:56.193   [main] DEBUG i.g.n.rest.holder.BeanDefinitionRegistryHolder - The bean definition registry holder has be initiated
2025-07-15 14:51:57.328   [main] INFO  o.s.i.c.DefaultConfiguringBeanFactoryPostProcessor - No bean named 'errorChannel' has been explicitly defined. Therefore, a default PublishSubscribeChannel will be created.
2025-07-15 14:51:57.335   [main] INFO  o.s.i.c.DefaultConfiguringBeanFactoryPostProcessor - No bean named 'integrationHeaderChannelRegistry' has been explicitly defined. Therefore, a default DefaultHeaderChannelRegistry will be created.
2025-07-15 14:51:57.344   [main] DEBUG i.g.n.rest.holder.ListableBeanFactoryHolder - The listable bean factory holder has be initiated
2025-07-15 14:51:57.782   [main] INFO  o.s.boot.web.embedded.tomcat.TomcatWebServer - Tomcat initialized with port(s): 8080 (http)
2025-07-15 14:51:57.788   [main] INFO  org.apache.coyote.http11.Http11NioProtocol - Initializing ProtocolHandler ["http-nio-8080"]
2025-07-15 14:51:57.789   [main] INFO  org.apache.catalina.core.StandardService - Starting service [Tomcat]
2025-07-15 14:51:57.789   [main] INFO  org.apache.catalina.core.StandardEngine - Starting Servlet engine: [Apache Tomcat/9.0.90]
2025-07-15 14:51:57.852   [main] INFO  o.a.c.core.ContainerBase.[Tomcat].[localhost].[/] - Initializing Spring embedded WebApplicationContext
2025-07-15 14:51:57.852   [main] INFO  o.s.b.w.s.c.ServletWebServerApplicationContext - Root WebApplicationContext: initialization completed in 1670 ms
2025-07-15 14:51:57.904   [main] DEBUG i.g.nichetoolkit.rest.logback.DefaultLogbackFilter - Filter 'defaultLogbackFilter' configured for use
2025-07-15 14:51:57.904   [main] DEBUG i.g.n.rice.defaults.DefaultAccessTokenFilter - Filter 'defaultAccessTokenFilter' configured for use
2025-07-15 14:51:57.911   [main] DEBUG i.g.n.ossfile.configure.OssfileCoreAutoConfigure - The auto configuration for [ossfile-core] initiated
2025-07-15 14:51:57.928   [main] DEBUG i.g.n.rest.configure.RestUtilsAutoConfigure - The auto configuration for [rest-utils] initiated
2025-07-15 14:51:57.929   [main] DEBUG i.g.n.rest.configure.RestCoreAutoConfigure - The auto configuration for [rest-core] initiated
2025-07-15 14:51:57.942   [main] DEBUG i.g.n.rest.configure.RestInterceptAutoConfigure - The auto configuration for [rest-intercept] initiated
2025-07-15 14:51:58.123   [main] DEBUG i.g.n.aerial.configure.DatasourceAutoConfigure - the auto configuration for [datasource] rest template initiated
2025-07-15 14:51:58.161   [main] WARN  org.mybatis.spring.SqlSessionFactoryBean - Property 'mapperLocations' was specified but matching resources are not found.
2025-07-15 14:51:58.164   [main] DEBUG io.github.nichetoolkit.rest.util.LoggerUtils - The fitter bean of [io.github.nichetoolkit.mybatis.holder.RestSqlSessionHolder] type for named 'restSqlSessionHolder' has be initiated.
2025-07-15 14:51:58.357   [main] DEBUG io.github.nichetoolkit.ossfile.OssfileStoreHolder - There are 1 store service beans has been initiated.
2025-07-15 14:51:58.358   [main] DEBUG i.github.nichetoolkit.rest.DefaultControllerAdvice - There are 3 fulfilled fitter beans has be initiated.
2025-07-15 14:51:58.375   [main] DEBUG i.g.n.rice.configure.RiceStarterAutoConfigure - The auto configuration for [rice-starter] initiated
2025-07-15 14:51:58.377   [main] DEBUG i.g.n.rice.configure.RiceContextAutoConfigure - The auto configuration for [rice-context] initiated
2025-07-15 14:51:58.399   [main] DEBUG i.g.n.rest.configure.RestHttpAutoConfigure - The auto configuration for [rest-http] initiated
2025-07-15 14:51:58.400   [main] DEBUG i.g.n.rest.configure.RestIdentityAutoConfigure - The auto configuration for [rest-identity] initiated
2025-07-15 14:51:58.405   [main] DEBUG i.g.n.rest.configure.RestLogbackAutoConfigure - The auto configuration for [rest-logback] initiated
2025-07-15 14:51:58.405   [main] DEBUG i.g.n.rest.configure.RestStarterAutoConfigure - The auto configuration for [rest-starter] initiated
2025-07-15 14:51:58.406   [main] DEBUG i.g.n.rice.configure.RiceCoreAutoConfigure - The auto configuration for [rice-core] initiated
2025-07-15 14:51:58.406   [main] DEBUG i.g.n.mybatis.configure.RiceMybatisAutoConfigure - The auto configuration for [rice-mybatis] initiated
2025-07-15 14:51:58.407   [main] DEBUG i.g.n.mybatis.configure.MybatisMapperAutoConfigure - The auto configuration for [mybatis-mapper] initiated
2025-07-15 14:51:58.421   [main] DEBUG i.g.n.m.configure.MybatisStarterAutoConfigure - The auto configuration for [mybatis-starter] initiated
2025-07-15 14:51:58.457   [main] DEBUG i.g.n.m.configure.MybatisContextAutoConfigure - The auto configuration for [mybatis-context] initiated
2025-07-15 14:51:58.460   [main] DEBUG i.g.n.mybatis.configure.MybatisCoreAutoConfigure - The auto configuration for [mybatis-core] initiated
2025-07-15 14:51:58.461   [main] DEBUG i.g.n.ossfile.configure.OssfileMinioAutoConfigure - The auto configuration for [ossfile-minio] initiated
2025-07-15 14:51:58.466   [main] DEBUG i.g.n.aerial.configure.AerialServerAutoConfigure - The auto configuration for [aerial-server] initiated
2025-07-15 14:51:58.467   [main] DEBUG i.g.n.aerial.configure.AerialStarterAutoConfigure - The auto configuration for [aerial-starter] initiated
2025-07-15 14:51:58.467   [main] DEBUG i.g.n.aerial.configure.AerialDjisdkAutoConfigure - The auto configuration for [aerial-djisdk] initiated
2025-07-15 14:51:58.475   [main] DEBUG i.g.n.aerial.configure.AerialMqttAutoConfigure - The auto configuration for [aerial-mqtt] initiated
2025-07-15 14:51:58.475   [main] WARN  o.s.b.w.s.c.AnnotationConfigServletWebServerApplicationContext - Exception encountered during context initialization - cancelling refresh attempt: org.springframework.beans.factory.BeanCreationException: Error creating bean with name 'aerialMqttAutoConfigure': Injection of resource dependencies failed; nested exception is org.springframework.beans.factory.NoSuchBeanDefinitionException: No bean named 'inbound' available
2025-07-15 14:51:58.478   [main] INFO  org.apache.catalina.core.StandardService - Stopping service [Tomcat]
2025-07-15 14:51:58.485   [main] INFO  o.s.b.a.l.ConditionEvaluationReportLoggingListener - 

Error starting ApplicationContext. To display the conditions report re-run your application with 'debug' enabled.
2025-07-15 14:51:58.495   [main] ERROR o.s.b.diagnostics.LoggingFailureAnalysisReporter - 

***************************
APPLICATION FAILED TO START
***************************

Description:

A component required a bean named 'inbound' that could not be found.


Action:

Consider defining a bean named 'inbound' in your configuration.

2025-07-15 15:08:48.712   [background-preinit] INFO  org.hibernate.validator.internal.util.Version - HV000001: Hibernate Validator 6.2.5.Final
2025-07-15 15:08:48.731   [main] DEBUG i.g.n.rest.holder.ApplicationContextHolder - The application context holder has be initiated
2025-07-15 15:08:48.732   [main] DEBUG i.g.nichetoolkit.rest.holder.MessageSourceHolder - The message source context holder has be initiated
2025-07-15 15:08:48.737   [main] INFO  i.g.n.aerial.AerialEngineServerApplication - Starting AerialEngineServerApplication using Java 1.8.0_432 on Cyan with PID 5932 (F:\GitHubWorkspaces\NicheEngine\aerial-engine-server\aerial-engine-server\target\classes started by Snow in F:\GitHubWorkspaces\NicheEngine\aerial-engine-server)
2025-07-15 15:08:48.737   [main] DEBUG i.g.n.aerial.AerialEngineServerApplication - Running with Spring Boot v2.7.18, Spring v5.3.39
2025-07-15 15:08:48.739   [main] INFO  i.g.n.aerial.AerialEngineServerApplication - The following 1 profile is active: "dev"
2025-07-15 15:08:48.802   [main] DEBUG i.g.n.rest.holder.BeanDefinitionRegistryHolder - The bean definition registry holder has be initiated
2025-07-15 15:08:50.137   [main] INFO  o.s.i.c.DefaultConfiguringBeanFactoryPostProcessor - No bean named 'errorChannel' has been explicitly defined. Therefore, a default PublishSubscribeChannel will be created.
2025-07-15 15:08:50.145   [main] INFO  o.s.i.c.DefaultConfiguringBeanFactoryPostProcessor - No bean named 'integrationHeaderChannelRegistry' has been explicitly defined. Therefore, a default DefaultHeaderChannelRegistry will be created.
2025-07-15 15:08:50.156   [main] DEBUG i.g.n.rest.holder.ListableBeanFactoryHolder - The listable bean factory holder has be initiated
2025-07-15 15:08:50.610   [main] INFO  o.s.boot.web.embedded.tomcat.TomcatWebServer - Tomcat initialized with port(s): 8080 (http)
2025-07-15 15:08:50.614   [main] INFO  org.apache.coyote.http11.Http11NioProtocol - Initializing ProtocolHandler ["http-nio-8080"]
2025-07-15 15:08:50.615   [main] INFO  org.apache.catalina.core.StandardService - Starting service [Tomcat]
2025-07-15 15:08:50.615   [main] INFO  org.apache.catalina.core.StandardEngine - Starting Servlet engine: [Apache Tomcat/9.0.90]
2025-07-15 15:08:50.675   [main] INFO  o.a.c.core.ContainerBase.[Tomcat].[localhost].[/] - Initializing Spring embedded WebApplicationContext
2025-07-15 15:08:50.675   [main] INFO  o.s.b.w.s.c.ServletWebServerApplicationContext - Root WebApplicationContext: initialization completed in 1887 ms
2025-07-15 15:08:50.725   [main] DEBUG i.g.nichetoolkit.rest.logback.DefaultLogbackFilter - Filter 'defaultLogbackFilter' configured for use
2025-07-15 15:08:50.727   [main] DEBUG i.g.n.rice.defaults.DefaultAccessTokenFilter - Filter 'defaultAccessTokenFilter' configured for use
2025-07-15 15:08:50.733   [main] DEBUG i.g.n.ossfile.configure.OssfileCoreAutoConfigure - The auto configuration for [ossfile-core] initiated
2025-07-15 15:08:50.751   [main] DEBUG i.g.n.rest.configure.RestUtilsAutoConfigure - The auto configuration for [rest-utils] initiated
2025-07-15 15:08:50.752   [main] DEBUG i.g.n.rest.configure.RestCoreAutoConfigure - The auto configuration for [rest-core] initiated
2025-07-15 15:08:50.765   [main] DEBUG i.g.n.rest.configure.RestInterceptAutoConfigure - The auto configuration for [rest-intercept] initiated
2025-07-15 15:08:50.949   [main] DEBUG i.g.n.aerial.configure.DatasourceAutoConfigure - the auto configuration for [datasource] rest template initiated
2025-07-15 15:08:50.988   [main] WARN  org.mybatis.spring.SqlSessionFactoryBean - Property 'mapperLocations' was specified but matching resources are not found.
2025-07-15 15:08:50.991   [main] DEBUG io.github.nichetoolkit.rest.util.LoggerUtils - The fitter bean of [io.github.nichetoolkit.mybatis.holder.RestSqlSessionHolder] type for named 'restSqlSessionHolder' has be initiated.
2025-07-15 15:08:51.186   [main] DEBUG io.github.nichetoolkit.ossfile.OssfileStoreHolder - There are 1 store service beans has been initiated.
2025-07-15 15:08:51.186   [main] DEBUG i.github.nichetoolkit.rest.DefaultControllerAdvice - There are 3 fulfilled fitter beans has be initiated.
2025-07-15 15:08:51.206   [main] DEBUG i.g.n.rice.configure.RiceStarterAutoConfigure - The auto configuration for [rice-starter] initiated
2025-07-15 15:08:51.208   [main] DEBUG i.g.n.rice.configure.RiceContextAutoConfigure - The auto configuration for [rice-context] initiated
2025-07-15 15:08:51.232   [main] DEBUG i.g.n.rest.configure.RestHttpAutoConfigure - The auto configuration for [rest-http] initiated
2025-07-15 15:08:51.234   [main] DEBUG i.g.n.rest.configure.RestIdentityAutoConfigure - The auto configuration for [rest-identity] initiated
2025-07-15 15:08:51.237   [main] DEBUG i.g.n.rest.configure.RestLogbackAutoConfigure - The auto configuration for [rest-logback] initiated
2025-07-15 15:08:51.237   [main] DEBUG i.g.n.rest.configure.RestStarterAutoConfigure - The auto configuration for [rest-starter] initiated
2025-07-15 15:08:51.237   [main] DEBUG i.g.n.rice.configure.RiceCoreAutoConfigure - The auto configuration for [rice-core] initiated
2025-07-15 15:08:51.239   [main] DEBUG i.g.n.mybatis.configure.RiceMybatisAutoConfigure - The auto configuration for [rice-mybatis] initiated
2025-07-15 15:08:51.240   [main] DEBUG i.g.n.mybatis.configure.MybatisMapperAutoConfigure - The auto configuration for [mybatis-mapper] initiated
2025-07-15 15:08:51.253   [main] DEBUG i.g.n.m.configure.MybatisStarterAutoConfigure - The auto configuration for [mybatis-starter] initiated
2025-07-15 15:08:51.312   [main] DEBUG i.g.n.m.configure.MybatisContextAutoConfigure - The auto configuration for [mybatis-context] initiated
2025-07-15 15:08:51.316   [main] DEBUG i.g.n.mybatis.configure.MybatisCoreAutoConfigure - The auto configuration for [mybatis-core] initiated
2025-07-15 15:08:51.316   [main] DEBUG i.g.n.ossfile.configure.OssfileMinioAutoConfigure - The auto configuration for [ossfile-minio] initiated
2025-07-15 15:08:51.322   [main] DEBUG i.g.n.aerial.configure.AerialServerAutoConfigure - The auto configuration for [aerial-server] initiated
2025-07-15 15:08:51.324   [main] DEBUG i.g.n.aerial.configure.AerialThreadPoolConfigure - The auto configuration for [thread-pool] initiated
2025-07-15 15:08:51.326   [main] DEBUG i.g.n.aerial.configure.AerialMqttChannelConfigure - The auto configuration for [mqtt-channel] initiated
2025-07-15 15:08:51.328   [main] DEBUG i.g.n.aerial.configure.AerialStarterAutoConfigure - The auto configuration for [aerial-starter] initiated
2025-07-15 15:08:51.328   [main] DEBUG i.g.n.aerial.configure.AerialDjisdkAutoConfigure - The auto configuration for [aerial-djisdk] initiated
2025-07-15 15:08:51.336   [main] DEBUG i.g.n.aerial.configure.AerialMqttAutoConfigure - The auto configuration for [aerial-mqtt] initiated
2025-07-15 15:08:51.378   [main] DEBUG i.g.n.a.configure.AerialWebSocketAutoConfigure - The auto configuration for [aerial-webSocket] initiated
2025-07-15 15:08:51.380   [main] WARN  o.s.b.w.s.c.AnnotationConfigServletWebServerApplicationContext - Exception encountered during context initialization - cancelling refresh attempt: org.springframework.beans.factory.BeanCreationException: Error creating bean with name 'aerialWebSocketAutoConfigure': Injection of resource dependencies failed; nested exception is org.springframework.beans.factory.NoSuchBeanDefinitionException: No qualifying bean of type 'org.springframework.web.socket.server.HandshakeHandler' available: expected at least 1 bean which qualifies as autowire candidate. Dependency annotations: {@javax.annotation.Resource(shareable=true, lookup=, name=, description=, authenticationType=CONTAINER, type=class java.lang.Object, mappedName=)}
2025-07-15 15:08:51.382   [main] INFO  org.apache.catalina.core.StandardService - Stopping service [Tomcat]
2025-07-15 15:08:51.389   [main] INFO  o.s.b.a.l.ConditionEvaluationReportLoggingListener - 

Error starting ApplicationContext. To display the conditions report re-run your application with 'debug' enabled.
2025-07-15 15:08:51.401   [main] ERROR o.s.b.diagnostics.LoggingFailureAnalysisReporter - 

***************************
APPLICATION FAILED TO START
***************************

Description:

A component required a bean of type 'org.springframework.web.socket.server.HandshakeHandler' that could not be found.


Action:

Consider defining a bean of type 'org.springframework.web.socket.server.HandshakeHandler' in your configuration.

2025-07-15 17:40:08.113   [background-preinit] INFO  org.hibernate.validator.internal.util.Version - HV000001: Hibernate Validator 6.2.5.Final
2025-07-15 17:40:08.125   [main] DEBUG i.g.n.rest.holder.ApplicationContextHolder - The application context holder has be initiated
2025-07-15 17:40:08.125   [main] DEBUG i.g.nichetoolkit.rest.holder.MessageSourceHolder - The message source context holder has be initiated
2025-07-15 17:40:08.128   [main] INFO  i.g.n.aerial.AerialEngineServerApplication - Starting AerialEngineServerApplication using Java 1.8.0_432 on Cyan with PID 15760 (F:\GitHubWorkspaces\NicheEngine\aerial-engine-server\aerial-engine-server\target\classes started by Snow in F:\GitHubWorkspaces\NicheEngine\aerial-engine-server)
2025-07-15 17:40:08.129   [main] DEBUG i.g.n.aerial.AerialEngineServerApplication - Running with Spring Boot v2.7.18, Spring v5.3.39
2025-07-15 17:40:08.129   [main] INFO  i.g.n.aerial.AerialEngineServerApplication - The following 1 profile is active: "dev"
2025-07-15 17:40:08.184   [main] DEBUG i.g.n.rest.holder.BeanDefinitionRegistryHolder - The bean definition registry holder has be initiated
2025-07-15 17:40:09.420   [main] INFO  o.s.d.r.config.RepositoryConfigurationDelegate - Multiple Spring Data modules found, entering strict repository configuration mode
2025-07-15 17:40:09.422   [main] INFO  o.s.d.r.config.RepositoryConfigurationDelegate - Bootstrapping Spring Data Redis repositories in DEFAULT mode.
2025-07-15 17:40:09.522   [main] INFO  o.s.d.r.config.RepositoryConfigurationDelegate - Finished Spring Data repository scanning in 88 ms. Found 0 Redis repository interfaces.
2025-07-15 17:40:09.692   [main] INFO  o.s.i.c.DefaultConfiguringBeanFactoryPostProcessor - No bean named 'errorChannel' has been explicitly defined. Therefore, a default PublishSubscribeChannel will be created.
2025-07-15 17:40:09.699   [main] INFO  o.s.i.c.DefaultConfiguringBeanFactoryPostProcessor - No bean named 'integrationHeaderChannelRegistry' has been explicitly defined. Therefore, a default DefaultHeaderChannelRegistry will be created.
2025-07-15 17:40:09.709   [main] DEBUG i.g.n.rest.holder.ListableBeanFactoryHolder - The listable bean factory holder has be initiated
2025-07-15 17:40:10.016   [main] DEBUG i.g.n.rest.configure.RestI18nAutoConfigure - The auto configuration for [rest-i18n] initiated
2025-07-15 17:40:10.022   [main] DEBUG i.g.nichetoolkit.rest.holder.MessageSourceHolder - The message source context holder has be refreshed
2025-07-15 17:40:10.164   [main] INFO  o.s.boot.web.embedded.tomcat.TomcatWebServer - Tomcat initialized with port(s): 8080 (http)
2025-07-15 17:40:10.169   [main] INFO  org.apache.coyote.http11.Http11NioProtocol - Initializing ProtocolHandler ["http-nio-8080"]
2025-07-15 17:40:10.170   [main] INFO  org.apache.catalina.core.StandardService - Starting service [Tomcat]
2025-07-15 17:40:10.170   [main] INFO  org.apache.catalina.core.StandardEngine - Starting Servlet engine: [Apache Tomcat/9.0.90]
2025-07-15 17:40:10.239   [main] INFO  o.a.c.core.ContainerBase.[Tomcat].[localhost].[/] - Initializing Spring embedded WebApplicationContext
2025-07-15 17:40:10.240   [main] INFO  o.s.b.w.s.c.ServletWebServerApplicationContext - Root WebApplicationContext: initialization completed in 2067 ms
2025-07-15 17:40:10.313   [main] DEBUG i.g.nichetoolkit.rest.logback.DefaultLogbackFilter - Filter 'defaultLogbackFilter' configured for use
2025-07-15 17:40:10.313   [main] DEBUG i.g.n.rice.defaults.DefaultAccessTokenFilter - Filter 'defaultAccessTokenFilter' configured for use
2025-07-15 17:40:10.320   [main] DEBUG i.g.n.ossfile.configure.OssfileCoreAutoConfigure - The auto configuration for [ossfile-core] initiated
2025-07-15 17:40:10.336   [main] DEBUG i.g.n.rest.configure.RestUtilsAutoConfigure - The auto configuration for [rest-utils] initiated
2025-07-15 17:40:10.337   [main] DEBUG i.g.n.rest.configure.RestCoreAutoConfigure - The auto configuration for [rest-core] initiated
2025-07-15 17:40:10.349   [main] DEBUG i.g.n.rest.configure.RestInterceptAutoConfigure - The auto configuration for [rest-intercept] initiated
2025-07-15 17:40:10.567   [main] DEBUG i.g.n.aerial.configure.DatasourceAutoConfigure - the auto configuration for [datasource] rest template initiated
2025-07-15 17:40:10.603   [main] WARN  org.mybatis.spring.SqlSessionFactoryBean - Property 'mapperLocations' was specified but matching resources are not found.
2025-07-15 17:40:10.606   [main] DEBUG io.github.nichetoolkit.rest.util.LoggerUtils - The fitter bean of [io.github.nichetoolkit.mybatis.holder.RestSqlSessionHolder] type for named 'restSqlSessionHolder' has be initiated.
2025-07-15 17:40:10.811   [main] DEBUG io.github.nichetoolkit.ossfile.OssfileStoreHolder - There are 1 store service beans has been initiated.
2025-07-15 17:40:10.811   [main] DEBUG i.github.nichetoolkit.rest.DefaultControllerAdvice - There are 3 fulfilled fitter beans has be initiated.
2025-07-15 17:40:10.834   [main] DEBUG i.g.n.rice.configure.RiceStarterAutoConfigure - The auto configuration for [rice-starter] initiated
2025-07-15 17:40:10.837   [main] DEBUG i.g.n.rice.configure.RiceContextAutoConfigure - The auto configuration for [rice-context] initiated
2025-07-15 17:40:10.859   [main] DEBUG i.g.n.rest.configure.RestHttpAutoConfigure - The auto configuration for [rest-http] initiated
2025-07-15 17:40:10.859   [main] DEBUG i.g.n.rest.configure.RestIdentityAutoConfigure - The auto configuration for [rest-identity] initiated
2025-07-15 17:40:10.863   [main] DEBUG i.g.n.rest.configure.RestLogbackAutoConfigure - The auto configuration for [rest-logback] initiated
2025-07-15 17:40:10.863   [main] DEBUG i.g.n.rest.configure.RestStarterAutoConfigure - The auto configuration for [rest-starter] initiated
2025-07-15 17:40:10.864   [main] DEBUG i.g.n.rice.configure.RiceCoreAutoConfigure - The auto configuration for [rice-core] initiated
2025-07-15 17:40:10.864   [main] DEBUG i.g.n.mybatis.configure.RiceMybatisAutoConfigure - The auto configuration for [rice-mybatis] initiated
2025-07-15 17:40:10.865   [main] DEBUG i.g.n.mybatis.configure.MybatisMapperAutoConfigure - The auto configuration for [mybatis-mapper] initiated
2025-07-15 17:40:10.878   [main] DEBUG i.g.n.m.configure.MybatisStarterAutoConfigure - The auto configuration for [mybatis-starter] initiated
2025-07-15 17:40:10.924   [main] DEBUG i.g.n.m.configure.MybatisContextAutoConfigure - The auto configuration for [mybatis-context] initiated
2025-07-15 17:40:10.928   [main] DEBUG i.g.n.mybatis.configure.MybatisCoreAutoConfigure - The auto configuration for [mybatis-core] initiated
2025-07-15 17:40:10.928   [main] DEBUG i.g.n.ossfile.configure.OssfileMinioAutoConfigure - The auto configuration for [ossfile-minio] initiated
2025-07-15 17:40:10.934   [main] DEBUG i.g.n.aerial.configure.AerialServerAutoConfigure - The auto configuration for [aerial-server] initiated
2025-07-15 17:40:10.936   [main] DEBUG i.g.n.aerial.configure.AerialThreadPoolConfigure - The auto configuration for [thread-pool] initiated
2025-07-15 17:40:10.938   [main] DEBUG i.g.n.aerial.configure.AerialMqttChannelConfigure - The auto configuration for [mqtt-channel] initiated
2025-07-15 17:40:10.939   [main] DEBUG i.g.n.aerial.configure.AerialStarterAutoConfigure - The auto configuration for [aerial-starter] initiated
2025-07-15 17:40:10.939   [main] DEBUG i.g.n.aerial.configure.AerialWebSocketConfigure - The auto configuration for [web-socket] initiated
2025-07-15 17:40:10.941   [main] WARN  o.s.b.w.s.c.AnnotationConfigServletWebServerApplicationContext - Exception encountered during context initialization - cancelling refresh attempt: org.springframework.beans.factory.UnsatisfiedDependencyException: Error creating bean with name 'redisManager': Unsatisfied dependency expressed through method 'setRedisTemplate' parameter 0; nested exception is org.springframework.beans.factory.NoSuchBeanDefinitionException: No qualifying bean of type 'org.springframework.data.redis.core.RedisTemplate<java.lang.String, java.lang.Object>' available: expected at least 1 bean which qualifies as autowire candidate. Dependency annotations: {}
2025-07-15 17:40:10.945   [main] INFO  org.apache.catalina.core.StandardService - Stopping service [Tomcat]
2025-07-15 17:40:10.951   [main] INFO  o.s.b.a.l.ConditionEvaluationReportLoggingListener - 

Error starting ApplicationContext. To display the conditions report re-run your application with 'debug' enabled.
2025-07-15 17:40:10.965   [main] ERROR o.s.b.diagnostics.LoggingFailureAnalysisReporter - 

***************************
APPLICATION FAILED TO START
***************************

Description:

Parameter 0 of method setRedisTemplate in io.github.nicheengine.aerial.manager.RedisManager required a bean of type 'org.springframework.data.redis.core.RedisTemplate' that could not be found.


Action:

Consider defining a bean of type 'org.springframework.data.redis.core.RedisTemplate' in your configuration.

2025-07-15 17:44:50.103   [background-preinit] INFO  org.hibernate.validator.internal.util.Version - HV000001: Hibernate Validator 6.2.5.Final
2025-07-15 17:44:50.117   [main] DEBUG i.g.n.rest.holder.ApplicationContextHolder - The application context holder has be initiated
2025-07-15 17:44:50.117   [main] DEBUG i.g.nichetoolkit.rest.holder.MessageSourceHolder - The message source context holder has be initiated
2025-07-15 17:44:50.121   [main] INFO  i.g.n.aerial.AerialEngineServerApplication - Starting AerialEngineServerApplication using Java 1.8.0_432 on Cyan with PID 17584 (F:\GitHubWorkspaces\NicheEngine\aerial-engine-server\aerial-engine-server\target\classes started by Snow in F:\GitHubWorkspaces\NicheEngine\aerial-engine-server)
2025-07-15 17:44:50.121   [main] DEBUG i.g.n.aerial.AerialEngineServerApplication - Running with Spring Boot v2.7.18, Spring v5.3.39
2025-07-15 17:44:50.122   [main] INFO  i.g.n.aerial.AerialEngineServerApplication - The following 1 profile is active: "dev"
2025-07-15 17:44:50.177   [main] DEBUG i.g.n.rest.holder.BeanDefinitionRegistryHolder - The bean definition registry holder has be initiated
2025-07-15 17:44:51.239   [main] INFO  o.s.d.r.config.RepositoryConfigurationDelegate - Multiple Spring Data modules found, entering strict repository configuration mode
2025-07-15 17:44:51.240   [main] INFO  o.s.d.r.config.RepositoryConfigurationDelegate - Bootstrapping Spring Data Redis repositories in DEFAULT mode.
2025-07-15 17:44:51.254   [main] INFO  o.s.d.r.config.RepositoryConfigurationDelegate - Finished Spring Data repository scanning in 4 ms. Found 0 Redis repository interfaces.
2025-07-15 17:44:51.407   [main] INFO  o.s.d.r.config.RepositoryConfigurationDelegate - Multiple Spring Data modules found, entering strict repository configuration mode
2025-07-15 17:44:51.409   [main] INFO  o.s.d.r.config.RepositoryConfigurationDelegate - Bootstrapping Spring Data Redis repositories in DEFAULT mode.
2025-07-15 17:44:51.513   [main] INFO  o.s.d.r.config.RepositoryConfigurationDelegate - Finished Spring Data repository scanning in 104 ms. Found 0 Redis repository interfaces.
2025-07-15 17:44:51.671   [main] INFO  o.s.i.c.DefaultConfiguringBeanFactoryPostProcessor - No bean named 'errorChannel' has been explicitly defined. Therefore, a default PublishSubscribeChannel will be created.
2025-07-15 17:44:51.678   [main] INFO  o.s.i.c.DefaultConfiguringBeanFactoryPostProcessor - No bean named 'integrationHeaderChannelRegistry' has been explicitly defined. Therefore, a default DefaultHeaderChannelRegistry will be created.
2025-07-15 17:44:51.685   [main] DEBUG i.g.n.rest.holder.ListableBeanFactoryHolder - The listable bean factory holder has be initiated
2025-07-15 17:44:52.011   [main] DEBUG i.g.n.rest.configure.RestI18nAutoConfigure - The auto configuration for [rest-i18n] initiated
2025-07-15 17:44:52.014   [main] DEBUG i.g.nichetoolkit.rest.holder.MessageSourceHolder - The message source context holder has be refreshed
2025-07-15 17:44:52.186   [main] INFO  o.s.boot.web.embedded.tomcat.TomcatWebServer - Tomcat initialized with port(s): 8080 (http)
2025-07-15 17:44:52.193   [main] INFO  org.apache.coyote.http11.Http11NioProtocol - Initializing ProtocolHandler ["http-nio-8080"]
2025-07-15 17:44:52.195   [main] INFO  org.apache.catalina.core.StandardService - Starting service [Tomcat]
2025-07-15 17:44:52.195   [main] INFO  org.apache.catalina.core.StandardEngine - Starting Servlet engine: [Apache Tomcat/9.0.90]
2025-07-15 17:44:52.285   [main] INFO  o.a.c.core.ContainerBase.[Tomcat].[localhost].[/] - Initializing Spring embedded WebApplicationContext
2025-07-15 17:44:52.285   [main] INFO  o.s.b.w.s.c.ServletWebServerApplicationContext - Root WebApplicationContext: initialization completed in 2122 ms
2025-07-15 17:44:52.356   [main] DEBUG i.g.nichetoolkit.rest.logback.DefaultLogbackFilter - Filter 'defaultLogbackFilter' configured for use
2025-07-15 17:44:52.356   [main] DEBUG i.g.n.rice.defaults.DefaultAccessTokenFilter - Filter 'defaultAccessTokenFilter' configured for use
2025-07-15 17:44:52.364   [main] DEBUG i.g.n.ossfile.configure.OssfileCoreAutoConfigure - The auto configuration for [ossfile-core] initiated
2025-07-15 17:44:52.384   [main] DEBUG i.g.n.rest.configure.RestUtilsAutoConfigure - The auto configuration for [rest-utils] initiated
2025-07-15 17:44:52.385   [main] DEBUG i.g.n.rest.configure.RestCoreAutoConfigure - The auto configuration for [rest-core] initiated
2025-07-15 17:44:52.402   [main] DEBUG i.g.n.rest.configure.RestInterceptAutoConfigure - The auto configuration for [rest-intercept] initiated
2025-07-15 17:44:52.608   [main] DEBUG i.g.n.aerial.configure.DatasourceAutoConfigure - the auto configuration for [datasource] rest template initiated
2025-07-15 17:44:52.647   [main] WARN  org.mybatis.spring.SqlSessionFactoryBean - Property 'mapperLocations' was specified but matching resources are not found.
2025-07-15 17:44:52.652   [main] DEBUG io.github.nichetoolkit.rest.util.LoggerUtils - The fitter bean of [io.github.nichetoolkit.mybatis.holder.RestSqlSessionHolder] type for named 'restSqlSessionHolder' has be initiated.
2025-07-15 17:44:52.878   [main] DEBUG io.github.nichetoolkit.ossfile.OssfileStoreHolder - There are 1 store service beans has been initiated.
2025-07-15 17:44:52.879   [main] DEBUG i.github.nichetoolkit.rest.DefaultControllerAdvice - There are 3 fulfilled fitter beans has be initiated.
2025-07-15 17:44:52.903   [main] DEBUG i.g.n.rice.configure.RiceStarterAutoConfigure - The auto configuration for [rice-starter] initiated
2025-07-15 17:44:52.904   [main] DEBUG i.g.n.rice.configure.RiceContextAutoConfigure - The auto configuration for [rice-context] initiated
2025-07-15 17:44:52.930   [main] DEBUG i.g.n.rest.configure.RestHttpAutoConfigure - The auto configuration for [rest-http] initiated
2025-07-15 17:44:52.930   [main] DEBUG i.g.n.rest.configure.RestIdentityAutoConfigure - The auto configuration for [rest-identity] initiated
2025-07-15 17:44:52.935   [main] DEBUG i.g.n.rest.configure.RestLogbackAutoConfigure - The auto configuration for [rest-logback] initiated
2025-07-15 17:44:52.936   [main] DEBUG i.g.n.rest.configure.RestStarterAutoConfigure - The auto configuration for [rest-starter] initiated
2025-07-15 17:44:52.936   [main] DEBUG i.g.n.rice.configure.RiceCoreAutoConfigure - The auto configuration for [rice-core] initiated
2025-07-15 17:44:52.936   [main] DEBUG i.g.n.mybatis.configure.RiceMybatisAutoConfigure - The auto configuration for [rice-mybatis] initiated
2025-07-15 17:44:52.937   [main] DEBUG i.g.n.mybatis.configure.MybatisMapperAutoConfigure - The auto configuration for [mybatis-mapper] initiated
2025-07-15 17:44:52.953   [main] DEBUG i.g.n.m.configure.MybatisStarterAutoConfigure - The auto configuration for [mybatis-starter] initiated
2025-07-15 17:44:53.012   [main] DEBUG i.g.n.m.configure.MybatisContextAutoConfigure - The auto configuration for [mybatis-context] initiated
2025-07-15 17:44:53.017   [main] DEBUG i.g.n.mybatis.configure.MybatisCoreAutoConfigure - The auto configuration for [mybatis-core] initiated
2025-07-15 17:44:53.017   [main] DEBUG i.g.n.ossfile.configure.OssfileMinioAutoConfigure - The auto configuration for [ossfile-minio] initiated
2025-07-15 17:44:53.026   [main] DEBUG i.g.n.aerial.configure.AerialServerAutoConfigure - The auto configuration for [aerial-server] initiated
2025-07-15 17:44:53.030   [main] DEBUG i.g.n.aerial.configure.AerialThreadPoolConfigure - The auto configuration for [thread-pool] initiated
2025-07-15 17:44:53.047   [main] DEBUG i.g.n.aerial.configure.AerialMqttChannelConfigure - The auto configuration for [mqtt-channel] initiated
2025-07-15 17:44:53.047   [main] DEBUG i.g.n.aerial.configure.AerialRedisAutoConfigure - The auto configuration for [aerial-redis] initiated
2025-07-15 17:44:53.049   [main] DEBUG i.g.n.aerial.configure.AerialStarterAutoConfigure - The auto configuration for [aerial-starter] initiated
2025-07-15 17:44:53.049   [main] DEBUG i.g.n.aerial.configure.AerialWebSocketConfigure - The auto configuration for [web-socket] initiated
2025-07-15 17:44:53.139   [main] WARN  o.s.b.w.s.c.AnnotationConfigServletWebServerApplicationContext - Exception encountered during context initialization - cancelling refresh attempt: org.springframework.beans.factory.UnsatisfiedDependencyException: Error creating bean with name 'redisManager': Unsatisfied dependency expressed through method 'setRedisTemplate' parameter 0; nested exception is org.springframework.beans.factory.UnsatisfiedDependencyException: Error creating bean with name 'redisTemplate' defined in class path resource [io/github/nicheengine/aerial/configure/AerialRedisAutoConfigure.class]: Unsatisfied dependency expressed through method 'redisTemplate' parameter 0; nested exception is org.springframework.beans.factory.BeanCreationException: Error creating bean with name 'redisConnectionFactory' defined in class path resource [org/springframework/boot/autoconfigure/data/redis/LettuceConnectionConfiguration.class]: Bean instantiation via factory method failed; nested exception is org.springframework.beans.BeanInstantiationException: Failed to instantiate [org.springframework.data.redis.connection.lettuce.LettuceConnectionFactory]: Factory method 'redisConnectionFactory' threw exception; nested exception is java.lang.NoClassDefFoundError: org/apache/commons/pool2/impl/GenericObjectPoolConfig
2025-07-15 17:44:53.146   [main] INFO  org.apache.catalina.core.StandardService - Stopping service [Tomcat]
2025-07-15 17:44:53.155   [main] INFO  o.s.b.a.l.ConditionEvaluationReportLoggingListener - 

Error starting ApplicationContext. To display the conditions report re-run your application with 'debug' enabled.
2025-07-15 17:44:53.171   [main] ERROR org.springframework.boot.SpringApplication - Application run failed
org.springframework.beans.factory.UnsatisfiedDependencyException: Error creating bean with name 'redisManager': Unsatisfied dependency expressed through method 'setRedisTemplate' parameter 0; nested exception is org.springframework.beans.factory.UnsatisfiedDependencyException: Error creating bean with name 'redisTemplate' defined in class path resource [io/github/nicheengine/aerial/configure/AerialRedisAutoConfigure.class]: Unsatisfied dependency expressed through method 'redisTemplate' parameter 0; nested exception is org.springframework.beans.factory.BeanCreationException: Error creating bean with name 'redisConnectionFactory' defined in class path resource [org/springframework/boot/autoconfigure/data/redis/LettuceConnectionConfiguration.class]: Bean instantiation via factory method failed; nested exception is org.springframework.beans.BeanInstantiationException: Failed to instantiate [org.springframework.data.redis.connection.lettuce.LettuceConnectionFactory]: Factory method 'redisConnectionFactory' threw exception; nested exception is java.lang.NoClassDefFoundError: org/apache/commons/pool2/impl/GenericObjectPoolConfig
	at org.springframework.beans.factory.annotation.AutowiredAnnotationBeanPostProcessor$AutowiredMethodElement.resolveMethodArguments(AutowiredAnnotationBeanPostProcessor.java:824)
	at org.springframework.beans.factory.annotation.AutowiredAnnotationBeanPostProcessor$AutowiredMethodElement.inject(AutowiredAnnotationBeanPostProcessor.java:777)
	at org.springframework.beans.factory.annotation.InjectionMetadata.inject(InjectionMetadata.java:119)
	at org.springframework.beans.factory.annotation.AutowiredAnnotationBeanPostProcessor.postProcessProperties(AutowiredAnnotationBeanPostProcessor.java:408)
	at org.springframework.beans.factory.support.AbstractAutowireCapableBeanFactory.populateBean(AbstractAutowireCapableBeanFactory.java:1431)
	at org.springframework.beans.factory.support.AbstractAutowireCapableBeanFactory.doCreateBean(AbstractAutowireCapableBeanFactory.java:619)
	at org.springframework.beans.factory.support.AbstractAutowireCapableBeanFactory.createBean(AbstractAutowireCapableBeanFactory.java:542)
	at org.springframework.beans.factory.support.AbstractBeanFactory.lambda$doGetBean$0(AbstractBeanFactory.java:336)
	at org.springframework.beans.factory.support.DefaultSingletonBeanRegistry.getSingleton(DefaultSingletonBeanRegistry.java:234)
	at org.springframework.beans.factory.support.AbstractBeanFactory.doGetBean(AbstractBeanFactory.java:334)
	at org.springframework.beans.factory.support.AbstractBeanFactory.getBean(AbstractBeanFactory.java:209)
	at org.springframework.beans.factory.support.DefaultListableBeanFactory.preInstantiateSingletons(DefaultListableBeanFactory.java:955)
	at org.springframework.context.support.AbstractApplicationContext.finishBeanFactoryInitialization(AbstractApplicationContext.java:932)
	at org.springframework.context.support.AbstractApplicationContext.refresh(AbstractApplicationContext.java:591)
	at org.springframework.boot.web.servlet.context.ServletWebServerApplicationContext.refresh(ServletWebServerApplicationContext.java:147)
	at org.springframework.boot.SpringApplication.refresh(SpringApplication.java:732)
	at org.springframework.boot.SpringApplication.refreshContext(SpringApplication.java:409)
	at org.springframework.boot.SpringApplication.run(SpringApplication.java:308)
	at org.springframework.boot.SpringApplication.run(SpringApplication.java:1300)
	at org.springframework.boot.SpringApplication.run(SpringApplication.java:1289)
	at io.github.nicheengine.aerial.AerialEngineServerApplication.main(AerialEngineServerApplication.java:14)
Caused by: org.springframework.beans.factory.UnsatisfiedDependencyException: Error creating bean with name 'redisTemplate' defined in class path resource [io/github/nicheengine/aerial/configure/AerialRedisAutoConfigure.class]: Unsatisfied dependency expressed through method 'redisTemplate' parameter 0; nested exception is org.springframework.beans.factory.BeanCreationException: Error creating bean with name 'redisConnectionFactory' defined in class path resource [org/springframework/boot/autoconfigure/data/redis/LettuceConnectionConfiguration.class]: Bean instantiation via factory method failed; nested exception is org.springframework.beans.BeanInstantiationException: Failed to instantiate [org.springframework.data.redis.connection.lettuce.LettuceConnectionFactory]: Factory method 'redisConnectionFactory' threw exception; nested exception is java.lang.NoClassDefFoundError: org/apache/commons/pool2/impl/GenericObjectPoolConfig
	at org.springframework.beans.factory.support.ConstructorResolver.createArgumentArray(ConstructorResolver.java:794)
	at org.springframework.beans.factory.support.ConstructorResolver.instantiateUsingFactoryMethod(ConstructorResolver.java:532)
	at org.springframework.beans.factory.support.AbstractAutowireCapableBeanFactory.instantiateUsingFactoryMethod(AbstractAutowireCapableBeanFactory.java:1352)
	at org.springframework.beans.factory.support.AbstractAutowireCapableBeanFactory.createBeanInstance(AbstractAutowireCapableBeanFactory.java:1195)
	at org.springframework.beans.factory.support.AbstractAutowireCapableBeanFactory.doCreateBean(AbstractAutowireCapableBeanFactory.java:582)
	at org.springframework.beans.factory.support.AbstractAutowireCapableBeanFactory.createBean(AbstractAutowireCapableBeanFactory.java:542)
	at org.springframework.beans.factory.support.AbstractBeanFactory.lambda$doGetBean$0(AbstractBeanFactory.java:336)
	at org.springframework.beans.factory.support.DefaultSingletonBeanRegistry.getSingleton(DefaultSingletonBeanRegistry.java:234)
	at org.springframework.beans.factory.support.AbstractBeanFactory.doGetBean(AbstractBeanFactory.java:334)
	at org.springframework.beans.factory.support.AbstractBeanFactory.getBean(AbstractBeanFactory.java:209)
	at org.springframework.beans.factory.config.DependencyDescriptor.resolveCandidate(DependencyDescriptor.java:276)
	at org.springframework.beans.factory.support.DefaultListableBeanFactory.doResolveDependency(DefaultListableBeanFactory.java:1391)
	at org.springframework.beans.factory.support.DefaultListableBeanFactory.resolveDependency(DefaultListableBeanFactory.java:1311)
	at org.springframework.beans.factory.annotation.AutowiredAnnotationBeanPostProcessor$AutowiredMethodElement.resolveMethodArguments(AutowiredAnnotationBeanPostProcessor.java:816)
	... 20 common frames omitted
Caused by: org.springframework.beans.factory.BeanCreationException: Error creating bean with name 'redisConnectionFactory' defined in class path resource [org/springframework/boot/autoconfigure/data/redis/LettuceConnectionConfiguration.class]: Bean instantiation via factory method failed; nested exception is org.springframework.beans.BeanInstantiationException: Failed to instantiate [org.springframework.data.redis.connection.lettuce.LettuceConnectionFactory]: Factory method 'redisConnectionFactory' threw exception; nested exception is java.lang.NoClassDefFoundError: org/apache/commons/pool2/impl/GenericObjectPoolConfig
	at org.springframework.beans.factory.support.ConstructorResolver.instantiate(ConstructorResolver.java:646)
	at org.springframework.beans.factory.support.ConstructorResolver.instantiateUsingFactoryMethod(ConstructorResolver.java:626)
	at org.springframework.beans.factory.support.AbstractAutowireCapableBeanFactory.instantiateUsingFactoryMethod(AbstractAutowireCapableBeanFactory.java:1352)
	at org.springframework.beans.factory.support.AbstractAutowireCapableBeanFactory.createBeanInstance(AbstractAutowireCapableBeanFactory.java:1195)
	at org.springframework.beans.factory.support.AbstractAutowireCapableBeanFactory.doCreateBean(AbstractAutowireCapableBeanFactory.java:582)
	at org.springframework.beans.factory.support.AbstractAutowireCapableBeanFactory.createBean(AbstractAutowireCapableBeanFactory.java:542)
	at org.springframework.beans.factory.support.AbstractBeanFactory.lambda$doGetBean$0(AbstractBeanFactory.java:336)
	at org.springframework.beans.factory.support.DefaultSingletonBeanRegistry.getSingleton(DefaultSingletonBeanRegistry.java:234)
	at org.springframework.beans.factory.support.AbstractBeanFactory.doGetBean(AbstractBeanFactory.java:334)
	at org.springframework.beans.factory.support.AbstractBeanFactory.getBean(AbstractBeanFactory.java:209)
	at org.springframework.beans.factory.config.DependencyDescriptor.resolveCandidate(DependencyDescriptor.java:276)
	at org.springframework.beans.factory.support.DefaultListableBeanFactory.doResolveDependency(DefaultListableBeanFactory.java:1391)
	at org.springframework.beans.factory.support.DefaultListableBeanFactory.resolveDependency(DefaultListableBeanFactory.java:1311)
	at org.springframework.beans.factory.support.ConstructorResolver.resolveAutowiredArgument(ConstructorResolver.java:904)
	at org.springframework.beans.factory.support.ConstructorResolver.createArgumentArray(ConstructorResolver.java:781)
	... 33 common frames omitted
Caused by: org.springframework.beans.BeanInstantiationException: Failed to instantiate [org.springframework.data.redis.connection.lettuce.LettuceConnectionFactory]: Factory method 'redisConnectionFactory' threw exception; nested exception is java.lang.NoClassDefFoundError: org/apache/commons/pool2/impl/GenericObjectPoolConfig
	at org.springframework.beans.factory.support.SimpleInstantiationStrategy.instantiate(SimpleInstantiationStrategy.java:185)
	at org.springframework.beans.factory.support.ConstructorResolver.instantiate(ConstructorResolver.java:641)
	... 47 common frames omitted
Caused by: java.lang.NoClassDefFoundError: org/apache/commons/pool2/impl/GenericObjectPoolConfig
	at org.springframework.data.redis.connection.lettuce.LettucePoolingClientConfiguration$LettucePoolingClientConfigurationBuilder.<init>(LettucePoolingClientConfiguration.java:94)
	at org.springframework.data.redis.connection.lettuce.LettucePoolingClientConfiguration.builder(LettucePoolingClientConfiguration.java:51)
	at org.springframework.boot.autoconfigure.data.redis.LettuceConnectionConfiguration$PoolBuilderFactory.createBuilder(LettuceConnectionConfiguration.java:176)
	at org.springframework.boot.autoconfigure.data.redis.LettuceConnectionConfiguration.createBuilder(LettuceConnectionConfiguration.java:112)
	at org.springframework.boot.autoconfigure.data.redis.LettuceConnectionConfiguration.getLettuceClientConfiguration(LettuceConnectionConfiguration.java:99)
	at org.springframework.boot.autoconfigure.data.redis.LettuceConnectionConfiguration.redisConnectionFactory(LettuceConnectionConfiguration.java:81)
	at sun.reflect.NativeMethodAccessorImpl.invoke0(Native Method)
	at sun.reflect.NativeMethodAccessorImpl.invoke(NativeMethodAccessorImpl.java:62)
	at sun.reflect.DelegatingMethodAccessorImpl.invoke(DelegatingMethodAccessorImpl.java:43)
	at java.lang.reflect.Method.invoke(Method.java:498)
	at org.springframework.beans.factory.support.SimpleInstantiationStrategy.instantiate(SimpleInstantiationStrategy.java:154)
	... 48 common frames omitted
Caused by: java.lang.ClassNotFoundException: org.apache.commons.pool2.impl.GenericObjectPoolConfig
	at java.net.URLClassLoader.findClass(URLClassLoader.java:387)
	at java.lang.ClassLoader.loadClass(ClassLoader.java:418)
	at sun.misc.Launcher$AppClassLoader.loadClass(Launcher.java:352)
	at java.lang.ClassLoader.loadClass(ClassLoader.java:351)
	... 59 common frames omitted
2025-07-15 17:46:22.276   [background-preinit] INFO  org.hibernate.validator.internal.util.Version - HV000001: Hibernate Validator 6.2.5.Final
2025-07-15 17:46:22.292   [main] DEBUG i.g.n.rest.holder.ApplicationContextHolder - The application context holder has be initiated
2025-07-15 17:46:22.292   [main] DEBUG i.g.nichetoolkit.rest.holder.MessageSourceHolder - The message source context holder has be initiated
2025-07-15 17:46:22.297   [main] INFO  i.g.n.aerial.AerialEngineServerApplication - Starting AerialEngineServerApplication using Java 1.8.0_432 on Cyan with PID 4908 (F:\GitHubWorkspaces\NicheEngine\aerial-engine-server\aerial-engine-server\target\classes started by Snow in F:\GitHubWorkspaces\NicheEngine\aerial-engine-server)
2025-07-15 17:46:22.297   [main] DEBUG i.g.n.aerial.AerialEngineServerApplication - Running with Spring Boot v2.7.18, Spring v5.3.39
2025-07-15 17:46:22.298   [main] INFO  i.g.n.aerial.AerialEngineServerApplication - The following 1 profile is active: "dev"
2025-07-15 17:46:22.354   [main] DEBUG i.g.n.rest.holder.BeanDefinitionRegistryHolder - The bean definition registry holder has be initiated
2025-07-15 17:46:23.319   [main] INFO  o.s.d.r.config.RepositoryConfigurationDelegate - Multiple Spring Data modules found, entering strict repository configuration mode
2025-07-15 17:46:23.319   [main] INFO  o.s.d.r.config.RepositoryConfigurationDelegate - Bootstrapping Spring Data Redis repositories in DEFAULT mode.
2025-07-15 17:46:23.333   [main] INFO  o.s.d.r.config.RepositoryConfigurationDelegate - Finished Spring Data repository scanning in 4 ms. Found 0 Redis repository interfaces.
2025-07-15 17:46:23.477   [main] INFO  o.s.d.r.config.RepositoryConfigurationDelegate - Multiple Spring Data modules found, entering strict repository configuration mode
2025-07-15 17:46:23.477   [main] INFO  o.s.d.r.config.RepositoryConfigurationDelegate - Bootstrapping Spring Data Redis repositories in DEFAULT mode.
2025-07-15 17:46:23.578   [main] INFO  o.s.d.r.config.RepositoryConfigurationDelegate - Finished Spring Data repository scanning in 100 ms. Found 0 Redis repository interfaces.
2025-07-15 17:46:23.740   [main] INFO  o.s.i.c.DefaultConfiguringBeanFactoryPostProcessor - No bean named 'errorChannel' has been explicitly defined. Therefore, a default PublishSubscribeChannel will be created.
2025-07-15 17:46:23.746   [main] INFO  o.s.i.c.DefaultConfiguringBeanFactoryPostProcessor - No bean named 'integrationHeaderChannelRegistry' has been explicitly defined. Therefore, a default DefaultHeaderChannelRegistry will be created.
2025-07-15 17:46:23.754   [main] DEBUG i.g.n.rest.holder.ListableBeanFactoryHolder - The listable bean factory holder has be initiated
2025-07-15 17:46:24.048   [main] DEBUG i.g.n.rest.configure.RestI18nAutoConfigure - The auto configuration for [rest-i18n] initiated
2025-07-15 17:46:24.053   [main] DEBUG i.g.nichetoolkit.rest.holder.MessageSourceHolder - The message source context holder has be refreshed
2025-07-15 17:46:24.202   [main] INFO  o.s.boot.web.embedded.tomcat.TomcatWebServer - Tomcat initialized with port(s): 8080 (http)
2025-07-15 17:46:24.206   [main] INFO  org.apache.coyote.http11.Http11NioProtocol - Initializing ProtocolHandler ["http-nio-8080"]
2025-07-15 17:46:24.208   [main] INFO  org.apache.catalina.core.StandardService - Starting service [Tomcat]
2025-07-15 17:46:24.208   [main] INFO  org.apache.catalina.core.StandardEngine - Starting Servlet engine: [Apache Tomcat/9.0.90]
2025-07-15 17:46:24.279   [main] INFO  o.a.c.core.ContainerBase.[Tomcat].[localhost].[/] - Initializing Spring embedded WebApplicationContext
2025-07-15 17:46:24.279   [main] INFO  o.s.b.w.s.c.ServletWebServerApplicationContext - Root WebApplicationContext: initialization completed in 1939 ms
2025-07-15 17:46:24.344   [main] DEBUG i.g.nichetoolkit.rest.logback.DefaultLogbackFilter - Filter 'defaultLogbackFilter' configured for use
2025-07-15 17:46:24.344   [main] DEBUG i.g.n.rice.defaults.DefaultAccessTokenFilter - Filter 'defaultAccessTokenFilter' configured for use
2025-07-15 17:46:24.351   [main] DEBUG i.g.n.ossfile.configure.OssfileCoreAutoConfigure - The auto configuration for [ossfile-core] initiated
2025-07-15 17:46:24.367   [main] DEBUG i.g.n.rest.configure.RestUtilsAutoConfigure - The auto configuration for [rest-utils] initiated
2025-07-15 17:46:24.368   [main] DEBUG i.g.n.rest.configure.RestCoreAutoConfigure - The auto configuration for [rest-core] initiated
2025-07-15 17:46:24.380   [main] DEBUG i.g.n.rest.configure.RestInterceptAutoConfigure - The auto configuration for [rest-intercept] initiated
2025-07-15 17:46:24.566   [main] DEBUG i.g.n.aerial.configure.DatasourceAutoConfigure - the auto configuration for [datasource] rest template initiated
2025-07-15 17:46:24.600   [main] WARN  org.mybatis.spring.SqlSessionFactoryBean - Property 'mapperLocations' was specified but matching resources are not found.
2025-07-15 17:46:24.603   [main] DEBUG io.github.nichetoolkit.rest.util.LoggerUtils - The fitter bean of [io.github.nichetoolkit.mybatis.holder.RestSqlSessionHolder] type for named 'restSqlSessionHolder' has be initiated.
2025-07-15 17:46:24.802   [main] DEBUG io.github.nichetoolkit.ossfile.OssfileStoreHolder - There are 1 store service beans has been initiated.
2025-07-15 17:46:24.802   [main] DEBUG i.github.nichetoolkit.rest.DefaultControllerAdvice - There are 3 fulfilled fitter beans has be initiated.
2025-07-15 17:46:24.823   [main] DEBUG i.g.n.rice.configure.RiceStarterAutoConfigure - The auto configuration for [rice-starter] initiated
2025-07-15 17:46:24.825   [main] DEBUG i.g.n.rice.configure.RiceContextAutoConfigure - The auto configuration for [rice-context] initiated
2025-07-15 17:46:24.846   [main] DEBUG i.g.n.rest.configure.RestHttpAutoConfigure - The auto configuration for [rest-http] initiated
2025-07-15 17:46:24.847   [main] DEBUG i.g.n.rest.configure.RestIdentityAutoConfigure - The auto configuration for [rest-identity] initiated
2025-07-15 17:46:24.850   [main] DEBUG i.g.n.rest.configure.RestLogbackAutoConfigure - The auto configuration for [rest-logback] initiated
2025-07-15 17:46:24.852   [main] DEBUG i.g.n.rest.configure.RestStarterAutoConfigure - The auto configuration for [rest-starter] initiated
2025-07-15 17:46:24.852   [main] DEBUG i.g.n.rice.configure.RiceCoreAutoConfigure - The auto configuration for [rice-core] initiated
2025-07-15 17:46:24.853   [main] DEBUG i.g.n.mybatis.configure.RiceMybatisAutoConfigure - The auto configuration for [rice-mybatis] initiated
2025-07-15 17:46:24.854   [main] DEBUG i.g.n.mybatis.configure.MybatisMapperAutoConfigure - The auto configuration for [mybatis-mapper] initiated
2025-07-15 17:46:24.868   [main] DEBUG i.g.n.m.configure.MybatisStarterAutoConfigure - The auto configuration for [mybatis-starter] initiated
2025-07-15 17:46:24.912   [main] DEBUG i.g.n.m.configure.MybatisContextAutoConfigure - The auto configuration for [mybatis-context] initiated
2025-07-15 17:46:24.917   [main] DEBUG i.g.n.mybatis.configure.MybatisCoreAutoConfigure - The auto configuration for [mybatis-core] initiated
2025-07-15 17:46:24.918   [main] DEBUG i.g.n.ossfile.configure.OssfileMinioAutoConfigure - The auto configuration for [ossfile-minio] initiated
2025-07-15 17:46:24.923   [main] DEBUG i.g.n.aerial.configure.AerialServerAutoConfigure - The auto configuration for [aerial-server] initiated
2025-07-15 17:46:24.926   [main] DEBUG i.g.n.aerial.configure.AerialThreadPoolConfigure - The auto configuration for [thread-pool] initiated
2025-07-15 17:46:24.929   [main] DEBUG i.g.n.aerial.configure.AerialMqttChannelConfigure - The auto configuration for [mqtt-channel] initiated
2025-07-15 17:46:24.929   [main] DEBUG i.g.n.aerial.configure.AerialRedisAutoConfigure - The auto configuration for [aerial-redis] initiated
2025-07-15 17:46:24.931   [main] DEBUG i.g.n.aerial.configure.AerialStarterAutoConfigure - The auto configuration for [aerial-starter] initiated
2025-07-15 17:46:24.931   [main] DEBUG i.g.n.aerial.configure.AerialWebSocketConfigure - The auto configuration for [web-socket] initiated
2025-07-15 17:46:25.147   [main] DEBUG i.g.n.aerial.configure.AerialDjisdkAutoConfigure - The auto configuration for [aerial-djisdk] initiated
2025-07-15 17:46:25.155   [main] DEBUG i.g.n.aerial.configure.AerialMqttAutoConfigure - The auto configuration for [aerial-mqtt] initiated
2025-07-15 17:46:25.199   [main] DEBUG i.g.n.a.configure.AerialWebSocketAutoConfigure - The auto configuration for [aerial-webSocket] initiated
2025-07-15 17:46:25.269   [main] DEBUG i.github.nicheengine.aerial.router.MqttDrcUpRouter - The mqtt drc-up router for [router@/drc/up] initiated
2025-07-15 17:46:25.271   [main] DEBUG i.g.nicheengine.aerial.router.MqttEventsRouter - The mqtt events router for [router@/events] initiated
2025-07-15 17:46:25.272   [main] DEBUG i.g.nicheengine.aerial.router.MqttMessageRouter - The mqtt message router for [router@/message] initiated
2025-07-15 17:46:25.279   [main] DEBUG io.github.nicheengine.aerial.router.MqttOsdRouter - The mqtt osd router for [router@/osd] initiated
2025-07-15 17:46:25.279   [main] DEBUG i.g.nicheengine.aerial.router.MqttPropertySetReply - The mqtt property set router for [router@/propertySet/reply] initiated
2025-07-15 17:46:25.280   [main] DEBUG i.g.nicheengine.aerial.router.MqttRequestsRouter - The mqtt requests router for [router@/requests] initiated
2025-07-15 17:46:25.281   [main] DEBUG i.g.nicheengine.aerial.router.MqttServicesReply - The mqtt services-reply router for [router@/services/reply] initiated
2025-07-15 17:46:25.282   [main] DEBUG i.github.nicheengine.aerial.router.MqttStateRouter - The mqtt state router for [router@/state] initiated
2025-07-15 17:46:25.283   [main] DEBUG i.g.nicheengine.aerial.router.MqttStatusRouter - The mqtt status router for [router@/status] initiated
2025-07-15 17:46:25.310   [main] DEBUG io.github.nichetoolkit.rest.worker.jwt.JwtWorker - The jwt        properties: {"enabled":true,"algorithm":"HS256","secret":"ICBwpv3gDQLfdrtTuek5wtQ","kid":"","issuer":"io.github.nicheengine","audiences":[],"expireTime":0,"expireUnit":"MILLIS","issuedDelayTime":0,"issuedDelayUnit":"MILLIS","notBeforeEnabled":false}
2025-07-15 17:46:25.313   [main] DEBUG io.github.nichetoolkit.rest.worker.sha.ShaWorker - The sha        properties: {"enabled":true,"secret":"ZbqWif8ZSnjWQS5iznqXcUoKEjAV4sqJVLtV2XoeUDkGe3vPe8mAL3PhdulCRaPQxI46V86kzmf97UeigGk","algorithm":3}
2025-07-15 17:46:25.321   [main] WARN  o.s.b.w.s.c.AnnotationConfigServletWebServerApplicationContext - Exception encountered during context initialization - cancelling refresh attempt: org.springframework.beans.factory.BeanCreationException: Error creating bean with name 'defaultColumnResolver' defined in class path resource [io/github/nichetoolkit/mybatis/configure/MybatisStarterAutoConfigure.class]: Invocation of init method failed; nested exception is java.lang.NullPointerException
2025-07-15 17:46:25.333   [main] INFO  org.apache.catalina.core.StandardService - Stopping service [Tomcat]
2025-07-15 17:46:25.340   [main] INFO  o.s.b.a.l.ConditionEvaluationReportLoggingListener - 

Error starting ApplicationContext. To display the conditions report re-run your application with 'debug' enabled.
2025-07-15 17:46:25.352   [main] ERROR org.springframework.boot.SpringApplication - Application run failed
org.springframework.beans.factory.BeanCreationException: Error creating bean with name 'defaultColumnResolver' defined in class path resource [io/github/nichetoolkit/mybatis/configure/MybatisStarterAutoConfigure.class]: Invocation of init method failed; nested exception is java.lang.NullPointerException
	at org.springframework.beans.factory.support.AbstractAutowireCapableBeanFactory.initializeBean(AbstractAutowireCapableBeanFactory.java:1804)
	at org.springframework.beans.factory.support.AbstractAutowireCapableBeanFactory.doCreateBean(AbstractAutowireCapableBeanFactory.java:620)
	at org.springframework.beans.factory.support.AbstractAutowireCapableBeanFactory.createBean(AbstractAutowireCapableBeanFactory.java:542)
	at org.springframework.beans.factory.support.AbstractBeanFactory.lambda$doGetBean$0(AbstractBeanFactory.java:336)
	at org.springframework.beans.factory.support.DefaultSingletonBeanRegistry.getSingleton(DefaultSingletonBeanRegistry.java:234)
	at org.springframework.beans.factory.support.AbstractBeanFactory.doGetBean(AbstractBeanFactory.java:334)
	at org.springframework.beans.factory.support.AbstractBeanFactory.getBean(AbstractBeanFactory.java:209)
	at org.springframework.beans.factory.support.DefaultListableBeanFactory.preInstantiateSingletons(DefaultListableBeanFactory.java:955)
	at org.springframework.context.support.AbstractApplicationContext.finishBeanFactoryInitialization(AbstractApplicationContext.java:932)
	at org.springframework.context.support.AbstractApplicationContext.refresh(AbstractApplicationContext.java:591)
	at org.springframework.boot.web.servlet.context.ServletWebServerApplicationContext.refresh(ServletWebServerApplicationContext.java:147)
	at org.springframework.boot.SpringApplication.refresh(SpringApplication.java:732)
	at org.springframework.boot.SpringApplication.refreshContext(SpringApplication.java:409)
	at org.springframework.boot.SpringApplication.run(SpringApplication.java:308)
	at org.springframework.boot.SpringApplication.run(SpringApplication.java:1300)
	at org.springframework.boot.SpringApplication.run(SpringApplication.java:1289)
	at io.github.nicheengine.aerial.AerialEngineServerApplication.main(AerialEngineServerApplication.java:14)
Caused by: java.lang.NullPointerException: null
	at io.github.nichetoolkit.mybatis.MybatisContextHolder.defaultStyleType(MybatisContextHolder.java:138)
	at io.github.nichetoolkit.mybatis.MybatisColumnResolver.support(MybatisColumnResolver.java:24)
	at io.github.nichetoolkit.rice.resolver.RestColumnResolver.afterPropertiesSet(RestColumnResolver.java:21)
	at org.springframework.beans.factory.support.AbstractAutowireCapableBeanFactory.invokeInitMethods(AbstractAutowireCapableBeanFactory.java:1863)
	at org.springframework.beans.factory.support.AbstractAutowireCapableBeanFactory.initializeBean(AbstractAutowireCapableBeanFactory.java:1800)
	... 16 common frames omitted
2025-07-15 17:47:43.020   [background-preinit] INFO  org.hibernate.validator.internal.util.Version - HV000001: Hibernate Validator 6.2.5.Final
2025-07-15 17:47:43.035   [main] DEBUG i.g.n.rest.holder.ApplicationContextHolder - The application context holder has be initiated
2025-07-15 17:47:43.036   [main] DEBUG i.g.nichetoolkit.rest.holder.MessageSourceHolder - The message source context holder has be initiated
2025-07-15 17:47:43.039   [main] INFO  i.g.n.aerial.AerialEngineServerApplication - Starting AerialEngineServerApplication using Java 1.8.0_432 on Cyan with PID 14552 (F:\GitHubWorkspaces\NicheEngine\aerial-engine-server\aerial-engine-server\target\classes started by Snow in F:\GitHubWorkspaces\NicheEngine\aerial-engine-server)
2025-07-15 17:47:43.039   [main] DEBUG i.g.n.aerial.AerialEngineServerApplication - Running with Spring Boot v2.7.18, Spring v5.3.39
2025-07-15 17:47:43.040   [main] INFO  i.g.n.aerial.AerialEngineServerApplication - The following 1 profile is active: "dev"
2025-07-15 17:47:43.105   [main] DEBUG i.g.n.rest.holder.BeanDefinitionRegistryHolder - The bean definition registry holder has be initiated
2025-07-15 17:47:44.136   [main] INFO  o.s.d.r.config.RepositoryConfigurationDelegate - Multiple Spring Data modules found, entering strict repository configuration mode
2025-07-15 17:47:44.137   [main] INFO  o.s.d.r.config.RepositoryConfigurationDelegate - Bootstrapping Spring Data Redis repositories in DEFAULT mode.
2025-07-15 17:47:44.152   [main] INFO  o.s.d.r.config.RepositoryConfigurationDelegate - Finished Spring Data repository scanning in 4 ms. Found 0 Redis repository interfaces.
2025-07-15 17:47:44.293   [main] INFO  o.s.d.r.config.RepositoryConfigurationDelegate - Multiple Spring Data modules found, entering strict repository configuration mode
2025-07-15 17:47:44.293   [main] INFO  o.s.d.r.config.RepositoryConfigurationDelegate - Bootstrapping Spring Data Redis repositories in DEFAULT mode.
2025-07-15 17:47:44.398   [main] INFO  o.s.d.r.config.RepositoryConfigurationDelegate - Finished Spring Data repository scanning in 104 ms. Found 0 Redis repository interfaces.
2025-07-15 17:47:44.556   [main] INFO  o.s.i.c.DefaultConfiguringBeanFactoryPostProcessor - No bean named 'errorChannel' has been explicitly defined. Therefore, a default PublishSubscribeChannel will be created.
2025-07-15 17:47:44.563   [main] INFO  o.s.i.c.DefaultConfiguringBeanFactoryPostProcessor - No bean named 'integrationHeaderChannelRegistry' has been explicitly defined. Therefore, a default DefaultHeaderChannelRegistry will be created.
2025-07-15 17:47:44.571   [main] DEBUG i.g.n.rest.holder.ListableBeanFactoryHolder - The listable bean factory holder has be initiated
2025-07-15 17:47:44.854   [main] DEBUG i.g.n.rest.configure.RestI18nAutoConfigure - The auto configuration for [rest-i18n] initiated
2025-07-15 17:47:44.857   [main] DEBUG i.g.nichetoolkit.rest.holder.MessageSourceHolder - The message source context holder has be refreshed
2025-07-15 17:47:45.011   [main] INFO  o.s.boot.web.embedded.tomcat.TomcatWebServer - Tomcat initialized with port(s): 8080 (http)
2025-07-15 17:47:45.016   [main] INFO  org.apache.coyote.http11.Http11NioProtocol - Initializing ProtocolHandler ["http-nio-8080"]
2025-07-15 17:47:45.017   [main] INFO  org.apache.catalina.core.StandardService - Starting service [Tomcat]
2025-07-15 17:47:45.017   [main] INFO  org.apache.catalina.core.StandardEngine - Starting Servlet engine: [Apache Tomcat/9.0.90]
2025-07-15 17:47:45.095   [main] INFO  o.a.c.core.ContainerBase.[Tomcat].[localhost].[/] - Initializing Spring embedded WebApplicationContext
2025-07-15 17:47:45.096   [main] INFO  o.s.b.w.s.c.ServletWebServerApplicationContext - Root WebApplicationContext: initialization completed in 2009 ms
2025-07-15 17:47:45.160   [main] DEBUG i.g.nichetoolkit.rest.logback.DefaultLogbackFilter - Filter 'defaultLogbackFilter' configured for use
2025-07-15 17:47:45.160   [main] DEBUG i.g.n.rice.defaults.DefaultAccessTokenFilter - Filter 'defaultAccessTokenFilter' configured for use
2025-07-15 17:47:45.168   [main] DEBUG i.g.n.ossfile.configure.OssfileCoreAutoConfigure - The auto configuration for [ossfile-core] initiated
2025-07-15 17:47:45.184   [main] DEBUG i.g.n.rest.configure.RestUtilsAutoConfigure - The auto configuration for [rest-utils] initiated
2025-07-15 17:47:45.185   [main] DEBUG i.g.n.rest.configure.RestCoreAutoConfigure - The auto configuration for [rest-core] initiated
2025-07-15 17:47:45.199   [main] DEBUG i.g.n.rest.configure.RestInterceptAutoConfigure - The auto configuration for [rest-intercept] initiated
2025-07-15 17:47:45.394   [main] DEBUG i.g.n.aerial.configure.DatasourceAutoConfigure - the auto configuration for [datasource] rest template initiated
2025-07-15 17:47:45.430   [main] WARN  org.mybatis.spring.SqlSessionFactoryBean - Property 'mapperLocations' was specified but matching resources are not found.
2025-07-15 17:47:45.433   [main] DEBUG io.github.nichetoolkit.rest.util.LoggerUtils - The fitter bean of [io.github.nichetoolkit.mybatis.holder.RestSqlSessionHolder] type for named 'restSqlSessionHolder' has be initiated.
2025-07-15 17:47:45.629   [main] DEBUG io.github.nichetoolkit.ossfile.OssfileStoreHolder - There are 1 store service beans has been initiated.
2025-07-15 17:47:45.629   [main] DEBUG i.github.nichetoolkit.rest.DefaultControllerAdvice - There are 3 fulfilled fitter beans has be initiated.
2025-07-15 17:47:45.650   [main] DEBUG i.g.n.rice.configure.RiceStarterAutoConfigure - The auto configuration for [rice-starter] initiated
2025-07-15 17:47:45.655   [main] DEBUG i.g.n.rice.configure.RiceContextAutoConfigure - The auto configuration for [rice-context] initiated
2025-07-15 17:47:45.678   [main] DEBUG i.g.n.rest.configure.RestHttpAutoConfigure - The auto configuration for [rest-http] initiated
2025-07-15 17:47:45.679   [main] DEBUG i.g.n.rest.configure.RestIdentityAutoConfigure - The auto configuration for [rest-identity] initiated
2025-07-15 17:47:45.682   [main] DEBUG i.g.n.rest.configure.RestLogbackAutoConfigure - The auto configuration for [rest-logback] initiated
2025-07-15 17:47:45.683   [main] DEBUG i.g.n.rest.configure.RestStarterAutoConfigure - The auto configuration for [rest-starter] initiated
2025-07-15 17:47:45.683   [main] DEBUG i.g.n.rice.configure.RiceCoreAutoConfigure - The auto configuration for [rice-core] initiated
2025-07-15 17:47:45.683   [main] DEBUG i.g.n.mybatis.configure.RiceMybatisAutoConfigure - The auto configuration for [rice-mybatis] initiated
2025-07-15 17:47:45.684   [main] DEBUG i.g.n.mybatis.configure.MybatisMapperAutoConfigure - The auto configuration for [mybatis-mapper] initiated
2025-07-15 17:47:45.697   [main] DEBUG i.g.n.m.configure.MybatisStarterAutoConfigure - The auto configuration for [mybatis-starter] initiated
2025-07-15 17:47:45.741   [main] DEBUG i.g.n.m.configure.MybatisContextAutoConfigure - The auto configuration for [mybatis-context] initiated
2025-07-15 17:47:45.745   [main] DEBUG i.g.n.mybatis.configure.MybatisCoreAutoConfigure - The auto configuration for [mybatis-core] initiated
2025-07-15 17:47:45.745   [main] DEBUG i.g.n.ossfile.configure.OssfileMinioAutoConfigure - The auto configuration for [ossfile-minio] initiated
2025-07-15 17:47:45.751   [main] DEBUG i.g.n.aerial.configure.AerialServerAutoConfigure - The auto configuration for [aerial-server] initiated
2025-07-15 17:47:45.754   [main] DEBUG i.g.n.aerial.configure.AerialThreadPoolConfigure - The auto configuration for [thread-pool] initiated
2025-07-15 17:47:45.757   [main] DEBUG i.g.n.aerial.configure.AerialMqttChannelConfigure - The auto configuration for [mqtt-channel] initiated
2025-07-15 17:47:45.757   [main] DEBUG i.g.n.aerial.configure.AerialRedisAutoConfigure - The auto configuration for [aerial-redis] initiated
2025-07-15 17:47:45.758   [main] DEBUG i.g.n.aerial.configure.AerialStarterAutoConfigure - The auto configuration for [aerial-starter] initiated
2025-07-15 17:47:45.759   [main] DEBUG i.g.n.aerial.configure.AerialWebSocketConfigure - The auto configuration for [web-socket] initiated
2025-07-15 17:47:45.978   [main] DEBUG i.g.n.aerial.configure.AerialDjisdkAutoConfigure - The auto configuration for [aerial-djisdk] initiated
2025-07-15 17:47:45.987   [main] DEBUG i.g.n.aerial.configure.AerialMqttAutoConfigure - The auto configuration for [aerial-mqtt] initiated
2025-07-15 17:47:46.032   [main] DEBUG i.g.n.a.configure.AerialWebSocketAutoConfigure - The auto configuration for [aerial-webSocket] initiated
2025-07-15 17:47:46.102   [main] DEBUG i.github.nicheengine.aerial.router.MqttDrcUpRouter - The mqtt drc-up router for [router@/drc/up] initiated
2025-07-15 17:47:46.104   [main] DEBUG i.g.nicheengine.aerial.router.MqttEventsRouter - The mqtt events router for [router@/events] initiated
2025-07-15 17:47:46.106   [main] DEBUG i.g.nicheengine.aerial.router.MqttMessageRouter - The mqtt message router for [router@/message] initiated
2025-07-15 17:47:46.111   [main] DEBUG io.github.nicheengine.aerial.router.MqttOsdRouter - The mqtt osd router for [router@/osd] initiated
2025-07-15 17:47:46.112   [main] DEBUG i.g.nicheengine.aerial.router.MqttPropertySetReply - The mqtt property set router for [router@/propertySet/reply] initiated
2025-07-15 17:47:46.113   [main] DEBUG i.g.nicheengine.aerial.router.MqttRequestsRouter - The mqtt requests router for [router@/requests] initiated
2025-07-15 17:47:46.113   [main] DEBUG i.g.nicheengine.aerial.router.MqttServicesReply - The mqtt services-reply router for [router@/services/reply] initiated
2025-07-15 17:47:46.114   [main] DEBUG i.github.nicheengine.aerial.router.MqttStateRouter - The mqtt state router for [router@/state] initiated
2025-07-15 17:47:46.114   [main] DEBUG i.g.nicheengine.aerial.router.MqttStatusRouter - The mqtt status router for [router@/status] initiated
2025-07-15 17:47:46.143   [main] DEBUG io.github.nichetoolkit.rest.worker.jwt.JwtWorker - The jwt        properties: {"enabled":true,"algorithm":"HS256","secret":"ICBwpv3gDQLfdrtTuek5wtQ","kid":"","issuer":"io.github.nicheengine","audiences":[],"expireTime":0,"expireUnit":"MILLIS","issuedDelayTime":0,"issuedDelayUnit":"MILLIS","notBeforeEnabled":false}
2025-07-15 17:47:46.146   [main] DEBUG io.github.nichetoolkit.rest.worker.sha.ShaWorker - The sha        properties: {"enabled":true,"secret":"ZbqWif8ZSnjWQS5iznqXcUoKEjAV4sqJVLtV2XoeUDkGe3vPe8mAL3PhdulCRaPQxI46V86kzmf97UeigGk","algorithm":3}
2025-07-15 17:47:46.155   [main] WARN  o.s.b.w.s.c.AnnotationConfigServletWebServerApplicationContext - Exception encountered during context initialization - cancelling refresh attempt: org.springframework.beans.factory.BeanCreationException: Error creating bean with name 'defaultColumnResolver' defined in class path resource [io/github/nichetoolkit/mybatis/configure/MybatisStarterAutoConfigure.class]: Invocation of init method failed; nested exception is java.lang.NullPointerException
2025-07-15 17:47:46.167   [main] INFO  org.apache.catalina.core.StandardService - Stopping service [Tomcat]
2025-07-15 17:47:46.173   [main] INFO  o.s.b.a.l.ConditionEvaluationReportLoggingListener - 

Error starting ApplicationContext. To display the conditions report re-run your application with 'debug' enabled.
2025-07-15 17:47:46.189   [main] ERROR org.springframework.boot.SpringApplication - Application run failed
org.springframework.beans.factory.BeanCreationException: Error creating bean with name 'defaultColumnResolver' defined in class path resource [io/github/nichetoolkit/mybatis/configure/MybatisStarterAutoConfigure.class]: Invocation of init method failed; nested exception is java.lang.NullPointerException
	at org.springframework.beans.factory.support.AbstractAutowireCapableBeanFactory.initializeBean(AbstractAutowireCapableBeanFactory.java:1804)
	at org.springframework.beans.factory.support.AbstractAutowireCapableBeanFactory.doCreateBean(AbstractAutowireCapableBeanFactory.java:620)
	at org.springframework.beans.factory.support.AbstractAutowireCapableBeanFactory.createBean(AbstractAutowireCapableBeanFactory.java:542)
	at org.springframework.beans.factory.support.AbstractBeanFactory.lambda$doGetBean$0(AbstractBeanFactory.java:336)
	at org.springframework.beans.factory.support.DefaultSingletonBeanRegistry.getSingleton(DefaultSingletonBeanRegistry.java:234)
	at org.springframework.beans.factory.support.AbstractBeanFactory.doGetBean(AbstractBeanFactory.java:334)
	at org.springframework.beans.factory.support.AbstractBeanFactory.getBean(AbstractBeanFactory.java:209)
	at org.springframework.beans.factory.support.DefaultListableBeanFactory.preInstantiateSingletons(DefaultListableBeanFactory.java:955)
	at org.springframework.context.support.AbstractApplicationContext.finishBeanFactoryInitialization(AbstractApplicationContext.java:932)
	at org.springframework.context.support.AbstractApplicationContext.refresh(AbstractApplicationContext.java:591)
	at org.springframework.boot.web.servlet.context.ServletWebServerApplicationContext.refresh(ServletWebServerApplicationContext.java:147)
	at org.springframework.boot.SpringApplication.refresh(SpringApplication.java:732)
	at org.springframework.boot.SpringApplication.refreshContext(SpringApplication.java:409)
	at org.springframework.boot.SpringApplication.run(SpringApplication.java:308)
	at org.springframework.boot.SpringApplication.run(SpringApplication.java:1300)
	at org.springframework.boot.SpringApplication.run(SpringApplication.java:1289)
	at io.github.nicheengine.aerial.AerialEngineServerApplication.main(AerialEngineServerApplication.java:14)
Caused by: java.lang.NullPointerException: null
	at io.github.nichetoolkit.mybatis.MybatisContextHolder.defaultStyleType(MybatisContextHolder.java:138)
	at io.github.nichetoolkit.mybatis.MybatisColumnResolver.support(MybatisColumnResolver.java:24)
	at io.github.nichetoolkit.rice.resolver.RestColumnResolver.afterPropertiesSet(RestColumnResolver.java:21)
	at org.springframework.beans.factory.support.AbstractAutowireCapableBeanFactory.invokeInitMethods(AbstractAutowireCapableBeanFactory.java:1863)
	at org.springframework.beans.factory.support.AbstractAutowireCapableBeanFactory.initializeBean(AbstractAutowireCapableBeanFactory.java:1800)
	... 16 common frames omitted
2025-07-15 17:48:00.563   [background-preinit] INFO  org.hibernate.validator.internal.util.Version - HV000001: Hibernate Validator 6.2.5.Final
2025-07-15 17:48:00.582   [main] DEBUG i.g.n.rest.holder.ApplicationContextHolder - The application context holder has be initiated
2025-07-15 17:48:00.584   [main] DEBUG i.g.nichetoolkit.rest.holder.MessageSourceHolder - The message source context holder has be initiated
2025-07-15 17:48:00.588   [main] INFO  i.g.n.aerial.AerialEngineServerApplication - Starting AerialEngineServerApplication using Java 1.8.0_432 on Cyan with PID 3580 (F:\GitHubWorkspaces\NicheEngine\aerial-engine-server\aerial-engine-server\target\classes started by Snow in F:\GitHubWorkspaces\NicheEngine\aerial-engine-server)
2025-07-15 17:48:00.589   [main] DEBUG i.g.n.aerial.AerialEngineServerApplication - Running with Spring Boot v2.7.18, Spring v5.3.39
2025-07-15 17:48:00.589   [main] INFO  i.g.n.aerial.AerialEngineServerApplication - The following 1 profile is active: "dev"
2025-07-15 17:48:00.661   [main] DEBUG i.g.n.rest.holder.BeanDefinitionRegistryHolder - The bean definition registry holder has be initiated
2025-07-15 17:48:01.869   [main] INFO  o.s.d.r.config.RepositoryConfigurationDelegate - Multiple Spring Data modules found, entering strict repository configuration mode
2025-07-15 17:48:01.870   [main] INFO  o.s.d.r.config.RepositoryConfigurationDelegate - Bootstrapping Spring Data Redis repositories in DEFAULT mode.
2025-07-15 17:48:01.892   [main] INFO  o.s.d.r.config.RepositoryConfigurationDelegate - Finished Spring Data repository scanning in 6 ms. Found 0 Redis repository interfaces.
2025-07-15 17:48:02.139   [main] INFO  o.s.d.r.config.RepositoryConfigurationDelegate - Multiple Spring Data modules found, entering strict repository configuration mode
2025-07-15 17:48:02.139   [main] INFO  o.s.d.r.config.RepositoryConfigurationDelegate - Bootstrapping Spring Data Redis repositories in DEFAULT mode.
2025-07-15 17:48:02.232   [main] INFO  o.s.d.r.config.RepositoryConfigurationDelegate - Finished Spring Data repository scanning in 92 ms. Found 0 Redis repository interfaces.
2025-07-15 17:48:02.448   [main] INFO  o.s.i.c.DefaultConfiguringBeanFactoryPostProcessor - No bean named 'errorChannel' has been explicitly defined. Therefore, a default PublishSubscribeChannel will be created.
2025-07-15 17:48:02.463   [main] INFO  o.s.i.c.DefaultConfiguringBeanFactoryPostProcessor - No bean named 'integrationHeaderChannelRegistry' has been explicitly defined. Therefore, a default DefaultHeaderChannelRegistry will be created.
2025-07-15 17:48:02.483   [main] DEBUG i.g.n.rest.holder.ListableBeanFactoryHolder - The listable bean factory holder has be initiated
2025-07-15 17:48:03.059   [main] DEBUG i.g.n.rest.configure.RestI18nAutoConfigure - The auto configuration for [rest-i18n] initiated
2025-07-15 17:48:03.064   [main] DEBUG i.g.nichetoolkit.rest.holder.MessageSourceHolder - The message source context holder has be refreshed
2025-07-15 17:48:03.354   [main] INFO  o.s.boot.web.embedded.tomcat.TomcatWebServer - Tomcat initialized with port(s): 8080 (http)
2025-07-15 17:48:03.366   [main] INFO  org.apache.coyote.http11.Http11NioProtocol - Initializing ProtocolHandler ["http-nio-8080"]
2025-07-15 17:48:03.368   [main] INFO  org.apache.catalina.core.StandardService - Starting service [Tomcat]
2025-07-15 17:48:03.368   [main] INFO  org.apache.catalina.core.StandardEngine - Starting Servlet engine: [Apache Tomcat/9.0.90]
2025-07-15 17:48:03.474   [main] INFO  o.a.c.core.ContainerBase.[Tomcat].[localhost].[/] - Initializing Spring embedded WebApplicationContext
2025-07-15 17:48:03.475   [main] INFO  o.s.b.w.s.c.ServletWebServerApplicationContext - Root WebApplicationContext: initialization completed in 2832 ms
2025-07-15 17:48:03.601   [main] DEBUG i.g.nichetoolkit.rest.logback.DefaultLogbackFilter - Filter 'defaultLogbackFilter' configured for use
2025-07-15 17:48:03.601   [main] DEBUG i.g.n.rice.defaults.DefaultAccessTokenFilter - Filter 'defaultAccessTokenFilter' configured for use
2025-07-15 17:48:03.620   [main] DEBUG i.g.n.ossfile.configure.OssfileCoreAutoConfigure - The auto configuration for [ossfile-core] initiated
2025-07-15 17:48:03.658   [main] DEBUG i.g.n.rest.configure.RestUtilsAutoConfigure - The auto configuration for [rest-utils] initiated
2025-07-15 17:48:03.658   [main] DEBUG i.g.n.rest.configure.RestCoreAutoConfigure - The auto configuration for [rest-core] initiated
2025-07-15 17:48:03.677   [main] DEBUG i.g.n.rest.configure.RestInterceptAutoConfigure - The auto configuration for [rest-intercept] initiated
2025-07-15 17:48:03.923   [main] DEBUG i.g.n.aerial.configure.DatasourceAutoConfigure - the auto configuration for [datasource] rest template initiated
2025-07-15 17:48:04.005   [main] WARN  org.mybatis.spring.SqlSessionFactoryBean - Property 'mapperLocations' was specified but matching resources are not found.
2025-07-15 17:48:04.011   [main] DEBUG io.github.nichetoolkit.rest.util.LoggerUtils - The fitter bean of [io.github.nichetoolkit.mybatis.holder.RestSqlSessionHolder] type for named 'restSqlSessionHolder' has be initiated.
2025-07-15 17:48:04.436   [main] DEBUG io.github.nichetoolkit.ossfile.OssfileStoreHolder - There are 1 store service beans has been initiated.
2025-07-15 17:48:04.437   [main] DEBUG i.github.nichetoolkit.rest.DefaultControllerAdvice - There are 3 fulfilled fitter beans has be initiated.
2025-07-15 17:48:04.485   [main] DEBUG i.g.n.rice.configure.RiceStarterAutoConfigure - The auto configuration for [rice-starter] initiated
2025-07-15 17:48:04.489   [main] DEBUG i.g.n.rice.configure.RiceContextAutoConfigure - The auto configuration for [rice-context] initiated
2025-07-15 17:48:04.527   [main] DEBUG i.g.n.rest.configure.RestHttpAutoConfigure - The auto configuration for [rest-http] initiated
2025-07-15 17:48:04.527   [main] DEBUG i.g.n.rest.configure.RestIdentityAutoConfigure - The auto configuration for [rest-identity] initiated
2025-07-15 17:48:04.533   [main] DEBUG i.g.n.rest.configure.RestLogbackAutoConfigure - The auto configuration for [rest-logback] initiated
2025-07-15 17:48:04.533   [main] DEBUG i.g.n.rest.configure.RestStarterAutoConfigure - The auto configuration for [rest-starter] initiated
2025-07-15 17:48:04.534   [main] DEBUG i.g.n.rice.configure.RiceCoreAutoConfigure - The auto configuration for [rice-core] initiated
2025-07-15 17:48:04.534   [main] DEBUG i.g.n.mybatis.configure.RiceMybatisAutoConfigure - The auto configuration for [rice-mybatis] initiated
2025-07-15 17:48:04.536   [main] DEBUG i.g.n.mybatis.configure.MybatisMapperAutoConfigure - The auto configuration for [mybatis-mapper] initiated
2025-07-15 17:48:04.559   [main] DEBUG i.g.n.m.configure.MybatisStarterAutoConfigure - The auto configuration for [mybatis-starter] initiated
2025-07-15 17:48:04.659   [main] DEBUG i.g.n.m.configure.MybatisContextAutoConfigure - The auto configuration for [mybatis-context] initiated
2025-07-15 17:48:04.667   [main] DEBUG i.g.n.mybatis.configure.MybatisCoreAutoConfigure - The auto configuration for [mybatis-core] initiated
2025-07-15 17:48:04.669   [main] DEBUG i.g.n.ossfile.configure.OssfileMinioAutoConfigure - The auto configuration for [ossfile-minio] initiated
2025-07-15 17:48:04.684   [main] DEBUG i.g.n.aerial.configure.AerialServerAutoConfigure - The auto configuration for [aerial-server] initiated
2025-07-15 17:48:04.689   [main] DEBUG i.g.n.aerial.configure.AerialThreadPoolConfigure - The auto configuration for [thread-pool] initiated
2025-07-15 17:48:04.694   [main] DEBUG i.g.n.aerial.configure.AerialMqttChannelConfigure - The auto configuration for [mqtt-channel] initiated
2025-07-15 17:48:04.694   [main] DEBUG i.g.n.aerial.configure.AerialRedisAutoConfigure - The auto configuration for [aerial-redis] initiated
2025-07-15 17:48:04.697   [main] DEBUG i.g.n.aerial.configure.AerialStarterAutoConfigure - The auto configuration for [aerial-starter] initiated
2025-07-15 17:48:04.697   [main] DEBUG i.g.n.aerial.configure.AerialWebSocketConfigure - The auto configuration for [web-socket] initiated
2025-07-15 17:48:05.231   [main] DEBUG i.g.n.aerial.configure.AerialDjisdkAutoConfigure - The auto configuration for [aerial-djisdk] initiated
2025-07-15 17:48:05.249   [main] DEBUG i.g.n.aerial.configure.AerialMqttAutoConfigure - The auto configuration for [aerial-mqtt] initiated
2025-07-15 17:48:05.347   [main] DEBUG i.g.n.a.configure.AerialWebSocketAutoConfigure - The auto configuration for [aerial-webSocket] initiated
2025-07-15 17:48:05.509   [main] DEBUG i.github.nicheengine.aerial.router.MqttDrcUpRouter - The mqtt drc-up router for [router@/drc/up] initiated
2025-07-15 17:48:05.511   [main] DEBUG i.g.nicheengine.aerial.router.MqttEventsRouter - The mqtt events router for [router@/events] initiated
2025-07-15 17:48:05.517   [main] DEBUG i.g.nicheengine.aerial.router.MqttMessageRouter - The mqtt message router for [router@/message] initiated
2025-07-15 17:48:05.525   [main] DEBUG io.github.nicheengine.aerial.router.MqttOsdRouter - The mqtt osd router for [router@/osd] initiated
2025-07-15 17:48:05.526   [main] DEBUG i.g.nicheengine.aerial.router.MqttPropertySetReply - The mqtt property set router for [router@/propertySet/reply] initiated
2025-07-15 17:48:05.527   [main] DEBUG i.g.nicheengine.aerial.router.MqttRequestsRouter - The mqtt requests router for [router@/requests] initiated
2025-07-15 17:48:05.529   [main] DEBUG i.g.nicheengine.aerial.router.MqttServicesReply - The mqtt services-reply router for [router@/services/reply] initiated
2025-07-15 17:48:05.530   [main] DEBUG i.github.nicheengine.aerial.router.MqttStateRouter - The mqtt state router for [router@/state] initiated
2025-07-15 17:48:05.530   [main] DEBUG i.g.nicheengine.aerial.router.MqttStatusRouter - The mqtt status router for [router@/status] initiated
2025-07-15 17:48:05.658   [main] DEBUG io.github.nichetoolkit.rest.worker.jwt.JwtWorker - The jwt        properties: {"enabled":true,"algorithm":"HS256","secret":"ICBwpv3gDQLfdrtTuek5wtQ","kid":"","issuer":"io.github.nicheengine","audiences":[],"expireTime":0,"expireUnit":"MILLIS","issuedDelayTime":0,"issuedDelayUnit":"MILLIS","notBeforeEnabled":false}
2025-07-15 17:48:05.664   [main] DEBUG io.github.nichetoolkit.rest.worker.sha.ShaWorker - The sha        properties: {"enabled":true,"secret":"ZbqWif8ZSnjWQS5iznqXcUoKEjAV4sqJVLtV2XoeUDkGe3vPe8mAL3PhdulCRaPQxI46V86kzmf97UeigGk","algorithm":3}
2025-07-15 17:48:56.396   [main] WARN  o.s.b.w.s.c.AnnotationConfigServletWebServerApplicationContext - Exception encountered during context initialization - cancelling refresh attempt: org.springframework.beans.factory.BeanCreationException: Error creating bean with name 'defaultColumnResolver' defined in class path resource [io/github/nichetoolkit/mybatis/configure/MybatisStarterAutoConfigure.class]: Invocation of init method failed; nested exception is java.lang.NullPointerException
2025-07-15 17:48:56.442   [main] INFO  org.apache.catalina.core.StandardService - Stopping service [Tomcat]
2025-07-15 17:48:56.454   [main] INFO  o.s.b.a.l.ConditionEvaluationReportLoggingListener - 

Error starting ApplicationContext. To display the conditions report re-run your application with 'debug' enabled.
2025-07-15 17:48:56.498   [main] ERROR org.springframework.boot.SpringApplication - Application run failed
org.springframework.beans.factory.BeanCreationException: Error creating bean with name 'defaultColumnResolver' defined in class path resource [io/github/nichetoolkit/mybatis/configure/MybatisStarterAutoConfigure.class]: Invocation of init method failed; nested exception is java.lang.NullPointerException
	at org.springframework.beans.factory.support.AbstractAutowireCapableBeanFactory.initializeBean(AbstractAutowireCapableBeanFactory.java:1804)
	at org.springframework.beans.factory.support.AbstractAutowireCapableBeanFactory.doCreateBean(AbstractAutowireCapableBeanFactory.java:620)
	at org.springframework.beans.factory.support.AbstractAutowireCapableBeanFactory.createBean(AbstractAutowireCapableBeanFactory.java:542)
	at org.springframework.beans.factory.support.AbstractBeanFactory.lambda$doGetBean$0(AbstractBeanFactory.java:336)
	at org.springframework.beans.factory.support.DefaultSingletonBeanRegistry.getSingleton(DefaultSingletonBeanRegistry.java:234)
	at org.springframework.beans.factory.support.AbstractBeanFactory.doGetBean(AbstractBeanFactory.java:334)
	at org.springframework.beans.factory.support.AbstractBeanFactory.getBean(AbstractBeanFactory.java:209)
	at org.springframework.beans.factory.support.DefaultListableBeanFactory.preInstantiateSingletons(DefaultListableBeanFactory.java:955)
	at org.springframework.context.support.AbstractApplicationContext.finishBeanFactoryInitialization(AbstractApplicationContext.java:932)
	at org.springframework.context.support.AbstractApplicationContext.refresh(AbstractApplicationContext.java:591)
	at org.springframework.boot.web.servlet.context.ServletWebServerApplicationContext.refresh(ServletWebServerApplicationContext.java:147)
	at org.springframework.boot.SpringApplication.refresh(SpringApplication.java:732)
	at org.springframework.boot.SpringApplication.refreshContext(SpringApplication.java:409)
	at org.springframework.boot.SpringApplication.run(SpringApplication.java:308)
	at org.springframework.boot.SpringApplication.run(SpringApplication.java:1300)
	at org.springframework.boot.SpringApplication.run(SpringApplication.java:1289)
	at io.github.nicheengine.aerial.AerialEngineServerApplication.main(AerialEngineServerApplication.java:14)
Caused by: java.lang.NullPointerException: null
	at io.github.nichetoolkit.mybatis.MybatisContextHolder.defaultStyleType(MybatisContextHolder.java:138)
	at io.github.nichetoolkit.mybatis.MybatisColumnResolver.support(MybatisColumnResolver.java:24)
	at io.github.nichetoolkit.rice.resolver.RestColumnResolver.afterPropertiesSet(RestColumnResolver.java:21)
	at org.springframework.beans.factory.support.AbstractAutowireCapableBeanFactory.invokeInitMethods(AbstractAutowireCapableBeanFactory.java:1863)
	at org.springframework.beans.factory.support.AbstractAutowireCapableBeanFactory.initializeBean(AbstractAutowireCapableBeanFactory.java:1800)
	... 16 common frames omitted
2025-07-15 17:56:52.019   [background-preinit] INFO  org.hibernate.validator.internal.util.Version - HV000001: Hibernate Validator 6.2.5.Final
2025-07-15 17:56:52.033   [main] DEBUG i.g.n.rest.holder.ApplicationContextHolder - The application context holder has be initiated
2025-07-15 17:56:52.033   [main] DEBUG i.g.nichetoolkit.rest.holder.MessageSourceHolder - The message source context holder has be initiated
2025-07-15 17:56:52.036   [main] INFO  i.g.n.aerial.AerialEngineServerApplication - Starting AerialEngineServerApplication using Java 1.8.0_432 on Cyan with PID 18604 (F:\GitHubWorkspaces\NicheEngine\aerial-engine-server\aerial-engine-server\target\classes started by Snow in F:\GitHubWorkspaces\NicheEngine\aerial-engine-server)
2025-07-15 17:56:52.036   [main] DEBUG i.g.n.aerial.AerialEngineServerApplication - Running with Spring Boot v2.7.18, Spring v5.3.39
2025-07-15 17:56:52.036   [main] INFO  i.g.n.aerial.AerialEngineServerApplication - The following 1 profile is active: "dev"
2025-07-15 17:56:52.084   [main] DEBUG i.g.n.rest.holder.BeanDefinitionRegistryHolder - The bean definition registry holder has be initiated
2025-07-15 17:56:53.055   [main] INFO  o.s.d.r.config.RepositoryConfigurationDelegate - Multiple Spring Data modules found, entering strict repository configuration mode
2025-07-15 17:56:53.055   [main] INFO  o.s.d.r.config.RepositoryConfigurationDelegate - Bootstrapping Spring Data Redis repositories in DEFAULT mode.
2025-07-15 17:56:53.070   [main] INFO  o.s.d.r.config.RepositoryConfigurationDelegate - Finished Spring Data repository scanning in 4 ms. Found 0 Redis repository interfaces.
2025-07-15 17:56:53.205   [main] INFO  o.s.d.r.config.RepositoryConfigurationDelegate - Multiple Spring Data modules found, entering strict repository configuration mode
2025-07-15 17:56:53.205   [main] INFO  o.s.d.r.config.RepositoryConfigurationDelegate - Bootstrapping Spring Data Redis repositories in DEFAULT mode.
2025-07-15 17:56:53.322   [main] INFO  o.s.d.r.config.RepositoryConfigurationDelegate - Finished Spring Data repository scanning in 115 ms. Found 0 Redis repository interfaces.
2025-07-15 17:56:53.473   [main] INFO  o.s.i.c.DefaultConfiguringBeanFactoryPostProcessor - No bean named 'errorChannel' has been explicitly defined. Therefore, a default PublishSubscribeChannel will be created.
2025-07-15 17:56:53.479   [main] INFO  o.s.i.c.DefaultConfiguringBeanFactoryPostProcessor - No bean named 'integrationHeaderChannelRegistry' has been explicitly defined. Therefore, a default DefaultHeaderChannelRegistry will be created.
2025-07-15 17:56:53.487   [main] DEBUG i.g.n.rest.holder.ListableBeanFactoryHolder - The listable bean factory holder has be initiated
2025-07-15 17:56:53.783   [main] DEBUG i.g.n.rest.configure.RestI18nAutoConfigure - The auto configuration for [rest-i18n] initiated
2025-07-15 17:56:53.786   [main] DEBUG i.g.nichetoolkit.rest.holder.MessageSourceHolder - The message source context holder has be refreshed
2025-07-15 17:56:53.942   [main] INFO  o.s.boot.web.embedded.tomcat.TomcatWebServer - Tomcat initialized with port(s): 8080 (http)
2025-07-15 17:56:53.948   [main] INFO  org.apache.coyote.http11.Http11NioProtocol - Initializing ProtocolHandler ["http-nio-8080"]
2025-07-15 17:56:53.949   [main] INFO  org.apache.catalina.core.StandardService - Starting service [Tomcat]
2025-07-15 17:56:53.949   [main] INFO  org.apache.catalina.core.StandardEngine - Starting Servlet engine: [Apache Tomcat/9.0.90]
2025-07-15 17:56:54.020   [main] INFO  o.a.c.core.ContainerBase.[Tomcat].[localhost].[/] - Initializing Spring embedded WebApplicationContext
2025-07-15 17:56:54.020   [main] INFO  o.s.b.w.s.c.ServletWebServerApplicationContext - Root WebApplicationContext: initialization completed in 1948 ms
2025-07-15 17:56:54.084   [main] DEBUG i.g.nichetoolkit.rest.logback.DefaultLogbackFilter - Filter 'defaultLogbackFilter' configured for use
2025-07-15 17:56:54.084   [main] DEBUG i.g.n.rice.defaults.DefaultAccessTokenFilter - Filter 'defaultAccessTokenFilter' configured for use
2025-07-15 17:56:54.091   [main] DEBUG i.g.n.ossfile.configure.OssfileCoreAutoConfigure - The auto configuration for [ossfile-core] initiated
2025-07-15 17:56:54.105   [main] DEBUG i.g.n.rest.configure.RestUtilsAutoConfigure - The auto configuration for [rest-utils] initiated
2025-07-15 17:56:54.107   [main] DEBUG i.g.n.rest.configure.RestCoreAutoConfigure - The auto configuration for [rest-core] initiated
2025-07-15 17:56:54.119   [main] DEBUG i.g.n.rest.configure.RestInterceptAutoConfigure - The auto configuration for [rest-intercept] initiated
2025-07-15 17:56:54.313   [main] DEBUG i.g.n.aerial.configure.DatasourceAutoConfigure - the auto configuration for [datasource] rest template initiated
2025-07-15 17:56:54.349   [main] WARN  org.mybatis.spring.SqlSessionFactoryBean - Property 'mapperLocations' was specified but matching resources are not found.
2025-07-15 17:56:54.352   [main] DEBUG io.github.nichetoolkit.rest.util.LoggerUtils - The fitter bean of [io.github.nichetoolkit.mybatis.holder.RestSqlSessionHolder] type for named 'restSqlSessionHolder' has be initiated.
2025-07-15 17:56:54.392   [main] INFO  i.github.nichetoolkit.mybatis.MybatisContextHolder - [MybatisContextHolder] > afterPropertiesSet: {"catalog":null,"schema":null,"updateLogic":false,"useLogic":true,"useOperate":false,"useLazyInit":false,"excludeUnused":true,"sqlScriptShow":true,"mysqlIgnoreInsert":false,"datetimeNow":"now()","databaseType":"postgresql","styleType":"lowerUnderline","excludedType":"EXCLUDED","properties":{},"excludes":null,"ignores":null,"selectIgnores":null,"insertIgnores":null,"updateIgnores":null,"unuseds":["operate"]}
2025-07-15 17:56:54.581   [main] DEBUG io.github.nichetoolkit.ossfile.OssfileStoreHolder - There are 1 store service beans has been initiated.
2025-07-15 17:56:54.582   [main] DEBUG i.github.nichetoolkit.rest.DefaultControllerAdvice - There are 4 fulfilled fitter beans has be initiated.
2025-07-15 17:56:54.601   [main] DEBUG i.g.n.rice.configure.RiceStarterAutoConfigure - The auto configuration for [rice-starter] initiated
2025-07-15 17:56:54.602   [main] DEBUG i.g.n.rice.configure.RiceContextAutoConfigure - The auto configuration for [rice-context] initiated
2025-07-15 17:56:54.623   [main] DEBUG i.g.n.rest.configure.RestHttpAutoConfigure - The auto configuration for [rest-http] initiated
2025-07-15 17:56:54.624   [main] DEBUG i.g.n.rest.configure.RestIdentityAutoConfigure - The auto configuration for [rest-identity] initiated
2025-07-15 17:56:54.628   [main] DEBUG i.g.n.rest.configure.RestLogbackAutoConfigure - The auto configuration for [rest-logback] initiated
2025-07-15 17:56:54.629   [main] DEBUG i.g.n.rest.configure.RestStarterAutoConfigure - The auto configuration for [rest-starter] initiated
2025-07-15 17:56:54.629   [main] DEBUG i.g.n.rice.configure.RiceCoreAutoConfigure - The auto configuration for [rice-core] initiated
2025-07-15 17:56:54.630   [main] DEBUG i.g.n.mybatis.configure.RiceMybatisAutoConfigure - The auto configuration for [rice-mybatis] initiated
2025-07-15 17:56:54.630   [main] DEBUG i.g.n.mybatis.configure.MybatisMapperAutoConfigure - The auto configuration for [mybatis-mapper] initiated
2025-07-15 17:56:54.644   [main] DEBUG i.g.n.m.configure.MybatisStarterAutoConfigure - The auto configuration for [mybatis-starter] initiated
2025-07-15 17:56:54.686   [main] DEBUG i.g.n.m.configure.MybatisContextAutoConfigure - The auto configuration for [mybatis-context] initiated
2025-07-15 17:56:54.686   [main] DEBUG i.g.n.mybatis.configure.MybatisCoreAutoConfigure - The auto configuration for [mybatis-core] initiated
2025-07-15 17:56:54.687   [main] DEBUG i.g.n.ossfile.configure.OssfileMinioAutoConfigure - The auto configuration for [ossfile-minio] initiated
2025-07-15 17:56:54.693   [main] DEBUG i.g.n.aerial.configure.AerialServerAutoConfigure - The auto configuration for [aerial-server] initiated
2025-07-15 17:56:54.695   [main] DEBUG i.g.n.aerial.configure.AerialThreadPoolConfigure - The auto configuration for [thread-pool] initiated
2025-07-15 17:56:54.698   [main] DEBUG i.g.n.aerial.configure.AerialMqttChannelConfigure - The auto configuration for [mqtt-channel] initiated
2025-07-15 17:56:54.700   [main] DEBUG i.g.n.aerial.configure.AerialRedisAutoConfigure - The auto configuration for [aerial-redis] initiated
2025-07-15 17:56:54.700   [main] DEBUG i.g.n.aerial.configure.AerialStarterAutoConfigure - The auto configuration for [aerial-starter] initiated
2025-07-15 17:56:54.701   [main] DEBUG i.g.n.aerial.configure.AerialWebSocketConfigure - The auto configuration for [web-socket] initiated
2025-07-15 17:56:54.917   [main] DEBUG i.g.n.aerial.configure.AerialDjisdkAutoConfigure - The auto configuration for [aerial-djisdk] initiated
2025-07-15 17:56:54.926   [main] DEBUG i.g.n.aerial.configure.AerialMqttAutoConfigure - The auto configuration for [aerial-mqtt] initiated
2025-07-15 17:56:54.972   [main] DEBUG i.g.n.a.configure.AerialWebSocketAutoConfigure - The auto configuration for [aerial-webSocket] initiated
2025-07-15 17:56:55.044   [main] DEBUG i.github.nicheengine.aerial.router.MqttDrcUpRouter - The mqtt drc-up router for [router@/drc/up] initiated
2025-07-15 17:56:55.046   [main] DEBUG i.g.nicheengine.aerial.router.MqttEventsRouter - The mqtt events router for [router@/events] initiated
2025-07-15 17:56:55.049   [main] DEBUG i.g.nicheengine.aerial.router.MqttMessageRouter - The mqtt message router for [router@/message] initiated
2025-07-15 17:56:55.062   [main] DEBUG io.github.nicheengine.aerial.router.MqttOsdRouter - The mqtt osd router for [router@/osd] initiated
2025-07-15 17:56:55.064   [main] DEBUG i.g.nicheengine.aerial.router.MqttPropertySetReply - The mqtt property set router for [router@/propertySet/reply] initiated
2025-07-15 17:56:55.065   [main] DEBUG i.g.nicheengine.aerial.router.MqttRequestsRouter - The mqtt requests router for [router@/requests] initiated
2025-07-15 17:56:55.067   [main] DEBUG i.g.nicheengine.aerial.router.MqttServicesReply - The mqtt services-reply router for [router@/services/reply] initiated
2025-07-15 17:56:55.069   [main] DEBUG i.github.nicheengine.aerial.router.MqttStateRouter - The mqtt state router for [router@/state] initiated
2025-07-15 17:56:55.071   [main] DEBUG i.g.nicheengine.aerial.router.MqttStatusRouter - The mqtt status router for [router@/status] initiated
2025-07-15 17:56:55.077   [main] DEBUG io.github.nichetoolkit.rest.worker.jwt.JwtWorker - The jwt        properties: {"enabled":true,"algorithm":"HS256","secret":"ICBwpv3gDQLfdrtTuek5wtQ","kid":"","issuer":"io.github.nicheengine","audiences":[],"expireTime":0,"expireUnit":"MILLIS","issuedDelayTime":0,"issuedDelayUnit":"MILLIS","notBeforeEnabled":false}
2025-07-15 17:56:55.080   [main] DEBUG io.github.nichetoolkit.rest.worker.sha.ShaWorker - The sha        properties: {"enabled":true,"secret":"ZbqWif8ZSnjWQS5iznqXcUoKEjAV4sqJVLtV2XoeUDkGe3vPe8mAL3PhdulCRaPQxI46V86kzmf97UeigGk","algorithm":3}
2025-07-15 17:56:55.091   [main] DEBUG i.g.n.rest.configure.RestHttpAutoConfigure - the auto configuration for [okHttp3] rest template initiated!
2025-07-15 17:56:55.118   [main] DEBUG i.g.n.rest.configure.RestHttpAutoConfigure - The http       properties: {"enabled":true,"connectTimeout":2000,"readTimeout":30000,"requestTimeout":200,"maxCoreSize":5,"maxIdleSize":10,"httpType":"okHttp3","charset":"UTF-8","encodingMode":"NONE","retryTimes":0,"keepAliveHosts":null,"keepAliveTime":600000,"proxy":{"type":"socks","hostname":"","port":null}}
2025-07-15 17:56:55.138   [main] DEBUG i.g.nichetoolkit.rest.identity.IdentityFactory - The identity   properties: {"enabled":true,"type":"CONFIG","config":{"workerId":1,"centerId":2,"sequence":1},"server":{"sequence":1,"url":null,"api":null}}
2025-07-15 17:56:55.258   [main] WARN  o.s.b.w.s.c.AnnotationConfigServletWebServerApplicationContext - Exception encountered during context initialization - cancelling refresh attempt: org.springframework.beans.factory.BeanCreationException: Error creating bean with name 'stompWebSocketHandlerMapping' defined in class path resource [org/springframework/web/socket/config/annotation/DelegatingWebSocketMessageBrokerConfiguration.class]: Bean instantiation via factory method failed; nested exception is org.springframework.beans.BeanInstantiationException: Failed to instantiate [org.springframework.web.servlet.HandlerMapping]: Factory method 'stompWebSocketHandlerMapping' threw exception; nested exception is java.lang.IllegalArgumentException: No paths specified
2025-07-15 17:56:55.269   [main] INFO  org.apache.catalina.core.StandardService - Stopping service [Tomcat]
2025-07-15 17:56:55.276   [main] INFO  o.s.b.a.l.ConditionEvaluationReportLoggingListener - 

Error starting ApplicationContext. To display the conditions report re-run your application with 'debug' enabled.
2025-07-15 17:56:55.290   [main] ERROR org.springframework.boot.SpringApplication - Application run failed
org.springframework.beans.factory.BeanCreationException: Error creating bean with name 'stompWebSocketHandlerMapping' defined in class path resource [org/springframework/web/socket/config/annotation/DelegatingWebSocketMessageBrokerConfiguration.class]: Bean instantiation via factory method failed; nested exception is org.springframework.beans.BeanInstantiationException: Failed to instantiate [org.springframework.web.servlet.HandlerMapping]: Factory method 'stompWebSocketHandlerMapping' threw exception; nested exception is java.lang.IllegalArgumentException: No paths specified
	at org.springframework.beans.factory.support.ConstructorResolver.instantiate(ConstructorResolver.java:646)
	at org.springframework.beans.factory.support.ConstructorResolver.instantiateUsingFactoryMethod(ConstructorResolver.java:626)
	at org.springframework.beans.factory.support.AbstractAutowireCapableBeanFactory.instantiateUsingFactoryMethod(AbstractAutowireCapableBeanFactory.java:1352)
	at org.springframework.beans.factory.support.AbstractAutowireCapableBeanFactory.createBeanInstance(AbstractAutowireCapableBeanFactory.java:1195)
	at org.springframework.beans.factory.support.AbstractAutowireCapableBeanFactory.doCreateBean(AbstractAutowireCapableBeanFactory.java:582)
	at org.springframework.beans.factory.support.AbstractAutowireCapableBeanFactory.createBean(AbstractAutowireCapableBeanFactory.java:542)
	at org.springframework.beans.factory.support.AbstractBeanFactory.lambda$doGetBean$0(AbstractBeanFactory.java:336)
	at org.springframework.beans.factory.support.DefaultSingletonBeanRegistry.getSingleton(DefaultSingletonBeanRegistry.java:234)
	at org.springframework.beans.factory.support.AbstractBeanFactory.doGetBean(AbstractBeanFactory.java:334)
	at org.springframework.beans.factory.support.AbstractBeanFactory.getBean(AbstractBeanFactory.java:209)
	at org.springframework.beans.factory.support.DefaultListableBeanFactory.preInstantiateSingletons(DefaultListableBeanFactory.java:955)
	at org.springframework.context.support.AbstractApplicationContext.finishBeanFactoryInitialization(AbstractApplicationContext.java:932)
	at org.springframework.context.support.AbstractApplicationContext.refresh(AbstractApplicationContext.java:591)
	at org.springframework.boot.web.servlet.context.ServletWebServerApplicationContext.refresh(ServletWebServerApplicationContext.java:147)
	at org.springframework.boot.SpringApplication.refresh(SpringApplication.java:732)
	at org.springframework.boot.SpringApplication.refreshContext(SpringApplication.java:409)
	at org.springframework.boot.SpringApplication.run(SpringApplication.java:308)
	at org.springframework.boot.SpringApplication.run(SpringApplication.java:1300)
	at org.springframework.boot.SpringApplication.run(SpringApplication.java:1289)
	at io.github.nicheengine.aerial.AerialEngineServerApplication.main(AerialEngineServerApplication.java:14)
Caused by: org.springframework.beans.BeanInstantiationException: Failed to instantiate [org.springframework.web.servlet.HandlerMapping]: Factory method 'stompWebSocketHandlerMapping' threw exception; nested exception is java.lang.IllegalArgumentException: No paths specified
	at org.springframework.beans.factory.support.SimpleInstantiationStrategy.instantiate(SimpleInstantiationStrategy.java:185)
	at org.springframework.beans.factory.support.ConstructorResolver.instantiate(ConstructorResolver.java:641)
	... 19 common frames omitted
Caused by: java.lang.IllegalArgumentException: No paths specified
	at org.springframework.util.Assert.notEmpty(Assert.java:378)
	at org.springframework.web.socket.config.annotation.WebMvcStompWebSocketEndpointRegistration.<init>(WebMvcStompWebSocketEndpointRegistration.java:70)
	at org.springframework.web.socket.config.annotation.WebMvcStompEndpointRegistry.addEndpoint(WebMvcStompEndpointRegistry.java:104)
	at io.github.nicheengine.aerial.configure.AerialWebSocketAutoConfigure.registerStompEndpoints(AerialWebSocketAutoConfigure.java:65)
	at org.springframework.web.socket.config.annotation.DelegatingWebSocketMessageBrokerConfiguration.registerStompEndpoints(DelegatingWebSocketMessageBrokerConfiguration.java:60)
	at org.springframework.web.socket.config.annotation.WebSocketMessageBrokerConfigurationSupport.stompWebSocketHandlerMapping(WebSocketMessageBrokerConfigurationSupport.java:92)
	at sun.reflect.NativeMethodAccessorImpl.invoke0(Native Method)
	at sun.reflect.NativeMethodAccessorImpl.invoke(NativeMethodAccessorImpl.java:62)
	at sun.reflect.DelegatingMethodAccessorImpl.invoke(DelegatingMethodAccessorImpl.java:43)
	at java.lang.reflect.Method.invoke(Method.java:498)
	at org.springframework.beans.factory.support.SimpleInstantiationStrategy.instantiate(SimpleInstantiationStrategy.java:154)
	... 20 common frames omitted
2025-07-15 18:02:08.710   [background-preinit] INFO  org.hibernate.validator.internal.util.Version - HV000001: Hibernate Validator 6.2.5.Final
2025-07-15 18:02:08.724   [main] DEBUG i.g.n.rest.holder.ApplicationContextHolder - The application context holder has be initiated
2025-07-15 18:02:08.725   [main] DEBUG i.g.nichetoolkit.rest.holder.MessageSourceHolder - The message source context holder has be initiated
2025-07-15 18:02:08.731   [main] INFO  i.g.n.aerial.AerialEngineServerApplication - Starting AerialEngineServerApplication using Java 1.8.0_432 on Cyan with PID 11096 (F:\GitHubWorkspaces\NicheEngine\aerial-engine-server\aerial-engine-server\target\classes started by Snow in F:\GitHubWorkspaces\NicheEngine\aerial-engine-server)
2025-07-15 18:02:08.732   [main] DEBUG i.g.n.aerial.AerialEngineServerApplication - Running with Spring Boot v2.7.18, Spring v5.3.39
2025-07-15 18:02:08.733   [main] INFO  i.g.n.aerial.AerialEngineServerApplication - The following 1 profile is active: "dev"
2025-07-15 18:02:08.791   [main] DEBUG i.g.n.rest.holder.BeanDefinitionRegistryHolder - The bean definition registry holder has be initiated
2025-07-15 18:02:09.797   [main] INFO  o.s.d.r.config.RepositoryConfigurationDelegate - Multiple Spring Data modules found, entering strict repository configuration mode
2025-07-15 18:02:09.799   [main] INFO  o.s.d.r.config.RepositoryConfigurationDelegate - Bootstrapping Spring Data Redis repositories in DEFAULT mode.
2025-07-15 18:02:09.814   [main] INFO  o.s.d.r.config.RepositoryConfigurationDelegate - Finished Spring Data repository scanning in 4 ms. Found 0 Redis repository interfaces.
2025-07-15 18:02:09.954   [main] INFO  o.s.d.r.config.RepositoryConfigurationDelegate - Multiple Spring Data modules found, entering strict repository configuration mode
2025-07-15 18:02:09.954   [main] INFO  o.s.d.r.config.RepositoryConfigurationDelegate - Bootstrapping Spring Data Redis repositories in DEFAULT mode.
2025-07-15 18:02:10.066   [main] INFO  o.s.d.r.config.RepositoryConfigurationDelegate - Finished Spring Data repository scanning in 111 ms. Found 0 Redis repository interfaces.
2025-07-15 18:02:10.221   [main] INFO  o.s.i.c.DefaultConfiguringBeanFactoryPostProcessor - No bean named 'errorChannel' has been explicitly defined. Therefore, a default PublishSubscribeChannel will be created.
2025-07-15 18:02:10.227   [main] INFO  o.s.i.c.DefaultConfiguringBeanFactoryPostProcessor - No bean named 'integrationHeaderChannelRegistry' has been explicitly defined. Therefore, a default DefaultHeaderChannelRegistry will be created.
2025-07-15 18:02:10.236   [main] DEBUG i.g.n.rest.holder.ListableBeanFactoryHolder - The listable bean factory holder has be initiated
2025-07-15 18:02:10.548   [main] DEBUG i.g.n.rest.configure.RestI18nAutoConfigure - The auto configuration for [rest-i18n] initiated
2025-07-15 18:02:10.551   [main] DEBUG i.g.nichetoolkit.rest.holder.MessageSourceHolder - The message source context holder has be refreshed
2025-07-15 18:02:10.703   [main] INFO  o.s.boot.web.embedded.tomcat.TomcatWebServer - Tomcat initialized with port(s): 8080 (http)
2025-07-15 18:02:10.707   [main] INFO  org.apache.coyote.http11.Http11NioProtocol - Initializing ProtocolHandler ["http-nio-8080"]
2025-07-15 18:02:10.707   [main] INFO  org.apache.catalina.core.StandardService - Starting service [Tomcat]
2025-07-15 18:02:10.707   [main] INFO  org.apache.catalina.core.StandardEngine - Starting Servlet engine: [Apache Tomcat/9.0.90]
2025-07-15 18:02:10.793   [main] INFO  o.a.c.core.ContainerBase.[Tomcat].[localhost].[/] - Initializing Spring embedded WebApplicationContext
2025-07-15 18:02:10.794   [main] INFO  o.s.b.w.s.c.ServletWebServerApplicationContext - Root WebApplicationContext: initialization completed in 2016 ms
2025-07-15 18:02:10.853   [main] DEBUG i.g.nichetoolkit.rest.logback.DefaultLogbackFilter - Filter 'defaultLogbackFilter' configured for use
2025-07-15 18:02:10.853   [main] DEBUG i.g.n.rice.defaults.DefaultAccessTokenFilter - Filter 'defaultAccessTokenFilter' configured for use
2025-07-15 18:02:10.860   [main] DEBUG i.g.n.ossfile.configure.OssfileCoreAutoConfigure - The auto configuration for [ossfile-core] initiated
2025-07-15 18:02:10.875   [main] DEBUG i.g.n.rest.configure.RestUtilsAutoConfigure - The auto configuration for [rest-utils] initiated
2025-07-15 18:02:10.876   [main] DEBUG i.g.n.rest.configure.RestCoreAutoConfigure - The auto configuration for [rest-core] initiated
2025-07-15 18:02:10.888   [main] DEBUG i.g.n.rest.configure.RestInterceptAutoConfigure - The auto configuration for [rest-intercept] initiated
2025-07-15 18:02:11.075   [main] DEBUG i.g.n.aerial.configure.DatasourceAutoConfigure - the auto configuration for [datasource] rest template initiated
2025-07-15 18:02:11.113   [main] WARN  org.mybatis.spring.SqlSessionFactoryBean - Property 'mapperLocations' was specified but matching resources are not found.
2025-07-15 18:02:11.117   [main] DEBUG io.github.nichetoolkit.rest.util.LoggerUtils - The fitter bean of [io.github.nichetoolkit.mybatis.holder.RestSqlSessionHolder] type for named 'restSqlSessionHolder' has be initiated.
2025-07-15 18:02:11.162   [main] INFO  i.github.nichetoolkit.mybatis.MybatisContextHolder - [MybatisContextHolder] > afterPropertiesSet: {"catalog":null,"schema":null,"updateLogic":false,"useLogic":true,"useOperate":false,"useLazyInit":false,"excludeUnused":true,"sqlScriptShow":true,"mysqlIgnoreInsert":false,"datetimeNow":"now()","databaseType":"postgresql","styleType":"lowerUnderline","excludedType":"EXCLUDED","properties":{},"excludes":null,"ignores":null,"selectIgnores":null,"insertIgnores":null,"updateIgnores":null,"unuseds":["operate"]}
2025-07-15 18:02:11.362   [main] DEBUG io.github.nichetoolkit.ossfile.OssfileStoreHolder - There are 1 store service beans has been initiated.
2025-07-15 18:02:11.362   [main] DEBUG i.github.nichetoolkit.rest.DefaultControllerAdvice - There are 4 fulfilled fitter beans has be initiated.
2025-07-15 18:02:11.380   [main] DEBUG i.g.n.rice.configure.RiceStarterAutoConfigure - The auto configuration for [rice-starter] initiated
2025-07-15 18:02:11.381   [main] DEBUG i.g.n.rice.configure.RiceContextAutoConfigure - The auto configuration for [rice-context] initiated
2025-07-15 18:02:11.402   [main] DEBUG i.g.n.rest.configure.RestHttpAutoConfigure - The auto configuration for [rest-http] initiated
2025-07-15 18:02:11.403   [main] DEBUG i.g.n.rest.configure.RestIdentityAutoConfigure - The auto configuration for [rest-identity] initiated
2025-07-15 18:02:11.407   [main] DEBUG i.g.n.rest.configure.RestLogbackAutoConfigure - The auto configuration for [rest-logback] initiated
2025-07-15 18:02:11.408   [main] DEBUG i.g.n.rest.configure.RestStarterAutoConfigure - The auto configuration for [rest-starter] initiated
2025-07-15 18:02:11.409   [main] DEBUG i.g.n.rice.configure.RiceCoreAutoConfigure - The auto configuration for [rice-core] initiated
2025-07-15 18:02:11.409   [main] DEBUG i.g.n.mybatis.configure.RiceMybatisAutoConfigure - The auto configuration for [rice-mybatis] initiated
2025-07-15 18:02:11.409   [main] DEBUG i.g.n.mybatis.configure.MybatisMapperAutoConfigure - The auto configuration for [mybatis-mapper] initiated
2025-07-15 18:02:11.424   [main] DEBUG i.g.n.m.configure.MybatisStarterAutoConfigure - The auto configuration for [mybatis-starter] initiated
2025-07-15 18:02:11.464   [main] DEBUG i.g.n.m.configure.MybatisContextAutoConfigure - The auto configuration for [mybatis-context] initiated
2025-07-15 18:02:11.464   [main] DEBUG i.g.n.mybatis.configure.MybatisCoreAutoConfigure - The auto configuration for [mybatis-core] initiated
2025-07-15 18:02:11.466   [main] DEBUG i.g.n.ossfile.configure.OssfileMinioAutoConfigure - The auto configuration for [ossfile-minio] initiated
2025-07-15 18:02:11.471   [main] DEBUG i.g.n.aerial.configure.AerialServerAutoConfigure - The auto configuration for [aerial-server] initiated
2025-07-15 18:02:11.473   [main] DEBUG i.g.n.aerial.configure.AerialThreadPoolConfigure - The auto configuration for [thread-pool] initiated
2025-07-15 18:02:11.477   [main] DEBUG i.g.n.aerial.configure.AerialMqttChannelConfigure - The auto configuration for [mqtt-channel] initiated
2025-07-15 18:02:11.477   [main] DEBUG i.g.n.aerial.configure.AerialRedisAutoConfigure - The auto configuration for [aerial-redis] initiated
2025-07-15 18:02:11.478   [main] DEBUG i.g.n.aerial.configure.AerialStarterAutoConfigure - The auto configuration for [aerial-starter] initiated
2025-07-15 18:02:11.478   [main] DEBUG i.g.n.aerial.configure.AerialWebSocketConfigure - The auto configuration for [web-socket] initiated
2025-07-15 18:02:11.694   [main] DEBUG i.g.n.aerial.configure.AerialDjisdkAutoConfigure - The auto configuration for [aerial-djisdk] initiated
2025-07-15 18:02:11.703   [main] DEBUG i.g.n.aerial.configure.AerialMqttAutoConfigure - The auto configuration for [aerial-mqtt] initiated
2025-07-15 18:02:11.751   [main] DEBUG i.g.n.a.configure.AerialWebSocketAutoConfigure - The auto configuration for [aerial-webSocket] initiated
2025-07-15 18:02:11.821   [main] DEBUG i.github.nicheengine.aerial.router.MqttDrcUpRouter - The mqtt drc-up router for [router@/drc/up] initiated
2025-07-15 18:02:11.822   [main] DEBUG i.g.nicheengine.aerial.router.MqttEventsRouter - The mqtt events router for [router@/events] initiated
2025-07-15 18:02:11.824   [main] DEBUG i.g.nicheengine.aerial.router.MqttMessageRouter - The mqtt message router for [router@/message] initiated
2025-07-15 18:02:11.830   [main] DEBUG io.github.nicheengine.aerial.router.MqttOsdRouter - The mqtt osd router for [router@/osd] initiated
2025-07-15 18:02:11.831   [main] DEBUG i.g.nicheengine.aerial.router.MqttPropertySetReply - The mqtt property set router for [router@/propertySet/reply] initiated
2025-07-15 18:02:11.831   [main] DEBUG i.g.nicheengine.aerial.router.MqttRequestsRouter - The mqtt requests router for [router@/requests] initiated
2025-07-15 18:02:11.833   [main] DEBUG i.g.nicheengine.aerial.router.MqttServicesReply - The mqtt services-reply router for [router@/services/reply] initiated
2025-07-15 18:02:11.834   [main] DEBUG i.github.nicheengine.aerial.router.MqttStateRouter - The mqtt state router for [router@/state] initiated
2025-07-15 18:02:11.835   [main] DEBUG i.g.nicheengine.aerial.router.MqttStatusRouter - The mqtt status router for [router@/status] initiated
2025-07-15 18:02:11.840   [main] DEBUG io.github.nichetoolkit.rest.worker.jwt.JwtWorker - The jwt        properties: {"enabled":true,"algorithm":"HS256","secret":"ICBwpv3gDQLfdrtTuek5wtQ","kid":"","issuer":"io.github.nicheengine","audiences":[],"expireTime":0,"expireUnit":"MILLIS","issuedDelayTime":0,"issuedDelayUnit":"MILLIS","notBeforeEnabled":false}
2025-07-15 18:02:11.843   [main] DEBUG io.github.nichetoolkit.rest.worker.sha.ShaWorker - The sha        properties: {"enabled":true,"secret":"ZbqWif8ZSnjWQS5iznqXcUoKEjAV4sqJVLtV2XoeUDkGe3vPe8mAL3PhdulCRaPQxI46V86kzmf97UeigGk","algorithm":3}
2025-07-15 18:02:11.852   [main] DEBUG i.g.n.rest.configure.RestHttpAutoConfigure - the auto configuration for [okHttp3] rest template initiated!
2025-07-15 18:02:11.880   [main] DEBUG i.g.n.rest.configure.RestHttpAutoConfigure - The http       properties: {"enabled":true,"connectTimeout":2000,"readTimeout":30000,"requestTimeout":200,"maxCoreSize":5,"maxIdleSize":10,"httpType":"okHttp3","charset":"UTF-8","encodingMode":"NONE","retryTimes":0,"keepAliveHosts":null,"keepAliveTime":600000,"proxy":{"type":"socks","hostname":"","port":null}}
2025-07-15 18:02:11.894   [main] DEBUG i.g.nichetoolkit.rest.identity.IdentityFactory - The identity   properties: {"enabled":true,"type":"CONFIG","config":{"workerId":1,"centerId":2,"sequence":1},"server":{"sequence":1,"url":null,"api":null}}
2025-07-15 18:02:12.422   [main] ERROR org.mybatis.spring.mapper.MapperFactoryBean - Error while adding the mapper 'interface io.github.nichetoolkit.mybatis.MybatisTableMapper' to configuration.
org.apache.ibatis.builder.BuilderException: Error creating SqlSource for SqlProvider.  Cause: java.lang.NullPointerException
	at org.apache.ibatis.builder.annotation.ProviderSqlSource.<init>(ProviderSqlSource.java:134)
	at org.apache.ibatis.builder.annotation.MapperAnnotationBuilder.buildSqlSource(MapperAnnotationBuilder.java:587)
	at org.apache.ibatis.builder.annotation.MapperAnnotationBuilder.lambda$parseStatement$2(MapperAnnotationBuilder.java:287)
	at java.util.Optional.ifPresent(Optional.java:159)
	at org.apache.ibatis.builder.annotation.MapperAnnotationBuilder.parseStatement(MapperAnnotationBuilder.java:286)
	at org.apache.ibatis.builder.annotation.MapperAnnotationBuilder.parse(MapperAnnotationBuilder.java:131)
	at org.apache.ibatis.binding.MapperRegistry.addMapper(MapperRegistry.java:72)
	at org.apache.ibatis.session.Configuration.addMapper(Configuration.java:936)
	at org.mybatis.spring.mapper.MapperFactoryBean.checkDaoConfig(MapperFactoryBean.java:80)
	at org.springframework.dao.support.DaoSupport.afterPropertiesSet(DaoSupport.java:44)
	at org.springframework.beans.factory.support.AbstractAutowireCapableBeanFactory.invokeInitMethods(AbstractAutowireCapableBeanFactory.java:1863)
	at org.springframework.beans.factory.support.AbstractAutowireCapableBeanFactory.initializeBean(AbstractAutowireCapableBeanFactory.java:1800)
	at org.springframework.beans.factory.support.AbstractAutowireCapableBeanFactory.doCreateBean(AbstractAutowireCapableBeanFactory.java:620)
	at org.springframework.beans.factory.support.AbstractAutowireCapableBeanFactory.createBean(AbstractAutowireCapableBeanFactory.java:542)
	at org.springframework.beans.factory.support.AbstractBeanFactory.lambda$doGetBean$0(AbstractBeanFactory.java:336)
	at org.springframework.beans.factory.support.DefaultSingletonBeanRegistry.getSingleton(DefaultSingletonBeanRegistry.java:234)
	at org.springframework.beans.factory.support.AbstractBeanFactory.doGetBean(AbstractBeanFactory.java:334)
	at org.springframework.beans.factory.support.AbstractBeanFactory.getBean(AbstractBeanFactory.java:209)
	at org.springframework.beans.factory.support.DefaultListableBeanFactory.preInstantiateSingletons(DefaultListableBeanFactory.java:936)
	at org.springframework.context.support.AbstractApplicationContext.finishBeanFactoryInitialization(AbstractApplicationContext.java:932)
	at org.springframework.context.support.AbstractApplicationContext.refresh(AbstractApplicationContext.java:591)
	at org.springframework.boot.web.servlet.context.ServletWebServerApplicationContext.refresh(ServletWebServerApplicationContext.java:147)
	at org.springframework.boot.SpringApplication.refresh(SpringApplication.java:732)
	at org.springframework.boot.SpringApplication.refreshContext(SpringApplication.java:409)
	at org.springframework.boot.SpringApplication.run(SpringApplication.java:308)
	at org.springframework.boot.SpringApplication.run(SpringApplication.java:1300)
	at org.springframework.boot.SpringApplication.run(SpringApplication.java:1289)
	at io.github.nicheengine.aerial.AerialEngineServerApplication.main(AerialEngineServerApplication.java:14)
Caused by: java.lang.NullPointerException: null
	at io.github.nichetoolkit.mybatis.MybatisSqlProviderHolder.defaultDatabaseType(MybatisSqlProviderHolder.java:135)
	at io.github.nichetoolkit.mybatis.MybatisSqlProviderResolver.resolveMethod(MybatisSqlProviderResolver.java:61)
	at org.apache.ibatis.builder.annotation.ProviderSqlSource.<init>(ProviderSqlSource.java:114)
	... 27 common frames omitted
2025-07-15 18:02:12.423   [main] WARN  o.s.b.w.s.c.AnnotationConfigServletWebServerApplicationContext - Exception encountered during context initialization - cancelling refresh attempt: org.springframework.beans.factory.BeanCreationException: Error creating bean with name 'mybatisTableMapper' defined in URL [jar:file:/D:/Maven/LocalWarehouse/io/github/nichetoolkit/mybatis-toolkit-starter/1.1.2-SNAPSHOT/mybatis-toolkit-starter-1.1.2-SNAPSHOT.jar!/io/github/nichetoolkit/mybatis/MybatisTableMapper.class]: Invocation of init method failed; nested exception is java.lang.IllegalArgumentException: org.apache.ibatis.builder.BuilderException: Error creating SqlSource for SqlProvider.  Cause: java.lang.NullPointerException
2025-07-15 18:02:12.442   [main] INFO  org.apache.catalina.core.StandardService - Stopping service [Tomcat]
2025-07-15 18:02:12.451   [main] INFO  o.s.b.a.l.ConditionEvaluationReportLoggingListener - 

Error starting ApplicationContext. To display the conditions report re-run your application with 'debug' enabled.
2025-07-15 18:02:12.465   [main] ERROR org.springframework.boot.SpringApplication - Application run failed
org.springframework.beans.factory.BeanCreationException: Error creating bean with name 'mybatisTableMapper' defined in URL [jar:file:/D:/Maven/LocalWarehouse/io/github/nichetoolkit/mybatis-toolkit-starter/1.1.2-SNAPSHOT/mybatis-toolkit-starter-1.1.2-SNAPSHOT.jar!/io/github/nichetoolkit/mybatis/MybatisTableMapper.class]: Invocation of init method failed; nested exception is java.lang.IllegalArgumentException: org.apache.ibatis.builder.BuilderException: Error creating SqlSource for SqlProvider.  Cause: java.lang.NullPointerException
	at org.springframework.beans.factory.support.AbstractAutowireCapableBeanFactory.initializeBean(AbstractAutowireCapableBeanFactory.java:1804)
	at org.springframework.beans.factory.support.AbstractAutowireCapableBeanFactory.doCreateBean(AbstractAutowireCapableBeanFactory.java:620)
	at org.springframework.beans.factory.support.AbstractAutowireCapableBeanFactory.createBean(AbstractAutowireCapableBeanFactory.java:542)
	at org.springframework.beans.factory.support.AbstractBeanFactory.lambda$doGetBean$0(AbstractBeanFactory.java:336)
	at org.springframework.beans.factory.support.DefaultSingletonBeanRegistry.getSingleton(DefaultSingletonBeanRegistry.java:234)
	at org.springframework.beans.factory.support.AbstractBeanFactory.doGetBean(AbstractBeanFactory.java:334)
	at org.springframework.beans.factory.support.AbstractBeanFactory.getBean(AbstractBeanFactory.java:209)
	at org.springframework.beans.factory.support.DefaultListableBeanFactory.preInstantiateSingletons(DefaultListableBeanFactory.java:936)
	at org.springframework.context.support.AbstractApplicationContext.finishBeanFactoryInitialization(AbstractApplicationContext.java:932)
	at org.springframework.context.support.AbstractApplicationContext.refresh(AbstractApplicationContext.java:591)
	at org.springframework.boot.web.servlet.context.ServletWebServerApplicationContext.refresh(ServletWebServerApplicationContext.java:147)
	at org.springframework.boot.SpringApplication.refresh(SpringApplication.java:732)
	at org.springframework.boot.SpringApplication.refreshContext(SpringApplication.java:409)
	at org.springframework.boot.SpringApplication.run(SpringApplication.java:308)
	at org.springframework.boot.SpringApplication.run(SpringApplication.java:1300)
	at org.springframework.boot.SpringApplication.run(SpringApplication.java:1289)
	at io.github.nicheengine.aerial.AerialEngineServerApplication.main(AerialEngineServerApplication.java:14)
Caused by: java.lang.IllegalArgumentException: org.apache.ibatis.builder.BuilderException: Error creating SqlSource for SqlProvider.  Cause: java.lang.NullPointerException
	at org.mybatis.spring.mapper.MapperFactoryBean.checkDaoConfig(MapperFactoryBean.java:83)
	at org.springframework.dao.support.DaoSupport.afterPropertiesSet(DaoSupport.java:44)
	at org.springframework.beans.factory.support.AbstractAutowireCapableBeanFactory.invokeInitMethods(AbstractAutowireCapableBeanFactory.java:1863)
	at org.springframework.beans.factory.support.AbstractAutowireCapableBeanFactory.initializeBean(AbstractAutowireCapableBeanFactory.java:1800)
	... 16 common frames omitted
Caused by: org.apache.ibatis.builder.BuilderException: Error creating SqlSource for SqlProvider.  Cause: java.lang.NullPointerException
	at org.apache.ibatis.builder.annotation.ProviderSqlSource.<init>(ProviderSqlSource.java:134)
	at org.apache.ibatis.builder.annotation.MapperAnnotationBuilder.buildSqlSource(MapperAnnotationBuilder.java:587)
	at org.apache.ibatis.builder.annotation.MapperAnnotationBuilder.lambda$parseStatement$2(MapperAnnotationBuilder.java:287)
	at java.util.Optional.ifPresent(Optional.java:159)
	at org.apache.ibatis.builder.annotation.MapperAnnotationBuilder.parseStatement(MapperAnnotationBuilder.java:286)
	at org.apache.ibatis.builder.annotation.MapperAnnotationBuilder.parse(MapperAnnotationBuilder.java:131)
	at org.apache.ibatis.binding.MapperRegistry.addMapper(MapperRegistry.java:72)
	at org.apache.ibatis.session.Configuration.addMapper(Configuration.java:936)
	at org.mybatis.spring.mapper.MapperFactoryBean.checkDaoConfig(MapperFactoryBean.java:80)
	... 19 common frames omitted
Caused by: java.lang.NullPointerException: null
	at io.github.nichetoolkit.mybatis.MybatisSqlProviderHolder.defaultDatabaseType(MybatisSqlProviderHolder.java:135)
	at io.github.nichetoolkit.mybatis.MybatisSqlProviderResolver.resolveMethod(MybatisSqlProviderResolver.java:61)
	at org.apache.ibatis.builder.annotation.ProviderSqlSource.<init>(ProviderSqlSource.java:114)
	... 27 common frames omitted
2025-07-15 18:14:32.367   [background-preinit] INFO  org.hibernate.validator.internal.util.Version - HV000001: Hibernate Validator 6.2.5.Final
2025-07-15 18:14:32.383   [main] DEBUG i.g.n.rest.holder.ApplicationContextHolder - The application context holder has be initiated
2025-07-15 18:14:32.384   [main] DEBUG i.g.nichetoolkit.rest.holder.MessageSourceHolder - The message source context holder has be initiated
2025-07-15 18:14:32.388   [main] INFO  i.g.n.aerial.AerialEngineServerApplication - Starting AerialEngineServerApplication using Java 1.8.0_432 on Cyan with PID 14700 (F:\GitHubWorkspaces\NicheEngine\aerial-engine-server\aerial-engine-server\target\classes started by Snow in F:\GitHubWorkspaces\NicheEngine\aerial-engine-server)
2025-07-15 18:14:32.388   [main] DEBUG i.g.n.aerial.AerialEngineServerApplication - Running with Spring Boot v2.7.18, Spring v5.3.39
2025-07-15 18:14:32.389   [main] INFO  i.g.n.aerial.AerialEngineServerApplication - The following 1 profile is active: "dev"
2025-07-15 18:14:32.435   [main] DEBUG i.g.n.rest.holder.BeanDefinitionRegistryHolder - The bean definition registry holder has be initiated
2025-07-15 18:14:33.496   [main] INFO  o.s.d.r.config.RepositoryConfigurationDelegate - Multiple Spring Data modules found, entering strict repository configuration mode
2025-07-15 18:14:33.497   [main] INFO  o.s.d.r.config.RepositoryConfigurationDelegate - Bootstrapping Spring Data Redis repositories in DEFAULT mode.
2025-07-15 18:14:33.511   [main] INFO  o.s.d.r.config.RepositoryConfigurationDelegate - Finished Spring Data repository scanning in 4 ms. Found 0 Redis repository interfaces.
2025-07-15 18:14:33.658   [main] INFO  o.s.d.r.config.RepositoryConfigurationDelegate - Multiple Spring Data modules found, entering strict repository configuration mode
2025-07-15 18:14:33.658   [main] INFO  o.s.d.r.config.RepositoryConfigurationDelegate - Bootstrapping Spring Data Redis repositories in DEFAULT mode.
2025-07-15 18:14:33.760   [main] INFO  o.s.d.r.config.RepositoryConfigurationDelegate - Finished Spring Data repository scanning in 101 ms. Found 0 Redis repository interfaces.
2025-07-15 18:14:33.927   [main] INFO  o.s.i.c.DefaultConfiguringBeanFactoryPostProcessor - No bean named 'errorChannel' has been explicitly defined. Therefore, a default PublishSubscribeChannel will be created.
2025-07-15 18:14:33.935   [main] INFO  o.s.i.c.DefaultConfiguringBeanFactoryPostProcessor - No bean named 'integrationHeaderChannelRegistry' has been explicitly defined. Therefore, a default DefaultHeaderChannelRegistry will be created.
2025-07-15 18:14:33.945   [main] DEBUG i.g.n.rest.holder.ListableBeanFactoryHolder - The listable bean factory holder has be initiated
2025-07-15 18:14:34.257   [main] DEBUG i.g.n.rest.configure.RestI18nAutoConfigure - The auto configuration for [rest-i18n] initiated
2025-07-15 18:14:34.263   [main] DEBUG i.g.nichetoolkit.rest.holder.MessageSourceHolder - The message source context holder has be refreshed
2025-07-15 18:14:34.405   [main] INFO  o.s.boot.web.embedded.tomcat.TomcatWebServer - Tomcat initialized with port(s): 8080 (http)
2025-07-15 18:14:34.410   [main] INFO  org.apache.coyote.http11.Http11NioProtocol - Initializing ProtocolHandler ["http-nio-8080"]
2025-07-15 18:14:34.410   [main] INFO  org.apache.catalina.core.StandardService - Starting service [Tomcat]
2025-07-15 18:14:34.411   [main] INFO  org.apache.catalina.core.StandardEngine - Starting Servlet engine: [Apache Tomcat/9.0.90]
2025-07-15 18:14:35.973   [main] INFO  o.a.c.core.ContainerBase.[Tomcat].[localhost].[/] - Initializing Spring embedded WebApplicationContext
2025-07-15 18:14:35.975   [main] INFO  o.s.b.w.s.c.ServletWebServerApplicationContext - Root WebApplicationContext: initialization completed in 3551 ms
2025-07-15 18:14:36.029   [main] DEBUG i.g.nichetoolkit.rest.logback.DefaultLogbackFilter - Filter 'defaultLogbackFilter' configured for use
2025-07-15 18:14:36.029   [main] DEBUG i.g.n.rice.defaults.DefaultAccessTokenFilter - Filter 'defaultAccessTokenFilter' configured for use
2025-07-15 18:14:36.035   [main] DEBUG i.g.n.ossfile.configure.OssfileCoreAutoConfigure - The auto configuration for [ossfile-core] initiated
2025-07-15 18:14:36.050   [main] DEBUG i.g.n.rest.configure.RestUtilsAutoConfigure - The auto configuration for [rest-utils] initiated
2025-07-15 18:14:36.051   [main] DEBUG i.g.n.rest.configure.RestCoreAutoConfigure - The auto configuration for [rest-core] initiated
2025-07-15 18:14:36.065   [main] DEBUG i.g.n.rest.configure.RestInterceptAutoConfigure - The auto configuration for [rest-intercept] initiated
2025-07-15 18:14:36.242   [main] DEBUG i.g.n.aerial.configure.DatasourceAutoConfigure - the auto configuration for [datasource] rest template initiated
2025-07-15 18:14:36.281   [main] WARN  org.mybatis.spring.SqlSessionFactoryBean - Property 'mapperLocations' was specified but matching resources are not found.
2025-07-15 18:14:36.284   [main] DEBUG io.github.nichetoolkit.rest.util.LoggerUtils - The fitter bean of [io.github.nichetoolkit.mybatis.holder.RestSqlSessionHolder] type for named 'restSqlSessionHolder' has be initiated.
2025-07-15 18:14:36.377   [main] INFO  i.github.nichetoolkit.mybatis.MybatisContextHolder - [MybatisContextHolder] > afterPropertiesSet: {"catalog":null,"schema":null,"updateLogic":false,"useLogic":true,"useOperate":false,"useLazyInit":false,"excludeUnused":true,"sqlScriptShow":true,"mysqlIgnoreInsert":false,"datetimeNow":"now()","databaseType":"postgresql","styleType":"lowerUnderline","excludedType":"EXCLUDED","properties":{},"excludes":null,"ignores":null,"selectIgnores":null,"insertIgnores":null,"updateIgnores":null,"unuseds":["operate"]}
2025-07-15 18:14:36.696   [main] DEBUG io.github.nichetoolkit.ossfile.OssfileStoreHolder - There are 1 store service beans has been initiated.
2025-07-15 18:14:36.696   [main] DEBUG i.github.nichetoolkit.rest.DefaultControllerAdvice - There are 5 fulfilled fitter beans has be initiated.
2025-07-15 18:14:36.716   [main] DEBUG i.g.n.rice.configure.RiceStarterAutoConfigure - The auto configuration for [rice-starter] initiated
2025-07-15 18:14:36.718   [main] DEBUG i.g.n.rice.configure.RiceContextAutoConfigure - The auto configuration for [rice-context] initiated
2025-07-15 18:14:36.738   [main] DEBUG i.g.n.rest.configure.RestHttpAutoConfigure - The auto configuration for [rest-http] initiated
2025-07-15 18:14:36.738   [main] DEBUG i.g.n.rest.configure.RestIdentityAutoConfigure - The auto configuration for [rest-identity] initiated
2025-07-15 18:14:36.742   [main] DEBUG i.g.n.rest.configure.RestLogbackAutoConfigure - The auto configuration for [rest-logback] initiated
2025-07-15 18:14:36.742   [main] DEBUG i.g.n.rest.configure.RestStarterAutoConfigure - The auto configuration for [rest-starter] initiated
2025-07-15 18:14:36.742   [main] DEBUG i.g.n.rice.configure.RiceCoreAutoConfigure - The auto configuration for [rice-core] initiated
2025-07-15 18:14:36.743   [main] DEBUG i.g.n.mybatis.configure.RiceMybatisAutoConfigure - The auto configuration for [rice-mybatis] initiated
2025-07-15 18:14:36.743   [main] DEBUG i.g.n.mybatis.configure.MybatisMapperAutoConfigure - The auto configuration for [mybatis-mapper] initiated
2025-07-15 18:14:36.757   [main] DEBUG i.g.n.m.configure.MybatisStarterAutoConfigure - The auto configuration for [mybatis-starter] initiated
2025-07-15 18:14:36.758   [main] DEBUG i.g.n.m.configure.MybatisContextAutoConfigure - The auto configuration for [mybatis-context] initiated
2025-07-15 18:14:36.759   [main] DEBUG i.g.n.mybatis.configure.MybatisCoreAutoConfigure - The auto configuration for [mybatis-core] initiated
2025-07-15 18:14:36.759   [main] DEBUG i.g.n.ossfile.configure.OssfileMinioAutoConfigure - The auto configuration for [ossfile-minio] initiated
2025-07-15 18:14:36.765   [main] DEBUG i.g.n.aerial.configure.AerialServerAutoConfigure - The auto configuration for [aerial-server] initiated
2025-07-15 18:14:36.767   [main] DEBUG i.g.n.aerial.configure.AerialThreadPoolConfigure - The auto configuration for [thread-pool] initiated
2025-07-15 18:14:36.770   [main] DEBUG i.g.n.aerial.configure.AerialMqttChannelConfigure - The auto configuration for [mqtt-channel] initiated
2025-07-15 18:14:36.772   [main] DEBUG i.g.n.aerial.configure.AerialRedisAutoConfigure - The auto configuration for [aerial-redis] initiated
2025-07-15 18:14:36.772   [main] DEBUG i.g.n.aerial.configure.AerialStarterAutoConfigure - The auto configuration for [aerial-starter] initiated
2025-07-15 18:14:36.773   [main] DEBUG i.g.n.aerial.configure.AerialWebSocketConfigure - The auto configuration for [web-socket] initiated
2025-07-15 18:14:36.978   [main] DEBUG i.g.n.aerial.configure.AerialDjisdkAutoConfigure - The auto configuration for [aerial-djisdk] initiated
2025-07-15 18:14:36.992   [main] DEBUG i.g.n.aerial.configure.AerialMqttAutoConfigure - The auto configuration for [aerial-mqtt] initiated
2025-07-15 18:14:37.043   [main] DEBUG i.g.n.a.configure.AerialWebSocketAutoConfigure - The auto configuration for [aerial-webSocket] initiated
2025-07-15 18:14:37.115   [main] DEBUG i.github.nicheengine.aerial.router.MqttDrcUpRouter - The mqtt drc-up router for [router@/drc/up] initiated
2025-07-15 18:14:37.117   [main] DEBUG i.g.nicheengine.aerial.router.MqttEventsRouter - The mqtt events router for [router@/events] initiated
2025-07-15 18:14:37.118   [main] DEBUG i.g.nicheengine.aerial.router.MqttMessageRouter - The mqtt message router for [router@/message] initiated
2025-07-15 18:14:37.123   [main] DEBUG io.github.nicheengine.aerial.router.MqttOsdRouter - The mqtt osd router for [router@/osd] initiated
2025-07-15 18:14:37.124   [main] DEBUG i.g.nicheengine.aerial.router.MqttPropertySetReply - The mqtt property set router for [router@/propertySet/reply] initiated
2025-07-15 18:14:37.124   [main] DEBUG i.g.nicheengine.aerial.router.MqttRequestsRouter - The mqtt requests router for [router@/requests] initiated
2025-07-15 18:14:37.125   [main] DEBUG i.g.nicheengine.aerial.router.MqttServicesReply - The mqtt services-reply router for [router@/services/reply] initiated
2025-07-15 18:14:37.126   [main] DEBUG i.github.nicheengine.aerial.router.MqttStateRouter - The mqtt state router for [router@/state] initiated
2025-07-15 18:14:37.127   [main] DEBUG i.g.nicheengine.aerial.router.MqttStatusRouter - The mqtt status router for [router@/status] initiated
2025-07-15 18:14:37.133   [main] DEBUG io.github.nichetoolkit.rest.worker.jwt.JwtWorker - The jwt        properties: {"enabled":true,"algorithm":"HS256","secret":"ICBwpv3gDQLfdrtTuek5wtQ","kid":"","issuer":"io.github.nicheengine","audiences":[],"expireTime":0,"expireUnit":"MILLIS","issuedDelayTime":0,"issuedDelayUnit":"MILLIS","notBeforeEnabled":false}
2025-07-15 18:14:37.137   [main] DEBUG io.github.nichetoolkit.rest.worker.sha.ShaWorker - The sha        properties: {"enabled":true,"secret":"ZbqWif8ZSnjWQS5iznqXcUoKEjAV4sqJVLtV2XoeUDkGe3vPe8mAL3PhdulCRaPQxI46V86kzmf97UeigGk","algorithm":3}
2025-07-15 18:14:37.157   [main] DEBUG i.g.n.rest.configure.RestHttpAutoConfigure - the auto configuration for [okHttp3] rest template initiated!
2025-07-15 18:14:37.195   [main] DEBUG i.g.n.rest.configure.RestHttpAutoConfigure - The http       properties: {"enabled":true,"connectTimeout":2000,"readTimeout":30000,"requestTimeout":200,"maxCoreSize":5,"maxIdleSize":10,"httpType":"okHttp3","charset":"UTF-8","encodingMode":"NONE","retryTimes":0,"keepAliveHosts":null,"keepAliveTime":600000,"proxy":{"type":"socks","hostname":"","port":null}}
2025-07-15 18:14:37.212   [main] DEBUG i.g.nichetoolkit.rest.identity.IdentityFactory - The identity   properties: {"enabled":true,"type":"CONFIG","config":{"workerId":1,"centerId":2,"sequence":1},"server":{"sequence":1,"url":null,"api":null}}
2025-07-15 18:14:37.916   [main] INFO  o.s.integration.endpoint.EventDrivenConsumer - Adding {logging-channel-adapter:_org.springframework.integration.errorLogger} as a subscriber to the 'errorChannel' channel
2025-07-15 18:14:37.916   [main] INFO  o.s.integration.channel.PublishSubscribeChannel - Channel 'aerial-engine-example.errorChannel' has 1 subscriber(s).
2025-07-15 18:14:37.916   [main] INFO  o.s.integration.endpoint.EventDrivenConsumer - started bean '_org.springframework.integration.errorLogger'
2025-07-15 18:14:37.916   [main] INFO  o.s.integration.endpoint.EventDrivenConsumer - Adding {transformer} as a subscriber to the 'inboundDrcUp' channel
2025-07-15 18:14:37.916   [main] INFO  o.s.integration.channel.DirectChannel - Channel 'aerial-engine-example.inboundDrcUp' has 1 subscriber(s).
2025-07-15 18:14:37.916   [main] INFO  o.s.integration.endpoint.EventDrivenConsumer - started bean 'flowOfDrcUpRouter.org.springframework.integration.config.ConsumerEndpointFactoryBean#0'; defined in: 'class path resource [io/github/nicheengine/aerial/router/MqttDrcUpRouter.class]'; from source: 'bean method flowOfDrcUpRouter'
2025-07-15 18:14:37.917   [main] INFO  o.s.integration.endpoint.EventDrivenConsumer - Adding {router} as a subscriber to the 'flowOfDrcUpRouter.channel#0' channel
2025-07-15 18:14:37.917   [main] INFO  o.s.integration.channel.DirectChannel - Channel 'aerial-engine-example.flowOfDrcUpRouter.channel#0' has 1 subscriber(s).
2025-07-15 18:14:37.917   [main] INFO  o.s.integration.endpoint.EventDrivenConsumer - started bean 'flowOfDrcUpRouter.org.springframework.integration.config.ConsumerEndpointFactoryBean#1'; defined in: 'class path resource [io/github/nicheengine/aerial/router/MqttDrcUpRouter.class]'; from source: 'bean method flowOfDrcUpRouter'
2025-07-15 18:14:37.917   [main] INFO  o.s.integration.endpoint.EventDrivenConsumer - Adding {transformer} as a subscriber to the 'inboundEvents' channel
2025-07-15 18:14:37.917   [main] INFO  o.s.integration.channel.DirectChannel - Channel 'aerial-engine-example.inboundEvents' has 1 subscriber(s).
2025-07-15 18:14:37.917   [main] INFO  o.s.integration.endpoint.EventDrivenConsumer - started bean 'flowOfEventsRouter.org.springframework.integration.config.ConsumerEndpointFactoryBean#0'; defined in: 'class path resource [io/github/nicheengine/aerial/router/MqttEventsRouter.class]'; from source: 'bean method flowOfEventsRouter'
2025-07-15 18:14:37.917   [main] INFO  o.s.integration.endpoint.EventDrivenConsumer - Adding {router} as a subscriber to the 'flowOfEventsRouter.channel#0' channel
2025-07-15 18:14:37.917   [main] INFO  o.s.integration.channel.DirectChannel - Channel 'aerial-engine-example.flowOfEventsRouter.channel#0' has 1 subscriber(s).
2025-07-15 18:14:37.917   [main] INFO  o.s.integration.endpoint.EventDrivenConsumer - started bean 'flowOfEventsRouter.org.springframework.integration.config.ConsumerEndpointFactoryBean#1'; defined in: 'class path resource [io/github/nicheengine/aerial/router/MqttEventsRouter.class]'; from source: 'bean method flowOfEventsRouter'
2025-07-15 18:14:37.917   [main] INFO  o.s.integration.endpoint.EventDrivenConsumer - Adding {service-activator} as a subscriber to the 'outboundEvents' channel
2025-07-15 18:14:37.917   [main] INFO  o.s.integration.channel.DirectChannel - Channel 'aerial-engine-example.outboundEvents' has 1 subscriber(s).
2025-07-15 18:14:37.917   [main] INFO  o.s.integration.endpoint.EventDrivenConsumer - started bean 'flowOfEventsReplySuccessRouter.org.springframework.integration.config.ConsumerEndpointFactoryBean#0'; defined in: 'class path resource [io/github/nicheengine/aerial/router/MqttEventsRouter.class]'; from source: 'bean method flowOfEventsReplySuccessRouter'
2025-07-15 18:14:37.917   [main] INFO  o.s.integration.endpoint.EventDrivenConsumer - Adding {transformer} as a subscriber to the 'inboundOsd' channel
2025-07-15 18:14:37.917   [main] INFO  o.s.integration.channel.ExecutorChannel - Channel 'aerial-engine-example.inboundOsd' has 1 subscriber(s).
2025-07-15 18:14:37.917   [main] INFO  o.s.integration.endpoint.EventDrivenConsumer - started bean 'flowOfOsdRouter.org.springframework.integration.config.ConsumerEndpointFactoryBean#0'; defined in: 'class path resource [io/github/nicheengine/aerial/router/MqttOsdRouter.class]'; from source: 'bean method flowOfOsdRouter'
2025-07-15 18:14:37.917   [main] INFO  o.s.integration.endpoint.EventDrivenConsumer - Adding {router} as a subscriber to the 'flowOfOsdRouter.channel#0' channel
2025-07-15 18:14:37.918   [main] INFO  o.s.integration.channel.DirectChannel - Channel 'aerial-engine-example.flowOfOsdRouter.channel#0' has 1 subscriber(s).
2025-07-15 18:14:37.918   [main] INFO  o.s.integration.endpoint.EventDrivenConsumer - started bean 'flowOfOsdRouter.org.springframework.integration.config.ConsumerEndpointFactoryBean#1'; defined in: 'class path resource [io/github/nicheengine/aerial/router/MqttOsdRouter.class]'; from source: 'bean method flowOfOsdRouter'
2025-07-15 18:14:37.918   [main] INFO  o.s.integration.endpoint.EventDrivenConsumer - Adding {transformer} as a subscriber to the 'inboundRequests' channel
2025-07-15 18:14:37.918   [main] INFO  o.s.integration.channel.DirectChannel - Channel 'aerial-engine-example.inboundRequests' has 1 subscriber(s).
2025-07-15 18:14:37.918   [main] INFO  o.s.integration.endpoint.EventDrivenConsumer - started bean 'flowOfRequestsRouter.org.springframework.integration.config.ConsumerEndpointFactoryBean#0'; defined in: 'class path resource [io/github/nicheengine/aerial/router/MqttRequestsRouter.class]'; from source: 'bean method flowOfRequestsRouter'
2025-07-15 18:14:37.918   [main] INFO  o.s.integration.endpoint.EventDrivenConsumer - Adding {router} as a subscriber to the 'flowOfRequestsRouter.channel#0' channel
2025-07-15 18:14:37.918   [main] INFO  o.s.integration.channel.DirectChannel - Channel 'aerial-engine-example.flowOfRequestsRouter.channel#0' has 1 subscriber(s).
2025-07-15 18:14:37.918   [main] INFO  o.s.integration.endpoint.EventDrivenConsumer - started bean 'flowOfRequestsRouter.org.springframework.integration.config.ConsumerEndpointFactoryBean#1'; defined in: 'class path resource [io/github/nicheengine/aerial/router/MqttRequestsRouter.class]'; from source: 'bean method flowOfRequestsRouter'
2025-07-15 18:14:37.918   [main] INFO  o.s.integration.endpoint.EventDrivenConsumer - Adding {service-activator} as a subscriber to the 'outboundRequests' channel
2025-07-15 18:14:37.918   [main] INFO  o.s.integration.channel.DirectChannel - Channel 'aerial-engine-example.outboundRequests' has 1 subscriber(s).
2025-07-15 18:14:37.918   [main] INFO  o.s.integration.endpoint.EventDrivenConsumer - started bean 'flowOfRequestsReplyRouter.org.springframework.integration.config.ConsumerEndpointFactoryBean#0'; defined in: 'class path resource [io/github/nicheengine/aerial/router/MqttRequestsRouter.class]'; from source: 'bean method flowOfRequestsReplyRouter'
2025-07-15 18:14:37.918   [main] INFO  o.s.integration.endpoint.EventDrivenConsumer - Adding {transformer} as a subscriber to the 'inboundState' channel
2025-07-15 18:14:37.918   [main] INFO  o.s.integration.channel.DirectChannel - Channel 'aerial-engine-example.inboundState' has 1 subscriber(s).
2025-07-15 18:14:37.918   [main] INFO  o.s.integration.endpoint.EventDrivenConsumer - started bean 'flowOfStateRouter.org.springframework.integration.config.ConsumerEndpointFactoryBean#0'; defined in: 'class path resource [io/github/nicheengine/aerial/router/MqttStateRouter.class]'; from source: 'bean method flowOfStateRouter'
2025-07-15 18:14:37.918   [main] INFO  o.s.integration.endpoint.EventDrivenConsumer - Adding {router} as a subscriber to the 'flowOfStateRouter.channel#0' channel
2025-07-15 18:14:37.918   [main] INFO  o.s.integration.channel.DirectChannel - Channel 'aerial-engine-example.flowOfStateRouter.channel#0' has 1 subscriber(s).
2025-07-15 18:14:37.918   [main] INFO  o.s.integration.endpoint.EventDrivenConsumer - started bean 'flowOfStateRouter.org.springframework.integration.config.ConsumerEndpointFactoryBean#1'; defined in: 'class path resource [io/github/nicheengine/aerial/router/MqttStateRouter.class]'; from source: 'bean method flowOfStateRouter'
2025-07-15 18:14:37.918   [main] INFO  o.s.integration.endpoint.EventDrivenConsumer - Adding {service-activator} as a subscriber to the 'outboundState' channel
2025-07-15 18:14:37.918   [main] INFO  o.s.integration.channel.DirectChannel - Channel 'aerial-engine-example.outboundState' has 1 subscriber(s).
2025-07-15 18:14:37.918   [main] INFO  o.s.integration.endpoint.EventDrivenConsumer - started bean 'flowOfStateReplySuccessRouter.org.springframework.integration.config.ConsumerEndpointFactoryBean#0'; defined in: 'class path resource [io/github/nicheengine/aerial/router/MqttStateRouter.class]'; from source: 'bean method flowOfStateReplySuccessRouter'
2025-07-15 18:14:37.918   [main] INFO  o.s.integration.endpoint.EventDrivenConsumer - Adding {transformer} as a subscriber to the 'inboundStatus' channel
2025-07-15 18:14:37.918   [main] INFO  o.s.integration.channel.DirectChannel - Channel 'aerial-engine-example.inboundStatus' has 1 subscriber(s).
2025-07-15 18:14:37.919   [main] INFO  o.s.integration.endpoint.EventDrivenConsumer - started bean 'flowOfStatusRouter.org.springframework.integration.config.ConsumerEndpointFactoryBean#0'; defined in: 'class path resource [io/github/nicheengine/aerial/router/MqttStatusRouter.class]'; from source: 'bean method flowOfStatusRouter'
2025-07-15 18:14:37.919   [main] INFO  o.s.integration.endpoint.EventDrivenConsumer - Adding {router} as a subscriber to the 'flowOfStatusRouter.channel#0' channel
2025-07-15 18:14:37.919   [main] INFO  o.s.integration.channel.DirectChannel - Channel 'aerial-engine-example.flowOfStatusRouter.channel#0' has 1 subscriber(s).
2025-07-15 18:14:37.919   [main] INFO  o.s.integration.endpoint.EventDrivenConsumer - started bean 'flowOfStatusRouter.org.springframework.integration.config.ConsumerEndpointFactoryBean#1'; defined in: 'class path resource [io/github/nicheengine/aerial/router/MqttStatusRouter.class]'; from source: 'bean method flowOfStatusRouter'
2025-07-15 18:14:37.919   [main] INFO  o.s.integration.endpoint.EventDrivenConsumer - Adding {service-activator} as a subscriber to the 'outboundStatus' channel
2025-07-15 18:14:37.919   [main] INFO  o.s.integration.channel.DirectChannel - Channel 'aerial-engine-example.outboundStatus' has 1 subscriber(s).
2025-07-15 18:14:37.919   [main] INFO  o.s.integration.endpoint.EventDrivenConsumer - started bean 'flowOfStatusReplySuccessRouter.org.springframework.integration.config.ConsumerEndpointFactoryBean#0'; defined in: 'class path resource [io/github/nicheengine/aerial/router/MqttStatusRouter.class]'; from source: 'bean method flowOfStatusReplySuccessRouter'
2025-07-15 18:14:37.919   [main] INFO  o.s.integration.endpoint.EventDrivenConsumer - Adding {message-handler:aerialMqttAutoConfigure.outboundHandler.serviceActivator} as a subscriber to the 'outbound' channel
2025-07-15 18:14:37.919   [main] INFO  o.s.integration.channel.DirectChannel - Channel 'aerial-engine-example.outbound' has 1 subscriber(s).
2025-07-15 18:14:37.919   [main] INFO  o.s.integration.endpoint.EventDrivenConsumer - started bean 'aerialMqttAutoConfigure.outboundHandler.serviceActivator'
2025-07-15 18:14:37.919   [main] INFO  o.s.integration.endpoint.EventDrivenConsumer - Adding {message-handler:aerialMqttAutoConfigure.defaultHandler.serviceActivator} as a subscriber to the 'default' channel
2025-07-15 18:14:37.919   [main] INFO  o.s.integration.channel.DirectChannel - Channel 'aerial-engine-example.default' has 1 subscriber(s).
2025-07-15 18:14:37.919   [main] INFO  o.s.integration.endpoint.EventDrivenConsumer - started bean 'aerialMqttAutoConfigure.defaultHandler.serviceActivator'
2025-07-15 18:14:37.919   [main] INFO  o.s.integration.endpoint.EventDrivenConsumer - Adding {router:mqttMessageRouter.determineTargetChannels.router} as a subscriber to the 'inbound' channel
2025-07-15 18:14:37.919   [main] INFO  o.s.integration.channel.ExecutorChannel - Channel 'aerial-engine-example.inbound' has 1 subscriber(s).
2025-07-15 18:14:37.919   [main] INFO  o.s.integration.endpoint.EventDrivenConsumer - started bean 'mqttMessageRouter.determineTargetChannels.router'
2025-07-15 18:14:37.920   [main] INFO  o.s.integration.endpoint.EventDrivenConsumer - Adding {service-activator:mqttPropertySetReply.propertySetReply.serviceActivator} as a subscriber to the 'inboundPropertySetReply' channel
2025-07-15 18:14:37.920   [main] INFO  o.s.integration.channel.DirectChannel - Channel 'aerial-engine-example.inboundPropertySetReply' has 1 subscriber(s).
2025-07-15 18:14:37.920   [main] INFO  o.s.integration.endpoint.EventDrivenConsumer - started bean 'mqttPropertySetReply.propertySetReply.serviceActivator'
2025-07-15 18:14:37.920   [main] INFO  o.s.integration.endpoint.EventDrivenConsumer - Adding {service-activator:mqttServicesReply.propertySetReply.serviceActivator} as a subscriber to the 'inboundPropertySetReply' channel
2025-07-15 18:14:37.920   [main] INFO  o.s.integration.channel.DirectChannel - Channel 'aerial-engine-example.inboundPropertySetReply' has 2 subscriber(s).
2025-07-15 18:14:37.920   [main] INFO  o.s.integration.endpoint.EventDrivenConsumer - started bean 'mqttServicesReply.propertySetReply.serviceActivator'
2025-07-15 18:14:37.920   [main] INFO  o.s.i.g.GatewayProxyFactoryBean$MethodInvocationGateway - started bean 'mqttMessageGateway#publish(String, byte[])'
2025-07-15 18:14:37.920   [main] INFO  o.s.i.g.GatewayProxyFactoryBean$MethodInvocationGateway - started bean 'mqttMessageGateway#publish(String, byte[], int)'
2025-07-15 18:14:37.920   [main] INFO  o.s.integration.gateway.GatewayProxyFactoryBean - started bean 'mqttMessageGateway'
2025-07-15 18:14:38.310   [main] INFO  o.s.i.m.i.MqttPahoMessageDrivenChannelAdapter - started bean 'channelAdapter'; defined in: 'class path resource [io/github/nicheengine/aerial/configure/AerialMqttAutoConfigure.class]'; from source: 'io.github.nicheengine.aerial.configure.AerialMqttAutoConfigure.channelAdapter(org.springframework.integration.mqtt.support.MqttMessageConverter,org.springframework.integration.mqtt.core.MqttPahoClientFactory)'
2025-07-15 18:14:38.311   [main] INFO  org.apache.coyote.http11.Http11NioProtocol - Starting ProtocolHandler ["http-nio-8080"]
2025-07-15 18:14:38.322   [main] INFO  o.s.boot.web.embedded.tomcat.TomcatWebServer - Tomcat started on port(s): 8080 (http) with context path ''
2025-07-15 18:14:38.324   [main] INFO  o.s.m.simp.broker.SimpleBrokerMessageHandler - Starting...
2025-07-15 18:14:38.325   [main] INFO  o.s.m.simp.broker.SimpleBrokerMessageHandler - BrokerAvailabilityEvent[available=true, SimpleBrokerMessageHandler [org.springframework.messaging.simp.broker.DefaultSubscriptionRegistry@77fb1002]]
2025-07-15 18:14:38.325   [main] INFO  o.s.m.simp.broker.SimpleBrokerMessageHandler - Started.
2025-07-15 18:14:38.331   [main] INFO  i.g.n.aerial.AerialEngineServerApplication - Started AerialEngineServerApplication in 6.303 seconds (JVM running for 16.267)
2025-07-15 18:15:37.759   [MessageBroker-1] INFO  o.s.web.socket.config.WebSocketMessageBrokerStats - WebSocketSession[0 current WS(0)-HttpStream(0)-HttpPoll(0), 0 total, 0 closed abnormally (0 connect failure, 0 send limit, 0 transport error)], stompSubProtocol[processed CONNECT(0)-CONNECTED(0)-DISCONNECT(0)], stompBrokerRelay[null], inboundChannel[pool size = 0, active threads = 0, queued tasks = 0, completed tasks = 0], outboundChannel[pool size = 0, active threads = 0, queued tasks = 0, completed tasks = 0], sockJsScheduler[pool size = 1, active threads = 1, queued tasks = 0, completed tasks = 0]
2025-07-15 18:16:31.669   [SpringApplicationShutdownHook] INFO  o.s.m.simp.broker.SimpleBrokerMessageHandler - Stopping...
2025-07-15 18:16:31.670   [SpringApplicationShutdownHook] INFO  o.s.m.simp.broker.SimpleBrokerMessageHandler - BrokerAvailabilityEvent[available=false, SimpleBrokerMessageHandler [org.springframework.messaging.simp.broker.DefaultSubscriptionRegistry@77fb1002]]
2025-07-15 18:16:31.670   [SpringApplicationShutdownHook] INFO  o.s.m.simp.broker.SimpleBrokerMessageHandler - Stopped.
2025-07-15 18:16:35.716   [background-preinit] INFO  org.hibernate.validator.internal.util.Version - HV000001: Hibernate Validator 6.2.5.Final
2025-07-15 18:16:35.736   [main] DEBUG i.g.n.rest.holder.ApplicationContextHolder - The application context holder has be initiated
2025-07-15 18:16:35.736   [main] DEBUG i.g.nichetoolkit.rest.holder.MessageSourceHolder - The message source context holder has be initiated
2025-07-15 18:16:35.742   [main] INFO  i.g.n.aerial.AerialEngineServerApplication - Starting AerialEngineServerApplication using Java 1.8.0_432 on Cyan with PID 14868 (F:\GitHubWorkspaces\NicheEngine\aerial-engine-server\aerial-engine-server\target\classes started by Snow in F:\GitHubWorkspaces\NicheEngine\aerial-engine-server)
2025-07-15 18:16:35.743   [main] DEBUG i.g.n.aerial.AerialEngineServerApplication - Running with Spring Boot v2.7.18, Spring v5.3.39
2025-07-15 18:16:35.744   [main] INFO  i.g.n.aerial.AerialEngineServerApplication - The following 1 profile is active: "dev"
2025-07-15 18:16:35.809   [main] DEBUG i.g.n.rest.holder.BeanDefinitionRegistryHolder - The bean definition registry holder has be initiated
2025-07-15 18:16:36.924   [main] INFO  o.s.d.r.config.RepositoryConfigurationDelegate - Multiple Spring Data modules found, entering strict repository configuration mode
2025-07-15 18:16:36.924   [main] INFO  o.s.d.r.config.RepositoryConfigurationDelegate - Bootstrapping Spring Data Redis repositories in DEFAULT mode.
2025-07-15 18:16:36.942   [main] INFO  o.s.d.r.config.RepositoryConfigurationDelegate - Finished Spring Data repository scanning in 4 ms. Found 0 Redis repository interfaces.
2025-07-15 18:16:37.091   [main] INFO  o.s.d.r.config.RepositoryConfigurationDelegate - Multiple Spring Data modules found, entering strict repository configuration mode
2025-07-15 18:16:37.092   [main] INFO  o.s.d.r.config.RepositoryConfigurationDelegate - Bootstrapping Spring Data Redis repositories in DEFAULT mode.
2025-07-15 18:16:37.204   [main] INFO  o.s.d.r.config.RepositoryConfigurationDelegate - Finished Spring Data repository scanning in 111 ms. Found 0 Redis repository interfaces.
2025-07-15 18:16:37.384   [main] DEBUG i.g.n.rest.holder.ListableBeanFactoryHolder - The listable bean factory holder has be initiated
2025-07-15 18:16:37.717   [main] DEBUG i.g.n.rest.configure.RestI18nAutoConfigure - The auto configuration for [rest-i18n] initiated
2025-07-15 18:16:37.721   [main] DEBUG i.g.nichetoolkit.rest.holder.MessageSourceHolder - The message source context holder has be refreshed
2025-07-15 18:16:37.888   [main] INFO  o.s.boot.web.embedded.tomcat.TomcatWebServer - Tomcat initialized with port(s): 8080 (http)
2025-07-15 18:16:37.894   [main] INFO  org.apache.coyote.http11.Http11NioProtocol - Initializing ProtocolHandler ["http-nio-8080"]
2025-07-15 18:16:37.894   [main] INFO  org.apache.catalina.core.StandardService - Starting service [Tomcat]
2025-07-15 18:16:37.894   [main] INFO  org.apache.catalina.core.StandardEngine - Starting Servlet engine: [Apache Tomcat/9.0.90]
2025-07-15 18:16:37.985   [main] INFO  o.a.c.core.ContainerBase.[Tomcat].[localhost].[/] - Initializing Spring embedded WebApplicationContext
2025-07-15 18:16:37.986   [main] INFO  o.s.b.w.s.c.ServletWebServerApplicationContext - Root WebApplicationContext: initialization completed in 2194 ms
2025-07-15 18:16:38.055   [main] DEBUG i.g.nichetoolkit.rest.logback.DefaultLogbackFilter - Filter 'defaultLogbackFilter' configured for use
2025-07-15 18:16:38.055   [main] DEBUG i.g.n.rice.defaults.DefaultAccessTokenFilter - Filter 'defaultAccessTokenFilter' configured for use
2025-07-15 18:16:38.062   [main] DEBUG i.g.n.ossfile.configure.OssfileCoreAutoConfigure - The auto configuration for [ossfile-core] initiated
2025-07-15 18:16:38.078   [main] DEBUG i.g.n.rest.configure.RestUtilsAutoConfigure - The auto configuration for [rest-utils] initiated
2025-07-15 18:16:38.080   [main] DEBUG i.g.n.rest.configure.RestCoreAutoConfigure - The auto configuration for [rest-core] initiated
2025-07-15 18:16:38.091   [main] DEBUG i.g.n.rest.configure.RestInterceptAutoConfigure - The auto configuration for [rest-intercept] initiated
2025-07-15 18:16:38.302   [main] DEBUG i.g.n.aerial.configure.DatasourceAutoConfigure - the auto configuration for [datasource] rest template initiated
2025-07-15 18:16:38.346   [main] WARN  org.mybatis.spring.SqlSessionFactoryBean - Property 'mapperLocations' was specified but matching resources are not found.
2025-07-15 18:16:38.349   [main] DEBUG io.github.nichetoolkit.rest.util.LoggerUtils - The fitter bean of [io.github.nichetoolkit.mybatis.holder.RestSqlSessionHolder] type for named 'restSqlSessionHolder' has be initiated.
2025-07-15 18:16:38.454   [main] INFO  i.github.nichetoolkit.mybatis.MybatisContextHolder - [MybatisContextHolder] > afterPropertiesSet: {"catalog":null,"schema":null,"updateLogic":false,"useLogic":true,"useOperate":false,"useLazyInit":false,"excludeUnused":true,"sqlScriptShow":true,"mysqlIgnoreInsert":false,"datetimeNow":"now()","databaseType":"postgresql","styleType":"lowerUnderline","excludedType":"EXCLUDED","properties":{},"excludes":null,"ignores":null,"selectIgnores":null,"insertIgnores":null,"updateIgnores":null,"unuseds":["operate"]}
2025-07-15 18:16:38.655   [main] DEBUG io.github.nichetoolkit.ossfile.OssfileStoreHolder - There are 1 store service beans has been initiated.
2025-07-15 18:16:38.656   [main] DEBUG i.github.nichetoolkit.rest.DefaultControllerAdvice - There are 5 fulfilled fitter beans has be initiated.
2025-07-15 18:16:38.674   [main] DEBUG i.g.n.rice.configure.RiceStarterAutoConfigure - The auto configuration for [rice-starter] initiated
2025-07-15 18:16:38.675   [main] DEBUG i.g.n.rice.configure.RiceContextAutoConfigure - The auto configuration for [rice-context] initiated
2025-07-15 18:16:38.696   [main] DEBUG i.g.n.rest.configure.RestHttpAutoConfigure - The auto configuration for [rest-http] initiated
2025-07-15 18:16:38.697   [main] DEBUG i.g.n.rest.configure.RestIdentityAutoConfigure - The auto configuration for [rest-identity] initiated
2025-07-15 18:16:38.701   [main] DEBUG i.g.n.rest.configure.RestLogbackAutoConfigure - The auto configuration for [rest-logback] initiated
2025-07-15 18:16:38.702   [main] DEBUG i.g.n.rest.configure.RestStarterAutoConfigure - The auto configuration for [rest-starter] initiated
2025-07-15 18:16:38.702   [main] DEBUG i.g.n.rice.configure.RiceCoreAutoConfigure - The auto configuration for [rice-core] initiated
2025-07-15 18:16:38.703   [main] DEBUG i.g.n.mybatis.configure.RiceMybatisAutoConfigure - The auto configuration for [rice-mybatis] initiated
2025-07-15 18:16:38.715   [main] DEBUG i.g.n.mybatis.configure.MybatisMapperAutoConfigure - The auto configuration for [mybatis-mapper] initiated
2025-07-15 18:16:38.728   [main] DEBUG i.g.n.m.configure.MybatisStarterAutoConfigure - The auto configuration for [mybatis-starter] initiated
2025-07-15 18:16:38.730   [main] DEBUG i.g.n.m.configure.MybatisContextAutoConfigure - The auto configuration for [mybatis-context] initiated
2025-07-15 18:16:38.731   [main] DEBUG i.g.n.mybatis.configure.MybatisCoreAutoConfigure - The auto configuration for [mybatis-core] initiated
2025-07-15 18:16:38.731   [main] DEBUG i.g.n.ossfile.configure.OssfileMinioAutoConfigure - The auto configuration for [ossfile-minio] initiated
2025-07-15 18:16:38.737   [main] DEBUG i.g.n.aerial.configure.AerialServerAutoConfigure - The auto configuration for [aerial-server] initiated
2025-07-15 18:16:38.739   [main] DEBUG i.g.n.aerial.configure.AerialThreadPoolConfigure - The auto configuration for [thread-pool] initiated
2025-07-15 18:16:38.743   [main] DEBUG i.g.n.aerial.configure.AerialMqttChannelConfigure - The auto configuration for [mqtt-channel] initiated
2025-07-15 18:16:38.743   [main] DEBUG i.g.n.aerial.configure.AerialRedisAutoConfigure - The auto configuration for [aerial-redis] initiated
2025-07-15 18:16:38.745   [main] DEBUG i.g.n.aerial.configure.AerialStarterAutoConfigure - The auto configuration for [aerial-starter] initiated
2025-07-15 18:16:38.745   [main] DEBUG i.g.n.aerial.configure.AerialWebSocketConfigure - The auto configuration for [web-socket] initiated
2025-07-15 18:16:38.932   [main] DEBUG i.g.n.aerial.configure.AerialDjisdkAutoConfigure - The auto configuration for [aerial-djisdk] initiated
2025-07-15 18:16:38.945   [main] DEBUG i.g.n.aerial.configure.AerialMqttAutoConfigure - The auto configuration for [aerial-mqtt] initiated
2025-07-15 18:16:39.001   [main] DEBUG i.g.n.a.configure.AerialWebSocketAutoConfigure - The auto configuration for [aerial-webSocket] initiated
2025-07-15 18:16:39.072   [main] DEBUG i.github.nicheengine.aerial.router.MqttDrcUpRouter - The mqtt drc-up router for [router@/drc/up] initiated
2025-07-15 18:16:39.074   [main] DEBUG i.g.nicheengine.aerial.router.MqttEventsRouter - The mqtt events router for [router@/events] initiated
2025-07-15 18:16:39.075   [main] DEBUG i.g.nicheengine.aerial.router.MqttMessageRouter - The mqtt message router for [router@/message] initiated
2025-07-15 18:16:39.081   [main] DEBUG io.github.nicheengine.aerial.router.MqttOsdRouter - The mqtt osd router for [router@/osd] initiated
2025-07-15 18:16:39.081   [main] DEBUG i.g.nicheengine.aerial.router.MqttPropertySetReply - The mqtt property set router for [router@/propertySet/reply] initiated
2025-07-15 18:16:39.082   [main] DEBUG i.g.nicheengine.aerial.router.MqttRequestsRouter - The mqtt requests router for [router@/requests] initiated
2025-07-15 18:16:39.083   [main] DEBUG i.g.nicheengine.aerial.router.MqttServicesReply - The mqtt services-reply router for [router@/services/reply] initiated
2025-07-15 18:16:39.083   [main] DEBUG i.github.nicheengine.aerial.router.MqttStateRouter - The mqtt state router for [router@/state] initiated
2025-07-15 18:16:39.084   [main] DEBUG i.g.nicheengine.aerial.router.MqttStatusRouter - The mqtt status router for [router@/status] initiated
2025-07-15 18:16:39.090   [main] DEBUG io.github.nichetoolkit.rest.worker.jwt.JwtWorker - The jwt        properties: {"enabled":true,"algorithm":"HS256","secret":"ICBwpv3gDQLfdrtTuek5wtQ","kid":"","issuer":"io.github.nicheengine","audiences":[],"expireTime":0,"expireUnit":"MILLIS","issuedDelayTime":0,"issuedDelayUnit":"MILLIS","notBeforeEnabled":false}
2025-07-15 18:16:39.093   [main] DEBUG io.github.nichetoolkit.rest.worker.sha.ShaWorker - The sha        properties: {"enabled":true,"secret":"ZbqWif8ZSnjWQS5iznqXcUoKEjAV4sqJVLtV2XoeUDkGe3vPe8mAL3PhdulCRaPQxI46V86kzmf97UeigGk","algorithm":3}
2025-07-15 18:16:39.103   [main] DEBUG i.g.n.rest.configure.RestHttpAutoConfigure - the auto configuration for [okHttp3] rest template initiated!
2025-07-15 18:16:39.129   [main] DEBUG i.g.n.rest.configure.RestHttpAutoConfigure - The http       properties: {"enabled":true,"connectTimeout":2000,"readTimeout":30000,"requestTimeout":200,"maxCoreSize":5,"maxIdleSize":10,"httpType":"okHttp3","charset":"UTF-8","encodingMode":"NONE","retryTimes":0,"keepAliveHosts":null,"keepAliveTime":600000,"proxy":{"type":"socks","hostname":"","port":null}}
2025-07-15 18:16:39.146   [main] DEBUG i.g.nichetoolkit.rest.identity.IdentityFactory - The identity   properties: {"enabled":true,"type":"CONFIG","config":{"workerId":1,"centerId":2,"sequence":1},"server":{"sequence":1,"url":null,"api":null}}
2025-07-15 18:16:40.157   [main] INFO  org.apache.coyote.http11.Http11NioProtocol - Starting ProtocolHandler ["http-nio-8080"]
2025-07-15 18:16:40.170   [main] INFO  o.s.boot.web.embedded.tomcat.TomcatWebServer - Tomcat started on port(s): 8080 (http) with context path ''
2025-07-15 18:16:40.171   [main] INFO  o.s.m.simp.broker.SimpleBrokerMessageHandler - Starting...
2025-07-15 18:16:40.172   [main] INFO  o.s.m.simp.broker.SimpleBrokerMessageHandler - BrokerAvailabilityEvent[available=true, SimpleBrokerMessageHandler [org.springframework.messaging.simp.broker.DefaultSubscriptionRegistry@6f22c1f1]]
2025-07-15 18:16:40.172   [main] INFO  o.s.m.simp.broker.SimpleBrokerMessageHandler - Started.
2025-07-15 18:16:40.179   [main] INFO  i.g.n.aerial.AerialEngineServerApplication - Started AerialEngineServerApplication in 4.84 seconds (JVM running for 5.639)
2025-07-15 18:17:09.034   [SpringApplicationShutdownHook] INFO  o.s.m.simp.broker.SimpleBrokerMessageHandler - Stopping...
2025-07-15 18:17:09.034   [SpringApplicationShutdownHook] INFO  o.s.m.simp.broker.SimpleBrokerMessageHandler - BrokerAvailabilityEvent[available=false, SimpleBrokerMessageHandler [org.springframework.messaging.simp.broker.DefaultSubscriptionRegistry@6f22c1f1]]
2025-07-15 18:17:09.034   [SpringApplicationShutdownHook] INFO  o.s.m.simp.broker.SimpleBrokerMessageHandler - Stopped.
2025-07-15 18:19:29.155   [background-preinit] INFO  org.hibernate.validator.internal.util.Version - HV000001: Hibernate Validator 6.2.5.Final
2025-07-15 18:19:29.171   [main] DEBUG i.g.n.rest.holder.ApplicationContextHolder - The application context holder has be initiated
2025-07-15 18:19:29.172   [main] DEBUG i.g.nichetoolkit.rest.holder.MessageSourceHolder - The message source context holder has be initiated
2025-07-15 18:19:29.176   [main] INFO  i.g.n.aerial.AerialEngineServerApplication - Starting AerialEngineServerApplication using Java 1.8.0_432 on Cyan with PID 6944 (F:\GitHubWorkspaces\NicheEngine\aerial-engine-server\aerial-engine-server\target\classes started by Snow in F:\GitHubWorkspaces\NicheEngine\aerial-engine-server)
2025-07-15 18:19:29.176   [main] DEBUG i.g.n.aerial.AerialEngineServerApplication - Running with Spring Boot v2.7.18, Spring v5.3.39
2025-07-15 18:19:29.178   [main] INFO  i.g.n.aerial.AerialEngineServerApplication - The following 1 profile is active: "dev"
2025-07-15 18:19:29.231   [main] DEBUG i.g.n.rest.holder.BeanDefinitionRegistryHolder - The bean definition registry holder has be initiated
2025-07-15 18:19:30.229   [main] INFO  o.s.d.r.config.RepositoryConfigurationDelegate - Multiple Spring Data modules found, entering strict repository configuration mode
2025-07-15 18:19:30.230   [main] INFO  o.s.d.r.config.RepositoryConfigurationDelegate - Bootstrapping Spring Data Redis repositories in DEFAULT mode.
2025-07-15 18:19:30.245   [main] INFO  o.s.d.r.config.RepositoryConfigurationDelegate - Finished Spring Data repository scanning in 4 ms. Found 0 Redis repository interfaces.
2025-07-15 18:19:30.392   [main] INFO  o.s.d.r.config.RepositoryConfigurationDelegate - Multiple Spring Data modules found, entering strict repository configuration mode
2025-07-15 18:19:30.393   [main] INFO  o.s.d.r.config.RepositoryConfigurationDelegate - Bootstrapping Spring Data Redis repositories in DEFAULT mode.
2025-07-15 18:19:30.507   [main] INFO  o.s.d.r.config.RepositoryConfigurationDelegate - Finished Spring Data repository scanning in 113 ms. Found 0 Redis repository interfaces.
2025-07-15 18:19:30.665   [main] DEBUG i.g.n.rest.holder.ListableBeanFactoryHolder - The listable bean factory holder has be initiated
2025-07-15 18:19:30.951   [main] DEBUG i.g.n.rest.configure.RestI18nAutoConfigure - The auto configuration for [rest-i18n] initiated
2025-07-15 18:19:30.955   [main] DEBUG i.g.nichetoolkit.rest.holder.MessageSourceHolder - The message source context holder has be refreshed
2025-07-15 18:19:31.099   [main] INFO  o.s.boot.web.embedded.tomcat.TomcatWebServer - Tomcat initialized with port(s): 8080 (http)
2025-07-15 18:19:31.104   [main] INFO  org.apache.coyote.http11.Http11NioProtocol - Initializing ProtocolHandler ["http-nio-8080"]
2025-07-15 18:19:31.105   [main] INFO  org.apache.catalina.core.StandardService - Starting service [Tomcat]
2025-07-15 18:19:31.105   [main] INFO  org.apache.catalina.core.StandardEngine - Starting Servlet engine: [Apache Tomcat/9.0.90]
2025-07-15 18:19:31.178   [main] INFO  o.a.c.core.ContainerBase.[Tomcat].[localhost].[/] - Initializing Spring embedded WebApplicationContext
2025-07-15 18:19:31.178   [main] INFO  o.s.b.w.s.c.ServletWebServerApplicationContext - Root WebApplicationContext: initialization completed in 1959 ms
2025-07-15 18:19:31.246   [main] DEBUG i.g.nichetoolkit.rest.logback.DefaultLogbackFilter - Filter 'defaultLogbackFilter' configured for use
2025-07-15 18:19:31.246   [main] DEBUG i.g.n.rice.defaults.DefaultAccessTokenFilter - Filter 'defaultAccessTokenFilter' configured for use
2025-07-15 18:19:31.251   [main] DEBUG i.g.n.ossfile.configure.OssfileCoreAutoConfigure - The auto configuration for [ossfile-core] initiated
2025-07-15 18:19:31.269   [main] DEBUG i.g.n.rest.configure.RestUtilsAutoConfigure - The auto configuration for [rest-utils] initiated
2025-07-15 18:19:31.270   [main] DEBUG i.g.n.rest.configure.RestCoreAutoConfigure - The auto configuration for [rest-core] initiated
2025-07-15 18:19:31.281   [main] DEBUG i.g.n.rest.configure.RestInterceptAutoConfigure - The auto configuration for [rest-intercept] initiated
2025-07-15 18:19:31.489   [main] DEBUG i.g.n.aerial.configure.DatasourceAutoConfigure - the auto configuration for [datasource] rest template initiated
2025-07-15 18:19:31.525   [main] WARN  org.mybatis.spring.SqlSessionFactoryBean - Property 'mapperLocations' was specified but matching resources are not found.
2025-07-15 18:19:31.528   [main] DEBUG io.github.nichetoolkit.rest.util.LoggerUtils - The fitter bean of [io.github.nichetoolkit.mybatis.holder.RestSqlSessionHolder] type for named 'restSqlSessionHolder' has be initiated.
2025-07-15 18:19:31.643   [main] INFO  i.github.nichetoolkit.mybatis.MybatisContextHolder - [MybatisContextHolder] > afterPropertiesSet: {"catalog":null,"schema":null,"updateLogic":false,"useLogic":true,"useOperate":false,"useLazyInit":false,"excludeUnused":true,"sqlScriptShow":true,"mysqlIgnoreInsert":false,"datetimeNow":"now()","databaseType":"postgresql","styleType":"lowerUnderline","excludedType":"EXCLUDED","properties":{},"excludes":null,"ignores":null,"selectIgnores":null,"insertIgnores":null,"updateIgnores":null,"unuseds":["operate"]}
2025-07-15 18:19:31.849   [main] DEBUG io.github.nichetoolkit.ossfile.OssfileStoreHolder - There are 1 store service beans has been initiated.
2025-07-15 18:19:31.850   [main] DEBUG i.github.nichetoolkit.rest.DefaultControllerAdvice - There are 5 fulfilled fitter beans has be initiated.
2025-07-15 18:19:31.868   [main] DEBUG i.g.n.rice.configure.RiceStarterAutoConfigure - The auto configuration for [rice-starter] initiated
2025-07-15 18:19:31.870   [main] DEBUG i.g.n.rice.configure.RiceContextAutoConfigure - The auto configuration for [rice-context] initiated
2025-07-15 18:19:31.891   [main] DEBUG i.g.n.rest.configure.RestHttpAutoConfigure - The auto configuration for [rest-http] initiated
2025-07-15 18:19:31.892   [main] DEBUG i.g.n.rest.configure.RestIdentityAutoConfigure - The auto configuration for [rest-identity] initiated
2025-07-15 18:19:31.895   [main] DEBUG i.g.n.rest.configure.RestLogbackAutoConfigure - The auto configuration for [rest-logback] initiated
2025-07-15 18:19:31.896   [main] DEBUG i.g.n.rest.configure.RestStarterAutoConfigure - The auto configuration for [rest-starter] initiated
2025-07-15 18:19:31.896   [main] DEBUG i.g.n.rice.configure.RiceCoreAutoConfigure - The auto configuration for [rice-core] initiated
2025-07-15 18:19:31.896   [main] DEBUG i.g.n.mybatis.configure.RiceMybatisAutoConfigure - The auto configuration for [rice-mybatis] initiated
2025-07-15 18:19:31.897   [main] DEBUG i.g.n.mybatis.configure.MybatisMapperAutoConfigure - The auto configuration for [mybatis-mapper] initiated
2025-07-15 18:19:31.923   [main] DEBUG i.g.n.m.configure.MybatisStarterAutoConfigure - The auto configuration for [mybatis-starter] initiated
2025-07-15 18:19:31.925   [main] DEBUG i.g.n.m.configure.MybatisContextAutoConfigure - The auto configuration for [mybatis-context] initiated
2025-07-15 18:19:31.925   [main] DEBUG i.g.n.mybatis.configure.MybatisCoreAutoConfigure - The auto configuration for [mybatis-core] initiated
2025-07-15 18:19:31.925   [main] DEBUG i.g.n.ossfile.configure.OssfileMinioAutoConfigure - The auto configuration for [ossfile-minio] initiated
2025-07-15 18:19:31.931   [main] DEBUG i.g.n.aerial.configure.AerialServerAutoConfigure - The auto configuration for [aerial-server] initiated
2025-07-15 18:19:31.934   [main] DEBUG i.g.n.aerial.configure.AerialThreadPoolConfigure - The auto configuration for [thread-pool] initiated
2025-07-15 18:19:31.938   [main] DEBUG i.g.n.aerial.configure.AerialMqttChannelConfigure - The auto configuration for [mqtt-channel] initiated
2025-07-15 18:19:31.938   [main] DEBUG i.g.n.aerial.configure.AerialRedisAutoConfigure - The auto configuration for [aerial-redis] initiated
2025-07-15 18:19:31.939   [main] DEBUG i.g.n.aerial.configure.AerialStarterAutoConfigure - The auto configuration for [aerial-starter] initiated
2025-07-15 18:19:31.940   [main] DEBUG i.g.n.aerial.configure.AerialWebSocketConfigure - The auto configuration for [web-socket] initiated
2025-07-15 18:19:32.148   [main] DEBUG i.g.n.aerial.configure.AerialDjisdkAutoConfigure - The auto configuration for [aerial-djisdk] initiated
2025-07-15 18:19:32.162   [main] DEBUG i.g.n.aerial.configure.AerialMqttAutoConfigure - The auto configuration for [aerial-mqtt] initiated
2025-07-15 18:19:32.211   [main] DEBUG i.g.n.a.configure.AerialWebSocketAutoConfigure - The auto configuration for [aerial-webSocket] initiated
2025-07-15 18:19:32.285   [main] DEBUG i.github.nicheengine.aerial.router.MqttDrcUpRouter - The mqtt drc-up router for [router@/drc/up] initiated
2025-07-15 18:19:32.287   [main] DEBUG i.g.nicheengine.aerial.router.MqttEventsRouter - The mqtt events router for [router@/events] initiated
2025-07-15 18:19:32.288   [main] DEBUG i.g.nicheengine.aerial.router.MqttMessageRouter - The mqtt message router for [router@/message] initiated
2025-07-15 18:19:32.294   [main] DEBUG io.github.nicheengine.aerial.router.MqttOsdRouter - The mqtt osd router for [router@/osd] initiated
2025-07-15 18:19:32.295   [main] DEBUG i.g.nicheengine.aerial.router.MqttPropertySetReply - The mqtt property set router for [router@/propertySet/reply] initiated
2025-07-15 18:19:32.295   [main] DEBUG i.g.nicheengine.aerial.router.MqttRequestsRouter - The mqtt requests router for [router@/requests] initiated
2025-07-15 18:19:32.296   [main] DEBUG i.g.nicheengine.aerial.router.MqttServicesReply - The mqtt services-reply router for [router@/services/reply] initiated
2025-07-15 18:19:32.297   [main] DEBUG i.github.nicheengine.aerial.router.MqttStateRouter - The mqtt state router for [router@/state] initiated
2025-07-15 18:19:32.299   [main] DEBUG i.g.nicheengine.aerial.router.MqttStatusRouter - The mqtt status router for [router@/status] initiated
2025-07-15 18:19:32.304   [main] DEBUG io.github.nichetoolkit.rest.worker.jwt.JwtWorker - The jwt        properties: {"enabled":true,"algorithm":"HS256","secret":"ICBwpv3gDQLfdrtTuek5wtQ","kid":"","issuer":"io.github.nicheengine","audiences":[],"expireTime":0,"expireUnit":"MILLIS","issuedDelayTime":0,"issuedDelayUnit":"MILLIS","notBeforeEnabled":false}
2025-07-15 18:19:32.307   [main] DEBUG io.github.nichetoolkit.rest.worker.sha.ShaWorker - The sha        properties: {"enabled":true,"secret":"ZbqWif8ZSnjWQS5iznqXcUoKEjAV4sqJVLtV2XoeUDkGe3vPe8mAL3PhdulCRaPQxI46V86kzmf97UeigGk","algorithm":3}
2025-07-15 18:19:32.318   [main] DEBUG i.g.n.rest.configure.RestHttpAutoConfigure - the auto configuration for [okHttp3] rest template initiated!
2025-07-15 18:19:32.347   [main] DEBUG i.g.n.rest.configure.RestHttpAutoConfigure - The http       properties: {"enabled":true,"connectTimeout":2000,"readTimeout":30000,"requestTimeout":200,"maxCoreSize":5,"maxIdleSize":10,"httpType":"okHttp3","charset":"UTF-8","encodingMode":"NONE","retryTimes":0,"keepAliveHosts":null,"keepAliveTime":600000,"proxy":{"type":"socks","hostname":"","port":null}}
2025-07-15 18:19:32.371   [main] DEBUG i.g.nichetoolkit.rest.identity.IdentityFactory - The identity   properties: {"enabled":true,"type":"CONFIG","config":{"workerId":1,"centerId":2,"sequence":1},"server":{"sequence":1,"url":null,"api":null}}
2025-07-15 18:19:33.467   [main] INFO  org.apache.coyote.http11.Http11NioProtocol - Starting ProtocolHandler ["http-nio-8080"]
2025-07-15 18:19:33.484   [main] INFO  o.s.boot.web.embedded.tomcat.TomcatWebServer - Tomcat started on port(s): 8080 (http) with context path ''
2025-07-15 18:19:33.485   [main] INFO  o.s.m.simp.broker.SimpleBrokerMessageHandler - Starting...
2025-07-15 18:19:33.485   [main] INFO  o.s.m.simp.broker.SimpleBrokerMessageHandler - BrokerAvailabilityEvent[available=true, SimpleBrokerMessageHandler [org.springframework.messaging.simp.broker.DefaultSubscriptionRegistry@123c48d0]]
2025-07-15 18:19:33.485   [main] INFO  o.s.m.simp.broker.SimpleBrokerMessageHandler - Started.
2025-07-15 18:19:33.495   [main] INFO  i.g.n.aerial.AerialEngineServerApplication - Started AerialEngineServerApplication in 4.709 seconds (JVM running for 5.398)
2025-07-15 18:20:32.959   [MessageBroker-1] INFO  o.s.web.socket.config.WebSocketMessageBrokerStats - WebSocketSession[0 current WS(0)-HttpStream(0)-HttpPoll(0), 0 total, 0 closed abnormally (0 connect failure, 0 send limit, 0 transport error)], stompSubProtocol[processed CONNECT(0)-CONNECTED(0)-DISCONNECT(0)], stompBrokerRelay[null], inboundChannel[pool size = 0, active threads = 0, queued tasks = 0, completed tasks = 0], outboundChannel[pool size = 0, active threads = 0, queued tasks = 0, completed tasks = 0], sockJsScheduler[pool size = 1, active threads = 1, queued tasks = 0, completed tasks = 0]
2025-07-15 18:22:19.388   [http-nio-8080-exec-2] INFO  o.a.c.core.ContainerBase.[Tomcat].[localhost].[/] - Initializing Spring DispatcherServlet 'dispatcherServlet'
2025-07-15 18:22:19.388   [http-nio-8080-exec-2] INFO  org.springframework.web.servlet.DispatcherServlet - Initializing Servlet 'dispatcherServlet'
2025-07-15 18:22:19.390   [http-nio-8080-exec-2] INFO  org.springframework.web.servlet.DispatcherServlet - Completed initialization in 2 ms
2025-07-15 18:22:19.404 [8C80FF496B1B-1945066389098741760]  [http-nio-8080-exec-2] DEBUG i.g.nichetoolkit.rest.logback.DefaultLogbackFilter - request-id: 73cfb62e468d28f42dc4a07d80aa5c9e, request-uri: /api_v1/hello
2025-07-15 18:25:51.417   [SpringApplicationShutdownHook] INFO  o.s.m.simp.broker.SimpleBrokerMessageHandler - Stopping...
2025-07-15 18:25:51.418   [SpringApplicationShutdownHook] INFO  o.s.m.simp.broker.SimpleBrokerMessageHandler - BrokerAvailabilityEvent[available=false, SimpleBrokerMessageHandler [org.springframework.messaging.simp.broker.DefaultSubscriptionRegistry@123c48d0]]
2025-07-15 18:25:51.419   [SpringApplicationShutdownHook] INFO  o.s.m.simp.broker.SimpleBrokerMessageHandler - Stopped.
2025-07-15 18:25:58.482   [background-preinit] INFO  org.hibernate.validator.internal.util.Version - HV000001: Hibernate Validator 6.2.5.Final
2025-07-15 18:25:58.498   [main] DEBUG i.g.n.rest.holder.ApplicationContextHolder - The application context holder has be initiated
2025-07-15 18:25:58.498   [main] DEBUG i.g.nichetoolkit.rest.holder.MessageSourceHolder - The message source context holder has be initiated
2025-07-15 18:25:58.502   [main] INFO  i.g.n.aerial.AerialEngineServerApplication - Starting AerialEngineServerApplication using Java 1.8.0_432 on Cyan with PID 9048 (F:\GitHubWorkspaces\NicheEngine\aerial-engine-server\aerial-engine-server\target\classes started by Snow in F:\GitHubWorkspaces\NicheEngine\aerial-engine-server)
2025-07-15 18:25:58.503   [main] DEBUG i.g.n.aerial.AerialEngineServerApplication - Running with Spring Boot v2.7.18, Spring v5.3.39
2025-07-15 18:25:58.503   [main] INFO  i.g.n.aerial.AerialEngineServerApplication - The following 1 profile is active: "dev"
2025-07-15 18:25:58.578   [main] DEBUG i.g.n.rest.holder.BeanDefinitionRegistryHolder - The bean definition registry holder has be initiated
2025-07-15 18:25:59.569   [main] INFO  o.s.d.r.config.RepositoryConfigurationDelegate - Multiple Spring Data modules found, entering strict repository configuration mode
2025-07-15 18:25:59.570   [main] INFO  o.s.d.r.config.RepositoryConfigurationDelegate - Bootstrapping Spring Data Redis repositories in DEFAULT mode.
2025-07-15 18:25:59.587   [main] INFO  o.s.d.r.config.RepositoryConfigurationDelegate - Finished Spring Data repository scanning in 4 ms. Found 0 Redis repository interfaces.
2025-07-15 18:25:59.730   [main] INFO  o.s.d.r.config.RepositoryConfigurationDelegate - Multiple Spring Data modules found, entering strict repository configuration mode
2025-07-15 18:25:59.731   [main] INFO  o.s.d.r.config.RepositoryConfigurationDelegate - Bootstrapping Spring Data Redis repositories in DEFAULT mode.
2025-07-15 18:25:59.861   [main] INFO  o.s.d.r.config.RepositoryConfigurationDelegate - Finished Spring Data repository scanning in 129 ms. Found 0 Redis repository interfaces.
2025-07-15 18:26:00.034   [main] DEBUG i.g.n.rest.holder.ListableBeanFactoryHolder - The listable bean factory holder has be initiated
2025-07-15 18:26:00.333   [main] DEBUG i.g.n.rest.configure.RestI18nAutoConfigure - The auto configuration for [rest-i18n] initiated
2025-07-15 18:26:00.338   [main] DEBUG i.g.nichetoolkit.rest.holder.MessageSourceHolder - The message source context holder has be refreshed
2025-07-15 18:26:00.485   [main] INFO  o.s.boot.web.embedded.tomcat.TomcatWebServer - Tomcat initialized with port(s): 8080 (http)
2025-07-15 18:26:00.489   [main] INFO  org.apache.coyote.http11.Http11NioProtocol - Initializing ProtocolHandler ["http-nio-8080"]
2025-07-15 18:26:00.490   [main] INFO  org.apache.catalina.core.StandardService - Starting service [Tomcat]
2025-07-15 18:26:00.490   [main] INFO  org.apache.catalina.core.StandardEngine - Starting Servlet engine: [Apache Tomcat/9.0.90]
2025-07-15 18:26:00.567   [main] INFO  o.a.c.core.ContainerBase.[Tomcat].[localhost].[/] - Initializing Spring embedded WebApplicationContext
2025-07-15 18:26:00.567   [main] INFO  o.s.b.w.s.c.ServletWebServerApplicationContext - Root WebApplicationContext: initialization completed in 2004 ms
2025-07-15 18:26:00.635   [main] DEBUG i.g.nichetoolkit.rest.logback.DefaultLogbackFilter - Filter 'defaultLogbackFilter' configured for use
2025-07-15 18:26:00.635   [main] DEBUG i.g.n.rice.defaults.DefaultAccessTokenFilter - Filter 'defaultAccessTokenFilter' configured for use
2025-07-15 18:26:00.641   [main] DEBUG i.g.n.ossfile.configure.OssfileCoreAutoConfigure - The auto configuration for [ossfile-core] initiated
2025-07-15 18:26:00.657   [main] DEBUG i.g.n.rest.configure.RestUtilsAutoConfigure - The auto configuration for [rest-utils] initiated
2025-07-15 18:26:00.658   [main] DEBUG i.g.n.rest.configure.RestCoreAutoConfigure - The auto configuration for [rest-core] initiated
2025-07-15 18:26:00.671   [main] DEBUG i.g.n.rest.configure.RestInterceptAutoConfigure - The auto configuration for [rest-intercept] initiated
2025-07-15 18:26:00.871   [main] DEBUG i.g.n.aerial.configure.DatasourceAutoConfigure - the auto configuration for [datasource] rest template initiated
2025-07-15 18:26:00.907   [main] WARN  org.mybatis.spring.SqlSessionFactoryBean - Property 'mapperLocations' was specified but matching resources are not found.
2025-07-15 18:26:00.910   [main] DEBUG io.github.nichetoolkit.rest.util.LoggerUtils - The fitter bean of [io.github.nichetoolkit.mybatis.holder.RestSqlSessionHolder] type for named 'restSqlSessionHolder' has be initiated.
2025-07-15 18:26:01.002   [main] INFO  i.github.nichetoolkit.mybatis.MybatisContextHolder - [MybatisContextHolder] > afterPropertiesSet: {"catalog":null,"schema":null,"updateLogic":false,"useLogic":true,"useOperate":false,"useLazyInit":false,"excludeUnused":true,"sqlScriptShow":true,"mysqlIgnoreInsert":false,"datetimeNow":"now()","databaseType":"postgresql","styleType":"lowerUnderline","excludedType":"EXCLUDED","properties":{},"excludes":null,"ignores":null,"selectIgnores":null,"insertIgnores":null,"updateIgnores":null,"unuseds":["operate"]}
2025-07-15 18:26:01.205   [main] DEBUG io.github.nichetoolkit.ossfile.OssfileStoreHolder - There are 1 store service beans has been initiated.
2025-07-15 18:26:01.205   [main] DEBUG i.github.nichetoolkit.rest.DefaultControllerAdvice - There are 5 fulfilled fitter beans has be initiated.
2025-07-15 18:26:01.224   [main] DEBUG i.g.n.rice.configure.RiceStarterAutoConfigure - The auto configuration for [rice-starter] initiated
2025-07-15 18:26:01.226   [main] DEBUG i.g.n.rice.configure.RiceContextAutoConfigure - The auto configuration for [rice-context] initiated
2025-07-15 18:26:01.248   [main] DEBUG i.g.n.rest.configure.RestHttpAutoConfigure - The auto configuration for [rest-http] initiated
2025-07-15 18:26:01.249   [main] DEBUG i.g.n.rest.configure.RestIdentityAutoConfigure - The auto configuration for [rest-identity] initiated
2025-07-15 18:26:01.252   [main] DEBUG i.g.n.rest.configure.RestLogbackAutoConfigure - The auto configuration for [rest-logback] initiated
2025-07-15 18:26:01.252   [main] DEBUG i.g.n.rest.configure.RestStarterAutoConfigure - The auto configuration for [rest-starter] initiated
2025-07-15 18:26:01.252   [main] DEBUG i.g.n.rice.configure.RiceCoreAutoConfigure - The auto configuration for [rice-core] initiated
2025-07-15 18:26:01.252   [main] DEBUG i.g.n.mybatis.configure.RiceMybatisAutoConfigure - The auto configuration for [rice-mybatis] initiated
2025-07-15 18:26:01.253   [main] DEBUG i.g.n.mybatis.configure.MybatisMapperAutoConfigure - The auto configuration for [mybatis-mapper] initiated
2025-07-15 18:26:01.267   [main] DEBUG i.g.n.m.configure.MybatisStarterAutoConfigure - The auto configuration for [mybatis-starter] initiated
2025-07-15 18:26:01.269   [main] DEBUG i.g.n.m.configure.MybatisContextAutoConfigure - The auto configuration for [mybatis-context] initiated
2025-07-15 18:26:01.269   [main] DEBUG i.g.n.mybatis.configure.MybatisCoreAutoConfigure - The auto configuration for [mybatis-core] initiated
2025-07-15 18:26:01.270   [main] DEBUG i.g.n.ossfile.configure.OssfileMinioAutoConfigure - The auto configuration for [ossfile-minio] initiated
2025-07-15 18:26:01.276   [main] DEBUG i.g.n.aerial.configure.AerialServerAutoConfigure - The auto configuration for [aerial-server] initiated
2025-07-15 18:26:01.279   [main] DEBUG i.g.n.aerial.configure.AerialThreadPoolConfigure - The auto configuration for [thread-pool] initiated
2025-07-15 18:26:01.284   [main] DEBUG i.g.n.aerial.configure.AerialMqttChannelConfigure - The auto configuration for [mqtt-channel] initiated
2025-07-15 18:26:01.284   [main] DEBUG i.g.n.aerial.configure.AerialRedisAutoConfigure - The auto configuration for [aerial-redis] initiated
2025-07-15 18:26:01.285   [main] DEBUG i.g.n.aerial.configure.AerialStarterAutoConfigure - The auto configuration for [aerial-starter] initiated
2025-07-15 18:26:01.285   [main] DEBUG i.g.n.aerial.configure.AerialWebSocketConfigure - The auto configuration for [web-socket] initiated
2025-07-15 18:26:01.510   [main] DEBUG i.g.n.aerial.configure.AerialDjisdkAutoConfigure - The auto configuration for [aerial-djisdk] initiated
2025-07-15 18:26:01.523   [main] DEBUG i.g.n.aerial.configure.AerialMqttAutoConfigure - The auto configuration for [aerial-mqtt] initiated
2025-07-15 18:26:01.590   [main] DEBUG i.g.n.a.configure.AerialWebSocketAutoConfigure - The auto configuration for [aerial-webSocket] initiated
2025-07-15 18:26:01.666   [main] DEBUG i.github.nicheengine.aerial.router.MqttDrcUpRouter - The mqtt drc-up router for [router@/drc/up] initiated
2025-07-15 18:26:01.669   [main] DEBUG i.g.nicheengine.aerial.router.MqttEventsRouter - The mqtt events router for [router@/events] initiated
2025-07-15 18:26:01.670   [main] DEBUG i.g.nicheengine.aerial.router.MqttMessageRouter - The mqtt message router for [router@/message] initiated
2025-07-15 18:26:01.675   [main] DEBUG io.github.nicheengine.aerial.router.MqttOsdRouter - The mqtt osd router for [router@/osd] initiated
2025-07-15 18:26:01.676   [main] DEBUG i.g.nicheengine.aerial.router.MqttPropertySetReply - The mqtt property set router for [router@/propertySet/reply] initiated
2025-07-15 18:26:01.676   [main] DEBUG i.g.nicheengine.aerial.router.MqttRequestsRouter - The mqtt requests router for [router@/requests] initiated
2025-07-15 18:26:01.677   [main] DEBUG i.g.nicheengine.aerial.router.MqttServicesReply - The mqtt services-reply router for [router@/services/reply] initiated
2025-07-15 18:26:01.678   [main] DEBUG i.github.nicheengine.aerial.router.MqttStateRouter - The mqtt state router for [router@/state] initiated
2025-07-15 18:26:01.678   [main] DEBUG i.g.nicheengine.aerial.router.MqttStatusRouter - The mqtt status router for [router@/status] initiated
2025-07-15 18:26:01.685   [main] DEBUG io.github.nichetoolkit.rest.worker.jwt.JwtWorker - The jwt        properties: {"enabled":true,"algorithm":"HS256","secret":"ICBwpv3gDQLfdrtTuek5wtQ","kid":"","issuer":"io.github.nicheengine","audiences":[],"expireTime":0,"expireUnit":"MILLIS","issuedDelayTime":0,"issuedDelayUnit":"MILLIS","notBeforeEnabled":false}
2025-07-15 18:26:01.687   [main] DEBUG io.github.nichetoolkit.rest.worker.sha.ShaWorker - The sha        properties: {"enabled":true,"secret":"ZbqWif8ZSnjWQS5iznqXcUoKEjAV4sqJVLtV2XoeUDkGe3vPe8mAL3PhdulCRaPQxI46V86kzmf97UeigGk","algorithm":3}
2025-07-15 18:26:01.697   [main] DEBUG i.g.n.rest.configure.RestHttpAutoConfigure - the auto configuration for [okHttp3] rest template initiated!
2025-07-15 18:26:01.728   [main] DEBUG i.g.n.rest.configure.RestHttpAutoConfigure - The http       properties: {"enabled":true,"connectTimeout":2000,"readTimeout":30000,"requestTimeout":200,"maxCoreSize":5,"maxIdleSize":10,"httpType":"okHttp3","charset":"UTF-8","encodingMode":"NONE","retryTimes":0,"keepAliveHosts":null,"keepAliveTime":600000,"proxy":{"type":"socks","hostname":"","port":null}}
2025-07-15 18:26:01.750   [main] DEBUG i.g.nichetoolkit.rest.identity.IdentityFactory - The identity   properties: {"enabled":true,"type":"CONFIG","config":{"workerId":1,"centerId":2,"sequence":1},"server":{"sequence":1,"url":null,"api":null}}
2025-07-15 18:26:02.758   [main] INFO  org.apache.coyote.http11.Http11NioProtocol - Starting ProtocolHandler ["http-nio-8080"]
2025-07-15 18:26:02.771   [main] INFO  o.s.boot.web.embedded.tomcat.TomcatWebServer - Tomcat started on port(s): 8080 (http) with context path ''
2025-07-15 18:26:02.772   [main] INFO  o.s.m.simp.broker.SimpleBrokerMessageHandler - Starting...
2025-07-15 18:26:02.772   [main] INFO  o.s.m.simp.broker.SimpleBrokerMessageHandler - BrokerAvailabilityEvent[available=true, SimpleBrokerMessageHandler [org.springframework.messaging.simp.broker.DefaultSubscriptionRegistry@44618fe6]]
2025-07-15 18:26:02.772   [main] INFO  o.s.m.simp.broker.SimpleBrokerMessageHandler - Started.
2025-07-15 18:26:02.785   [main] INFO  i.g.n.aerial.AerialEngineServerApplication - Started AerialEngineServerApplication in 4.633 seconds (JVM running for 5.314)
2025-07-15 18:26:05.424   [http-nio-8080-exec-1] INFO  o.a.c.core.ContainerBase.[Tomcat].[localhost].[/] - Initializing Spring DispatcherServlet 'dispatcherServlet'
2025-07-15 18:26:05.424   [http-nio-8080-exec-1] INFO  org.springframework.web.servlet.DispatcherServlet - Initializing Servlet 'dispatcherServlet'
2025-07-15 18:26:05.426   [http-nio-8080-exec-1] INFO  org.springframework.web.servlet.DispatcherServlet - Completed initialization in 2 ms
2025-07-15 18:26:05.433 [4AA3FF29D2BE-1945067337133080576]  [http-nio-8080-exec-1] DEBUG i.g.nichetoolkit.rest.logback.DefaultLogbackFilter - request-id: 93f4a24971aa6ce4c846a0128e2f75a7, request-uri: /api_v1/hello
2025-07-15 18:27:02.285   [MessageBroker-1] INFO  o.s.web.socket.config.WebSocketMessageBrokerStats - WebSocketSession[0 current WS(0)-HttpStream(0)-HttpPoll(0), 0 total, 0 closed abnormally (0 connect failure, 0 send limit, 0 transport error)], stompSubProtocol[processed CONNECT(0)-CONNECTED(0)-DISCONNECT(0)], stompBrokerRelay[null], inboundChannel[pool size = 0, active threads = 0, queued tasks = 0, completed tasks = 0], outboundChannel[pool size = 0, active threads = 0, queued tasks = 0, completed tasks = 0], sockJsScheduler[pool size = 1, active threads = 1, queued tasks = 0, completed tasks = 0]
2025-07-15 18:27:15.860   [SpringApplicationShutdownHook] INFO  o.s.m.simp.broker.SimpleBrokerMessageHandler - Stopping...
2025-07-15 18:27:15.861   [SpringApplicationShutdownHook] INFO  o.s.m.simp.broker.SimpleBrokerMessageHandler - BrokerAvailabilityEvent[available=false, SimpleBrokerMessageHandler [org.springframework.messaging.simp.broker.DefaultSubscriptionRegistry@44618fe6]]
2025-07-15 18:27:15.861   [SpringApplicationShutdownHook] INFO  o.s.m.simp.broker.SimpleBrokerMessageHandler - Stopped.
2025-07-15 18:27:22.805   [background-preinit] INFO  org.hibernate.validator.internal.util.Version - HV000001: Hibernate Validator 6.2.5.Final
2025-07-15 18:27:22.822   [main] DEBUG i.g.n.rest.holder.ApplicationContextHolder - The application context holder has be initiated
2025-07-15 18:27:22.827   [main] DEBUG i.g.nichetoolkit.rest.holder.MessageSourceHolder - The message source context holder has be initiated
2025-07-15 18:27:22.833   [main] INFO  i.g.n.aerial.AerialEngineServerApplication - Starting AerialEngineServerApplication using Java 1.8.0_432 on Cyan with PID 7680 (F:\GitHubWorkspaces\NicheEngine\aerial-engine-server\aerial-engine-server\target\classes started by Snow in F:\GitHubWorkspaces\NicheEngine\aerial-engine-server)
2025-07-15 18:27:22.833   [main] DEBUG i.g.n.aerial.AerialEngineServerApplication - Running with Spring Boot v2.7.18, Spring v5.3.39
2025-07-15 18:27:22.834   [main] INFO  i.g.n.aerial.AerialEngineServerApplication - The following 1 profile is active: "dev"
2025-07-15 18:27:22.917   [main] DEBUG i.g.n.rest.holder.BeanDefinitionRegistryHolder - The bean definition registry holder has be initiated
2025-07-15 18:27:24.079   [main] INFO  o.s.d.r.config.RepositoryConfigurationDelegate - Multiple Spring Data modules found, entering strict repository configuration mode
2025-07-15 18:27:24.079   [main] INFO  o.s.d.r.config.RepositoryConfigurationDelegate - Bootstrapping Spring Data Redis repositories in DEFAULT mode.
2025-07-15 18:27:24.104   [main] INFO  o.s.d.r.config.RepositoryConfigurationDelegate - Finished Spring Data repository scanning in 6 ms. Found 0 Redis repository interfaces.
2025-07-15 18:27:24.385   [main] INFO  o.s.d.r.config.RepositoryConfigurationDelegate - Multiple Spring Data modules found, entering strict repository configuration mode
2025-07-15 18:27:24.385   [main] INFO  o.s.d.r.config.RepositoryConfigurationDelegate - Bootstrapping Spring Data Redis repositories in DEFAULT mode.
2025-07-15 18:27:24.477   [main] INFO  o.s.d.r.config.RepositoryConfigurationDelegate - Finished Spring Data repository scanning in 92 ms. Found 0 Redis repository interfaces.
2025-07-15 18:27:24.708   [main] DEBUG i.g.n.rest.holder.ListableBeanFactoryHolder - The listable bean factory holder has be initiated
2025-07-15 18:27:25.269   [main] DEBUG i.g.n.rest.configure.RestI18nAutoConfigure - The auto configuration for [rest-i18n] initiated
2025-07-15 18:27:25.274   [main] DEBUG i.g.nichetoolkit.rest.holder.MessageSourceHolder - The message source context holder has be refreshed
2025-07-15 18:27:25.558   [main] INFO  o.s.boot.web.embedded.tomcat.TomcatWebServer - Tomcat initialized with port(s): 8080 (http)
2025-07-15 18:27:25.568   [main] INFO  org.apache.coyote.http11.Http11NioProtocol - Initializing ProtocolHandler ["http-nio-8080"]
2025-07-15 18:27:25.570   [main] INFO  org.apache.catalina.core.StandardService - Starting service [Tomcat]
2025-07-15 18:27:25.570   [main] INFO  org.apache.catalina.core.StandardEngine - Starting Servlet engine: [Apache Tomcat/9.0.90]
2025-07-15 18:27:25.708   [main] INFO  o.a.c.core.ContainerBase.[Tomcat].[localhost].[/] - Initializing Spring embedded WebApplicationContext
2025-07-15 18:27:25.708   [main] INFO  o.s.b.w.s.c.ServletWebServerApplicationContext - Root WebApplicationContext: initialization completed in 2817 ms
2025-07-15 18:27:25.853   [main] DEBUG i.g.nichetoolkit.rest.logback.DefaultLogbackFilter - Filter 'defaultLogbackFilter' configured for use
2025-07-15 18:27:25.854   [main] DEBUG i.g.n.rice.defaults.DefaultAccessTokenFilter - Filter 'defaultAccessTokenFilter' configured for use
2025-07-15 18:27:25.873   [main] DEBUG i.g.n.ossfile.configure.OssfileCoreAutoConfigure - The auto configuration for [ossfile-core] initiated
2025-07-15 18:27:25.913   [main] DEBUG i.g.n.rest.configure.RestUtilsAutoConfigure - The auto configuration for [rest-utils] initiated
2025-07-15 18:27:25.914   [main] DEBUG i.g.n.rest.configure.RestCoreAutoConfigure - The auto configuration for [rest-core] initiated
2025-07-15 18:27:25.934   [main] DEBUG i.g.n.rest.configure.RestInterceptAutoConfigure - The auto configuration for [rest-intercept] initiated
2025-07-15 18:27:26.227   [main] DEBUG i.g.n.aerial.configure.DatasourceAutoConfigure - the auto configuration for [datasource] rest template initiated
2025-07-15 18:27:26.304   [main] WARN  org.mybatis.spring.SqlSessionFactoryBean - Property 'mapperLocations' was specified but matching resources are not found.
2025-07-15 18:27:26.311   [main] DEBUG io.github.nichetoolkit.rest.util.LoggerUtils - The fitter bean of [io.github.nichetoolkit.mybatis.holder.RestSqlSessionHolder] type for named 'restSqlSessionHolder' has be initiated.
2025-07-15 18:27:26.544   [main] INFO  i.github.nichetoolkit.mybatis.MybatisContextHolder - [MybatisContextHolder] > afterPropertiesSet: {"catalog":null,"schema":null,"updateLogic":false,"useLogic":true,"useOperate":false,"useLazyInit":false,"excludeUnused":true,"sqlScriptShow":true,"mysqlIgnoreInsert":false,"datetimeNow":"now()","databaseType":"postgresql","styleType":"lowerUnderline","excludedType":"EXCLUDED","properties":{},"excludes":null,"ignores":null,"selectIgnores":null,"insertIgnores":null,"updateIgnores":null,"unuseds":["operate"]}
2025-07-15 18:27:26.965   [main] DEBUG io.github.nichetoolkit.ossfile.OssfileStoreHolder - There are 1 store service beans has been initiated.
2025-07-15 18:27:26.965   [main] DEBUG i.github.nichetoolkit.rest.DefaultControllerAdvice - There are 5 fulfilled fitter beans has be initiated.
2025-07-15 18:27:27.010   [main] DEBUG i.g.n.rice.configure.RiceStarterAutoConfigure - The auto configuration for [rice-starter] initiated
2025-07-15 18:27:27.012   [main] DEBUG i.g.n.rice.configure.RiceContextAutoConfigure - The auto configuration for [rice-context] initiated
2025-07-15 18:27:27.047   [main] DEBUG i.g.n.rest.configure.RestHttpAutoConfigure - The auto configuration for [rest-http] initiated
2025-07-15 18:27:27.048   [main] DEBUG i.g.n.rest.configure.RestIdentityAutoConfigure - The auto configuration for [rest-identity] initiated
2025-07-15 18:27:27.053   [main] DEBUG i.g.n.rest.configure.RestLogbackAutoConfigure - The auto configuration for [rest-logback] initiated
2025-07-15 18:27:27.053   [main] DEBUG i.g.n.rest.configure.RestStarterAutoConfigure - The auto configuration for [rest-starter] initiated
2025-07-15 18:27:27.054   [main] DEBUG i.g.n.rice.configure.RiceCoreAutoConfigure - The auto configuration for [rice-core] initiated
2025-07-15 18:27:27.054   [main] DEBUG i.g.n.mybatis.configure.RiceMybatisAutoConfigure - The auto configuration for [rice-mybatis] initiated
2025-07-15 18:27:27.055   [main] DEBUG i.g.n.mybatis.configure.MybatisMapperAutoConfigure - The auto configuration for [mybatis-mapper] initiated
2025-07-15 18:27:27.087   [main] DEBUG i.g.n.m.configure.MybatisStarterAutoConfigure - The auto configuration for [mybatis-starter] initiated
2025-07-15 18:27:27.092   [main] DEBUG i.g.n.m.configure.MybatisContextAutoConfigure - The auto configuration for [mybatis-context] initiated
2025-07-15 18:27:27.093   [main] DEBUG i.g.n.mybatis.configure.MybatisCoreAutoConfigure - The auto configuration for [mybatis-core] initiated
2025-07-15 18:27:27.094   [main] DEBUG i.g.n.ossfile.configure.OssfileMinioAutoConfigure - The auto configuration for [ossfile-minio] initiated
2025-07-15 18:27:27.109   [main] DEBUG i.g.n.aerial.configure.AerialServerAutoConfigure - The auto configuration for [aerial-server] initiated
2025-07-15 18:27:27.117   [main] DEBUG i.g.n.aerial.configure.AerialThreadPoolConfigure - The auto configuration for [thread-pool] initiated
2025-07-15 18:27:27.120   [main] DEBUG i.g.n.aerial.configure.AerialMqttChannelConfigure - The auto configuration for [mqtt-channel] initiated
2025-07-15 18:27:27.121   [main] DEBUG i.g.n.aerial.configure.AerialRedisAutoConfigure - The auto configuration for [aerial-redis] initiated
2025-07-15 18:27:27.123   [main] DEBUG i.g.n.aerial.configure.AerialStarterAutoConfigure - The auto configuration for [aerial-starter] initiated
2025-07-15 18:27:27.123   [main] DEBUG i.g.n.aerial.configure.AerialWebSocketConfigure - The auto configuration for [web-socket] initiated
2025-07-15 18:27:27.691   [main] DEBUG i.g.n.aerial.configure.AerialDjisdkAutoConfigure - The auto configuration for [aerial-djisdk] initiated
2025-07-15 18:27:27.713   [main] DEBUG i.g.n.aerial.configure.AerialMqttAutoConfigure - The auto configuration for [aerial-mqtt] initiated
2025-07-15 18:27:27.822   [main] DEBUG i.g.n.a.configure.AerialWebSocketAutoConfigure - The auto configuration for [aerial-webSocket] initiated
2025-07-15 18:27:27.983   [main] DEBUG i.github.nicheengine.aerial.router.MqttDrcUpRouter - The mqtt drc-up router for [router@/drc/up] initiated
2025-07-15 18:27:27.985   [main] DEBUG i.g.nicheengine.aerial.router.MqttEventsRouter - The mqtt events router for [router@/events] initiated
2025-07-15 18:27:27.989   [main] DEBUG i.g.nicheengine.aerial.router.MqttMessageRouter - The mqtt message router for [router@/message] initiated
2025-07-15 18:27:27.996   [main] DEBUG io.github.nicheengine.aerial.router.MqttOsdRouter - The mqtt osd router for [router@/osd] initiated
2025-07-15 18:27:27.998   [main] DEBUG i.g.nicheengine.aerial.router.MqttPropertySetReply - The mqtt property set router for [router@/propertySet/reply] initiated
2025-07-15 18:27:27.998   [main] DEBUG i.g.nicheengine.aerial.router.MqttRequestsRouter - The mqtt requests router for [router@/requests] initiated
2025-07-15 18:27:28.000   [main] DEBUG i.g.nicheengine.aerial.router.MqttServicesReply - The mqtt services-reply router for [router@/services/reply] initiated
2025-07-15 18:27:28.000   [main] DEBUG i.github.nicheengine.aerial.router.MqttStateRouter - The mqtt state router for [router@/state] initiated
2025-07-15 18:27:28.001   [main] DEBUG i.g.nicheengine.aerial.router.MqttStatusRouter - The mqtt status router for [router@/status] initiated
2025-07-15 18:27:28.014   [main] DEBUG io.github.nichetoolkit.rest.worker.jwt.JwtWorker - The jwt        properties: {"enabled":true,"algorithm":"HS256","secret":"ICBwpv3gDQLfdrtTuek5wtQ","kid":"","issuer":"io.github.nicheengine","audiences":[],"expireTime":0,"expireUnit":"MILLIS","issuedDelayTime":0,"issuedDelayUnit":"MILLIS","notBeforeEnabled":false}
2025-07-15 18:27:28.018   [main] DEBUG io.github.nichetoolkit.rest.worker.sha.ShaWorker - The sha        properties: {"enabled":true,"secret":"ZbqWif8ZSnjWQS5iznqXcUoKEjAV4sqJVLtV2XoeUDkGe3vPe8mAL3PhdulCRaPQxI46V86kzmf97UeigGk","algorithm":3}
2025-07-15 18:27:33.123   [main] DEBUG i.g.n.rest.configure.RestHttpAutoConfigure - the auto configuration for [okHttp3] rest template initiated!
2025-07-15 18:27:33.176   [main] DEBUG i.g.n.rest.configure.RestHttpAutoConfigure - The http       properties: {"enabled":true,"connectTimeout":2000,"readTimeout":30000,"requestTimeout":200,"maxCoreSize":5,"maxIdleSize":10,"httpType":"okHttp3","charset":"UTF-8","encodingMode":"NONE","retryTimes":0,"keepAliveHosts":null,"keepAliveTime":600000,"proxy":{"type":"socks","hostname":"","port":null}}
2025-07-15 18:27:33.205   [main] DEBUG i.g.nichetoolkit.rest.identity.IdentityFactory - The identity   properties: {"enabled":true,"type":"CONFIG","config":{"workerId":1,"centerId":2,"sequence":1},"server":{"sequence":1,"url":null,"api":null}}
2025-07-15 18:27:35.033   [main] INFO  org.apache.coyote.http11.Http11NioProtocol - Starting ProtocolHandler ["http-nio-8080"]
2025-07-15 18:27:35.092   [main] INFO  o.s.boot.web.embedded.tomcat.TomcatWebServer - Tomcat started on port(s): 8080 (http) with context path ''
2025-07-15 18:27:35.094   [main] INFO  o.s.m.simp.broker.SimpleBrokerMessageHandler - Starting...
2025-07-15 18:27:35.096   [main] INFO  o.s.m.simp.broker.SimpleBrokerMessageHandler - BrokerAvailabilityEvent[available=true, SimpleBrokerMessageHandler [org.springframework.messaging.simp.broker.DefaultSubscriptionRegistry@54d2f5d3]]
2025-07-15 18:27:35.096   [main] INFO  o.s.m.simp.broker.SimpleBrokerMessageHandler - Started.
2025-07-15 18:27:35.111   [main] INFO  i.g.n.aerial.AerialEngineServerApplication - Started AerialEngineServerApplication in 12.911 seconds (JVM running for 14.125)
2025-07-15 18:27:38.473   [http-nio-8080-exec-1] INFO  o.a.c.core.ContainerBase.[Tomcat].[localhost].[/] - Initializing Spring DispatcherServlet 'dispatcherServlet'
2025-07-15 18:27:38.474   [http-nio-8080-exec-1] INFO  org.springframework.web.servlet.DispatcherServlet - Initializing Servlet 'dispatcherServlet'
2025-07-15 18:27:38.476   [http-nio-8080-exec-1] INFO  org.springframework.web.servlet.DispatcherServlet - Completed initialization in 2 ms
2025-07-15 18:27:38.510 [4FF6176BA133-1945067727522119680]  [http-nio-8080-exec-1] DEBUG i.g.nichetoolkit.rest.logback.DefaultLogbackFilter - request-id: 8d76b9c61dfb4668a7e7b9ff3b02ac37, request-uri: /api_v1/hello
2025-07-15 18:28:23.485   [MQTT Ping: ed65ff94-0878-4dd6-b9e6-d5c1cadb63fe] ERROR o.eclipse.paho.client.mqttv3.internal.ClientState - ed65ff94-0878-4dd6-b9e6-d5c1cadb63fe: Timed out as no write activity, keepAlive=10,000,000,000 lastOutboundActivity=26,109,200,417,700 lastInboundActivity=26,109,202,580,300 time=26,157,651,781,500 lastPing=0
2025-07-15 18:28:23.500   [MQTT Rec: ed65ff94-0878-4dd6-b9e6-d5c1cadb63fe] ERROR o.s.i.m.i.MqttPahoMessageDrivenChannelAdapter - Lost connection: 已断开连接; retrying...
2025-07-15 18:28:23.528   [SpringApplicationShutdownHook] INFO  o.s.m.simp.broker.SimpleBrokerMessageHandler - Stopping...
2025-07-15 18:28:23.528   [SpringApplicationShutdownHook] INFO  o.s.m.simp.broker.SimpleBrokerMessageHandler - BrokerAvailabilityEvent[available=false, SimpleBrokerMessageHandler [org.springframework.messaging.simp.broker.DefaultSubscriptionRegistry@54d2f5d3]]
2025-07-15 18:28:23.529   [SpringApplicationShutdownHook] INFO  o.s.m.simp.broker.SimpleBrokerMessageHandler - Stopped.
2025-07-15 18:28:39.221   [background-preinit] INFO  org.hibernate.validator.internal.util.Version - HV000001: Hibernate Validator 6.2.5.Final
2025-07-15 18:28:39.261   [main] DEBUG i.g.n.rest.holder.ApplicationContextHolder - The application context holder has be initiated
2025-07-15 18:28:39.262   [main] DEBUG i.g.nichetoolkit.rest.holder.MessageSourceHolder - The message source context holder has be initiated
2025-07-15 18:28:39.268   [main] INFO  i.g.n.aerial.AerialEngineServerApplication - Starting AerialEngineServerApplication using Java 1.8.0_432 on Cyan with PID 17852 (F:\GitHubWorkspaces\NicheEngine\aerial-engine-server\aerial-engine-server\target\classes started by Snow in F:\GitHubWorkspaces\NicheEngine\aerial-engine-server)
2025-07-15 18:28:39.269   [main] DEBUG i.g.n.aerial.AerialEngineServerApplication - Running with Spring Boot v2.7.18, Spring v5.3.39
2025-07-15 18:28:39.270   [main] INFO  i.g.n.aerial.AerialEngineServerApplication - The following 1 profile is active: "dev"
2025-07-15 18:28:39.347   [main] DEBUG i.g.n.rest.holder.BeanDefinitionRegistryHolder - The bean definition registry holder has be initiated
2025-07-15 18:28:40.483   [main] INFO  o.s.d.r.config.RepositoryConfigurationDelegate - Multiple Spring Data modules found, entering strict repository configuration mode
2025-07-15 18:28:40.484   [main] INFO  o.s.d.r.config.RepositoryConfigurationDelegate - Bootstrapping Spring Data Redis repositories in DEFAULT mode.
2025-07-15 18:28:40.508   [main] INFO  o.s.d.r.config.RepositoryConfigurationDelegate - Finished Spring Data repository scanning in 6 ms. Found 0 Redis repository interfaces.
2025-07-15 18:28:40.670   [main] INFO  o.s.d.r.config.RepositoryConfigurationDelegate - Multiple Spring Data modules found, entering strict repository configuration mode
2025-07-15 18:28:40.671   [main] INFO  o.s.d.r.config.RepositoryConfigurationDelegate - Bootstrapping Spring Data Redis repositories in DEFAULT mode.
2025-07-15 18:28:40.822   [main] INFO  o.s.d.r.config.RepositoryConfigurationDelegate - Finished Spring Data repository scanning in 151 ms. Found 0 Redis repository interfaces.
2025-07-15 18:28:41.020   [main] DEBUG i.g.n.rest.holder.ListableBeanFactoryHolder - The listable bean factory holder has be initiated
2025-07-15 18:28:41.321   [main] DEBUG i.g.n.rest.configure.RestI18nAutoConfigure - The auto configuration for [rest-i18n] initiated
2025-07-15 18:28:41.324   [main] DEBUG i.g.nichetoolkit.rest.holder.MessageSourceHolder - The message source context holder has be refreshed
2025-07-15 18:28:41.464   [main] INFO  o.s.boot.web.embedded.tomcat.TomcatWebServer - Tomcat initialized with port(s): 8080 (http)
2025-07-15 18:28:41.472   [main] INFO  org.apache.coyote.http11.Http11NioProtocol - Initializing ProtocolHandler ["http-nio-8080"]
2025-07-15 18:28:41.473   [main] INFO  org.apache.catalina.core.StandardService - Starting service [Tomcat]
2025-07-15 18:28:41.473   [main] INFO  org.apache.catalina.core.StandardEngine - Starting Servlet engine: [Apache Tomcat/9.0.90]
2025-07-15 18:28:41.548   [main] INFO  o.a.c.core.ContainerBase.[Tomcat].[localhost].[/] - Initializing Spring embedded WebApplicationContext
2025-07-15 18:28:41.548   [main] INFO  o.s.b.w.s.c.ServletWebServerApplicationContext - Root WebApplicationContext: initialization completed in 2218 ms
2025-07-15 18:28:41.615   [main] DEBUG i.g.nichetoolkit.rest.logback.DefaultLogbackFilter - Filter 'defaultLogbackFilter' configured for use
2025-07-15 18:28:41.615   [main] DEBUG i.g.n.rice.defaults.DefaultAccessTokenFilter - Filter 'defaultAccessTokenFilter' configured for use
2025-07-15 18:28:41.622   [main] DEBUG i.g.n.ossfile.configure.OssfileCoreAutoConfigure - The auto configuration for [ossfile-core] initiated
2025-07-15 18:28:41.639   [main] DEBUG i.g.n.rest.configure.RestUtilsAutoConfigure - The auto configuration for [rest-utils] initiated
2025-07-15 18:28:41.640   [main] DEBUG i.g.n.rest.configure.RestCoreAutoConfigure - The auto configuration for [rest-core] initiated
2025-07-15 18:28:41.652   [main] DEBUG i.g.n.rest.configure.RestInterceptAutoConfigure - The auto configuration for [rest-intercept] initiated
2025-07-15 18:28:41.849   [main] DEBUG i.g.n.aerial.configure.DatasourceAutoConfigure - the auto configuration for [datasource] rest template initiated
2025-07-15 18:28:41.885   [main] WARN  org.mybatis.spring.SqlSessionFactoryBean - Property 'mapperLocations' was specified but matching resources are not found.
2025-07-15 18:28:41.888   [main] DEBUG io.github.nichetoolkit.rest.util.LoggerUtils - The fitter bean of [io.github.nichetoolkit.mybatis.holder.RestSqlSessionHolder] type for named 'restSqlSessionHolder' has be initiated.
2025-07-15 18:28:41.987   [main] INFO  i.github.nichetoolkit.mybatis.MybatisContextHolder - [MybatisContextHolder] > afterPropertiesSet: {"catalog":null,"schema":null,"updateLogic":false,"useLogic":true,"useOperate":false,"useLazyInit":false,"excludeUnused":true,"sqlScriptShow":true,"mysqlIgnoreInsert":false,"datetimeNow":"now()","databaseType":"postgresql","styleType":"lowerUnderline","excludedType":"EXCLUDED","properties":{},"excludes":null,"ignores":null,"selectIgnores":null,"insertIgnores":null,"updateIgnores":null,"unuseds":["operate"]}
2025-07-15 18:28:42.178   [main] DEBUG io.github.nichetoolkit.ossfile.OssfileStoreHolder - There are 1 store service beans has been initiated.
2025-07-15 18:28:42.178   [main] DEBUG i.github.nichetoolkit.rest.DefaultControllerAdvice - There are 5 fulfilled fitter beans has be initiated.
2025-07-15 18:28:42.196   [main] DEBUG i.g.n.rice.configure.RiceStarterAutoConfigure - The auto configuration for [rice-starter] initiated
2025-07-15 18:28:42.198   [main] DEBUG i.g.n.rice.configure.RiceContextAutoConfigure - The auto configuration for [rice-context] initiated
2025-07-15 18:28:42.230   [main] DEBUG i.g.n.rest.configure.RestHttpAutoConfigure - The auto configuration for [rest-http] initiated
2025-07-15 18:28:42.230   [main] DEBUG i.g.n.rest.configure.RestIdentityAutoConfigure - The auto configuration for [rest-identity] initiated
2025-07-15 18:28:42.233   [main] DEBUG i.g.n.rest.configure.RestLogbackAutoConfigure - The auto configuration for [rest-logback] initiated
2025-07-15 18:28:42.233   [main] DEBUG i.g.n.rest.configure.RestStarterAutoConfigure - The auto configuration for [rest-starter] initiated
2025-07-15 18:28:42.234   [main] DEBUG i.g.n.rice.configure.RiceCoreAutoConfigure - The auto configuration for [rice-core] initiated
2025-07-15 18:28:42.234   [main] DEBUG i.g.n.mybatis.configure.RiceMybatisAutoConfigure - The auto configuration for [rice-mybatis] initiated
2025-07-15 18:28:42.235   [main] DEBUG i.g.n.mybatis.configure.MybatisMapperAutoConfigure - The auto configuration for [mybatis-mapper] initiated
2025-07-15 18:28:42.247   [main] DEBUG i.g.n.m.configure.MybatisStarterAutoConfigure - The auto configuration for [mybatis-starter] initiated
2025-07-15 18:28:42.248   [main] DEBUG i.g.n.m.configure.MybatisContextAutoConfigure - The auto configuration for [mybatis-context] initiated
2025-07-15 18:28:42.248   [main] DEBUG i.g.n.mybatis.configure.MybatisCoreAutoConfigure - The auto configuration for [mybatis-core] initiated
2025-07-15 18:28:42.249   [main] DEBUG i.g.n.ossfile.configure.OssfileMinioAutoConfigure - The auto configuration for [ossfile-minio] initiated
2025-07-15 18:28:42.254   [main] DEBUG i.g.n.aerial.configure.AerialServerAutoConfigure - The auto configuration for [aerial-server] initiated
2025-07-15 18:28:42.258   [main] DEBUG i.g.n.aerial.configure.AerialThreadPoolConfigure - The auto configuration for [thread-pool] initiated
2025-07-15 18:28:42.261   [main] DEBUG i.g.n.aerial.configure.AerialMqttChannelConfigure - The auto configuration for [mqtt-channel] initiated
2025-07-15 18:28:42.262   [main] DEBUG i.g.n.aerial.configure.AerialRedisAutoConfigure - The auto configuration for [aerial-redis] initiated
2025-07-15 18:28:42.262   [main] DEBUG i.g.n.aerial.configure.AerialStarterAutoConfigure - The auto configuration for [aerial-starter] initiated
2025-07-15 18:28:42.263   [main] DEBUG i.g.n.aerial.configure.AerialWebSocketConfigure - The auto configuration for [web-socket] initiated
2025-07-15 18:28:42.466   [main] DEBUG i.g.n.aerial.configure.AerialDjisdkAutoConfigure - The auto configuration for [aerial-djisdk] initiated
2025-07-15 18:28:42.482   [main] DEBUG i.g.n.aerial.configure.AerialMqttAutoConfigure - The auto configuration for [aerial-mqtt] initiated
2025-07-15 18:28:42.558   [main] DEBUG i.g.n.a.configure.AerialWebSocketAutoConfigure - The auto configuration for [aerial-webSocket] initiated
2025-07-15 18:28:42.657   [main] DEBUG i.github.nicheengine.aerial.router.MqttDrcUpRouter - The mqtt drc-up router for [router@/drc/up] initiated
2025-07-15 18:28:42.661   [main] DEBUG i.g.nicheengine.aerial.router.MqttEventsRouter - The mqtt events router for [router@/events] initiated
2025-07-15 18:28:42.663   [main] DEBUG i.g.nicheengine.aerial.router.MqttMessageRouter - The mqtt message router for [router@/message] initiated
2025-07-15 18:28:42.671   [main] DEBUG io.github.nicheengine.aerial.router.MqttOsdRouter - The mqtt osd router for [router@/osd] initiated
2025-07-15 18:28:42.673   [main] DEBUG i.g.nicheengine.aerial.router.MqttPropertySetReply - The mqtt property set router for [router@/propertySet/reply] initiated
2025-07-15 18:28:42.674   [main] DEBUG i.g.nicheengine.aerial.router.MqttRequestsRouter - The mqtt requests router for [router@/requests] initiated
2025-07-15 18:28:42.677   [main] DEBUG i.g.nicheengine.aerial.router.MqttServicesReply - The mqtt services-reply router for [router@/services/reply] initiated
2025-07-15 18:28:42.679   [main] DEBUG i.github.nicheengine.aerial.router.MqttStateRouter - The mqtt state router for [router@/state] initiated
2025-07-15 18:28:42.682   [main] DEBUG i.g.nicheengine.aerial.router.MqttStatusRouter - The mqtt status router for [router@/status] initiated
2025-07-15 18:28:42.695   [main] DEBUG io.github.nichetoolkit.rest.worker.jwt.JwtWorker - The jwt        properties: {"enabled":true,"algorithm":"HS256","secret":"ICBwpv3gDQLfdrtTuek5wtQ","kid":"","issuer":"io.github.nicheengine","audiences":[],"expireTime":0,"expireUnit":"MILLIS","issuedDelayTime":0,"issuedDelayUnit":"MILLIS","notBeforeEnabled":false}
2025-07-15 18:28:42.702   [main] DEBUG io.github.nichetoolkit.rest.worker.sha.ShaWorker - The sha        properties: {"enabled":true,"secret":"ZbqWif8ZSnjWQS5iznqXcUoKEjAV4sqJVLtV2XoeUDkGe3vPe8mAL3PhdulCRaPQxI46V86kzmf97UeigGk","algorithm":3}
2025-07-15 18:28:42.719   [main] DEBUG i.g.n.rest.configure.RestHttpAutoConfigure - the auto configuration for [okHttp3] rest template initiated!
2025-07-15 18:28:42.755   [main] DEBUG i.g.n.rest.configure.RestHttpAutoConfigure - The http       properties: {"enabled":true,"connectTimeout":2000,"readTimeout":30000,"requestTimeout":200,"maxCoreSize":5,"maxIdleSize":10,"httpType":"okHttp3","charset":"UTF-8","encodingMode":"NONE","retryTimes":0,"keepAliveHosts":null,"keepAliveTime":600000,"proxy":{"type":"socks","hostname":"","port":null}}
2025-07-15 18:28:42.792   [main] DEBUG i.g.nichetoolkit.rest.identity.IdentityFactory - The identity   properties: {"enabled":true,"type":"CONFIG","config":{"workerId":1,"centerId":2,"sequence":1},"server":{"sequence":1,"url":null,"api":null}}
2025-07-15 18:28:43.913   [main] INFO  org.apache.coyote.http11.Http11NioProtocol - Starting ProtocolHandler ["http-nio-8080"]
2025-07-15 18:28:43.925   [main] INFO  o.s.boot.web.embedded.tomcat.TomcatWebServer - Tomcat started on port(s): 8080 (http) with context path ''
2025-07-15 18:28:43.927   [main] INFO  o.s.m.simp.broker.SimpleBrokerMessageHandler - Starting...
2025-07-15 18:28:43.927   [main] INFO  o.s.m.simp.broker.SimpleBrokerMessageHandler - BrokerAvailabilityEvent[available=true, SimpleBrokerMessageHandler [org.springframework.messaging.simp.broker.DefaultSubscriptionRegistry@2b15ba1a]]
2025-07-15 18:28:43.927   [main] INFO  o.s.m.simp.broker.SimpleBrokerMessageHandler - Started.
2025-07-15 18:28:43.933   [main] INFO  i.g.n.aerial.AerialEngineServerApplication - Started AerialEngineServerApplication in 5.127 seconds (JVM running for 5.809)
2025-07-15 18:28:47.288   [http-nio-8080-exec-1] INFO  o.a.c.core.ContainerBase.[Tomcat].[localhost].[/] - Initializing Spring DispatcherServlet 'dispatcherServlet'
2025-07-15 18:28:47.288   [http-nio-8080-exec-1] INFO  org.springframework.web.servlet.DispatcherServlet - Initializing Servlet 'dispatcherServlet'
2025-07-15 18:28:47.292   [http-nio-8080-exec-1] INFO  org.springframework.web.servlet.DispatcherServlet - Completed initialization in 4 ms
2025-07-15 18:28:47.301 [5716DC1CCDEC-1945068016056680448]  [http-nio-8080-exec-1] DEBUG i.g.nichetoolkit.rest.logback.DefaultLogbackFilter - request-id: 85bb94748e2cce20162cc3ccdf5df327, request-uri: /api_v1/hello
2025-07-15 18:29:43.426   [MessageBroker-1] INFO  o.s.web.socket.config.WebSocketMessageBrokerStats - WebSocketSession[0 current WS(0)-HttpStream(0)-HttpPoll(0), 0 total, 0 closed abnormally (0 connect failure, 0 send limit, 0 transport error)], stompSubProtocol[processed CONNECT(0)-CONNECTED(0)-DISCONNECT(0)], stompBrokerRelay[null], inboundChannel[pool size = 0, active threads = 0, queued tasks = 0, completed tasks = 0], outboundChannel[pool size = 0, active threads = 0, queued tasks = 0, completed tasks = 0], sockJsScheduler[pool size = 1, active threads = 1, queued tasks = 0, completed tasks = 0]
2025-07-15 18:32:23.173   [SpringApplicationShutdownHook] INFO  o.s.m.simp.broker.SimpleBrokerMessageHandler - Stopping...
2025-07-15 18:32:23.173   [SpringApplicationShutdownHook] INFO  o.s.m.simp.broker.SimpleBrokerMessageHandler - BrokerAvailabilityEvent[available=false, SimpleBrokerMessageHandler [org.springframework.messaging.simp.broker.DefaultSubscriptionRegistry@2b15ba1a]]
2025-07-15 18:32:23.173   [SpringApplicationShutdownHook] INFO  o.s.m.simp.broker.SimpleBrokerMessageHandler - Stopped.
2025-07-15 18:32:26.443   [background-preinit] INFO  org.hibernate.validator.internal.util.Version - HV000001: Hibernate Validator 6.2.5.Final
2025-07-15 18:32:26.461   [main] DEBUG i.g.n.rest.holder.ApplicationContextHolder - The application context holder has be initiated
2025-07-15 18:32:26.462   [main] DEBUG i.g.nichetoolkit.rest.holder.MessageSourceHolder - The message source context holder has be initiated
2025-07-15 18:32:26.467   [main] INFO  i.g.n.aerial.AerialEngineServerApplication - Starting AerialEngineServerApplication using Java 1.8.0_432 on Cyan with PID 5424 (F:\GitHubWorkspaces\NicheEngine\aerial-engine-server\aerial-engine-server\target\classes started by Snow in F:\GitHubWorkspaces\NicheEngine\aerial-engine-server)
2025-07-15 18:32:26.467   [main] DEBUG i.g.n.aerial.AerialEngineServerApplication - Running with Spring Boot v2.7.18, Spring v5.3.39
2025-07-15 18:32:26.468   [main] INFO  i.g.n.aerial.AerialEngineServerApplication - The following 1 profile is active: "dev"
2025-07-15 18:32:26.529   [main] DEBUG i.g.n.rest.holder.BeanDefinitionRegistryHolder - The bean definition registry holder has be initiated
2025-07-15 18:32:27.506   [main] INFO  o.s.d.r.config.RepositoryConfigurationDelegate - Multiple Spring Data modules found, entering strict repository configuration mode
2025-07-15 18:32:27.506   [main] INFO  o.s.d.r.config.RepositoryConfigurationDelegate - Bootstrapping Spring Data Redis repositories in DEFAULT mode.
2025-07-15 18:32:27.520   [main] INFO  o.s.d.r.config.RepositoryConfigurationDelegate - Finished Spring Data repository scanning in 4 ms. Found 0 Redis repository interfaces.
2025-07-15 18:32:27.657   [main] INFO  o.s.d.r.config.RepositoryConfigurationDelegate - Multiple Spring Data modules found, entering strict repository configuration mode
2025-07-15 18:32:27.657   [main] INFO  o.s.d.r.config.RepositoryConfigurationDelegate - Bootstrapping Spring Data Redis repositories in DEFAULT mode.
2025-07-15 18:32:27.774   [main] INFO  o.s.d.r.config.RepositoryConfigurationDelegate - Finished Spring Data repository scanning in 116 ms. Found 0 Redis repository interfaces.
2025-07-15 18:32:27.944   [main] DEBUG i.g.n.rest.holder.ListableBeanFactoryHolder - The listable bean factory holder has be initiated
2025-07-15 18:32:28.220   [main] DEBUG i.g.n.rest.configure.RestI18nAutoConfigure - The auto configuration for [rest-i18n] initiated
2025-07-15 18:32:28.224   [main] DEBUG i.g.nichetoolkit.rest.holder.MessageSourceHolder - The message source context holder has be refreshed
2025-07-15 18:32:28.367   [main] INFO  o.s.boot.web.embedded.tomcat.TomcatWebServer - Tomcat initialized with port(s): 8080 (http)
2025-07-15 18:32:28.370   [main] INFO  org.apache.coyote.http11.Http11NioProtocol - Initializing ProtocolHandler ["http-nio-8080"]
2025-07-15 18:32:28.372   [main] INFO  org.apache.catalina.core.StandardService - Starting service [Tomcat]
2025-07-15 18:32:28.372   [main] INFO  org.apache.catalina.core.StandardEngine - Starting Servlet engine: [Apache Tomcat/9.0.90]
2025-07-15 18:32:28.455   [main] INFO  o.a.c.core.ContainerBase.[Tomcat].[localhost].[/] - Initializing Spring embedded WebApplicationContext
2025-07-15 18:32:28.456   [main] INFO  o.s.b.w.s.c.ServletWebServerApplicationContext - Root WebApplicationContext: initialization completed in 1941 ms
2025-07-15 18:32:28.537   [main] DEBUG i.g.nichetoolkit.rest.logback.DefaultLogbackFilter - Filter 'defaultLogbackFilter' configured for use
2025-07-15 18:32:28.537   [main] DEBUG i.g.n.rice.defaults.DefaultAccessTokenFilter - Filter 'defaultAccessTokenFilter' configured for use
2025-07-15 18:32:28.544   [main] DEBUG i.g.n.ossfile.configure.OssfileCoreAutoConfigure - The auto configuration for [ossfile-core] initiated
2025-07-15 18:32:28.563   [main] DEBUG i.g.n.rest.configure.RestUtilsAutoConfigure - The auto configuration for [rest-utils] initiated
2025-07-15 18:32:28.565   [main] DEBUG i.g.n.rest.configure.RestCoreAutoConfigure - The auto configuration for [rest-core] initiated
2025-07-15 18:32:28.579   [main] DEBUG i.g.n.rest.configure.RestInterceptAutoConfigure - The auto configuration for [rest-intercept] initiated
2025-07-15 18:32:28.777   [main] DEBUG i.g.n.aerial.configure.DatasourceAutoConfigure - the auto configuration for [datasource] rest template initiated
2025-07-15 18:32:28.810   [main] WARN  org.mybatis.spring.SqlSessionFactoryBean - Property 'mapperLocations' was specified but matching resources are not found.
2025-07-15 18:32:28.813   [main] DEBUG io.github.nichetoolkit.rest.util.LoggerUtils - The fitter bean of [io.github.nichetoolkit.mybatis.holder.RestSqlSessionHolder] type for named 'restSqlSessionHolder' has be initiated.
2025-07-15 18:32:28.920   [main] INFO  i.github.nichetoolkit.mybatis.MybatisContextHolder - [MybatisContextHolder] > afterPropertiesSet: {"catalog":null,"schema":null,"updateLogic":false,"useLogic":true,"useOperate":false,"useLazyInit":false,"excludeUnused":true,"sqlScriptShow":true,"mysqlIgnoreInsert":false,"datetimeNow":"now()","databaseType":"postgresql","styleType":"lowerUnderline","excludedType":"EXCLUDED","properties":{},"excludes":null,"ignores":null,"selectIgnores":null,"insertIgnores":null,"updateIgnores":null,"unuseds":["operate"]}
2025-07-15 18:32:29.112   [main] DEBUG io.github.nichetoolkit.ossfile.OssfileStoreHolder - There are 1 store service beans has been initiated.
2025-07-15 18:32:29.112   [main] DEBUG i.github.nichetoolkit.rest.DefaultControllerAdvice - There are 5 fulfilled fitter beans has be initiated.
2025-07-15 18:32:29.129   [main] DEBUG i.g.n.rice.configure.RiceStarterAutoConfigure - The auto configuration for [rice-starter] initiated
2025-07-15 18:32:29.130   [main] DEBUG i.g.n.rice.configure.RiceContextAutoConfigure - The auto configuration for [rice-context] initiated
2025-07-15 18:32:29.154   [main] DEBUG i.g.n.rest.configure.RestHttpAutoConfigure - The auto configuration for [rest-http] initiated
2025-07-15 18:32:29.155   [main] DEBUG i.g.n.rest.configure.RestIdentityAutoConfigure - The auto configuration for [rest-identity] initiated
2025-07-15 18:32:29.158   [main] DEBUG i.g.n.rest.configure.RestLogbackAutoConfigure - The auto configuration for [rest-logback] initiated
2025-07-15 18:32:29.159   [main] DEBUG i.g.n.rest.configure.RestStarterAutoConfigure - The auto configuration for [rest-starter] initiated
2025-07-15 18:32:29.160   [main] DEBUG i.g.n.rice.configure.RiceCoreAutoConfigure - The auto configuration for [rice-core] initiated
2025-07-15 18:32:29.160   [main] DEBUG i.g.n.mybatis.configure.RiceMybatisAutoConfigure - The auto configuration for [rice-mybatis] initiated
2025-07-15 18:32:29.161   [main] DEBUG i.g.n.mybatis.configure.MybatisMapperAutoConfigure - The auto configuration for [mybatis-mapper] initiated
2025-07-15 18:32:29.175   [main] DEBUG i.g.n.m.configure.MybatisStarterAutoConfigure - The auto configuration for [mybatis-starter] initiated
2025-07-15 18:32:29.177   [main] DEBUG i.g.n.m.configure.MybatisContextAutoConfigure - The auto configuration for [mybatis-context] initiated
2025-07-15 18:32:29.177   [main] DEBUG i.g.n.mybatis.configure.MybatisCoreAutoConfigure - The auto configuration for [mybatis-core] initiated
2025-07-15 18:32:29.177   [main] DEBUG i.g.n.ossfile.configure.OssfileMinioAutoConfigure - The auto configuration for [ossfile-minio] initiated
2025-07-15 18:32:29.183   [main] DEBUG i.g.n.aerial.configure.AerialServerAutoConfigure - The auto configuration for [aerial-server] initiated
2025-07-15 18:32:29.187   [main] DEBUG i.g.n.aerial.configure.AerialThreadPoolConfigure - The auto configuration for [thread-pool] initiated
2025-07-15 18:32:29.204   [main] DEBUG i.g.n.aerial.configure.AerialMqttChannelConfigure - The auto configuration for [mqtt-channel] initiated
2025-07-15 18:32:29.204   [main] DEBUG i.g.n.aerial.configure.AerialRedisAutoConfigure - The auto configuration for [aerial-redis] initiated
2025-07-15 18:32:29.205   [main] DEBUG i.g.n.aerial.configure.AerialStarterAutoConfigure - The auto configuration for [aerial-starter] initiated
2025-07-15 18:32:29.205   [main] DEBUG i.g.n.aerial.configure.AerialWebSocketConfigure - The auto configuration for [web-socket] initiated
2025-07-15 18:32:29.411   [main] DEBUG i.g.n.aerial.configure.AerialDjisdkAutoConfigure - The auto configuration for [aerial-djisdk] initiated
2025-07-15 18:32:29.426   [main] DEBUG i.g.n.aerial.configure.AerialMqttAutoConfigure - The auto configuration for [aerial-mqtt] initiated
2025-07-15 18:32:29.479   [main] DEBUG i.g.n.a.configure.AerialWebSocketAutoConfigure - The auto configuration for [aerial-webSocket] initiated
2025-07-15 18:32:29.557   [main] DEBUG i.github.nicheengine.aerial.router.MqttDrcUpRouter - The mqtt drc-up router for [router@/drc/up] initiated
2025-07-15 18:32:29.559   [main] DEBUG i.g.nicheengine.aerial.router.MqttEventsRouter - The mqtt events router for [router@/events] initiated
2025-07-15 18:32:29.561   [main] DEBUG i.g.nicheengine.aerial.router.MqttMessageRouter - The mqtt message router for [router@/message] initiated
2025-07-15 18:32:29.567   [main] DEBUG io.github.nicheengine.aerial.router.MqttOsdRouter - The mqtt osd router for [router@/osd] initiated
2025-07-15 18:32:29.567   [main] DEBUG i.g.nicheengine.aerial.router.MqttPropertySetReply - The mqtt property set router for [router@/propertySet/reply] initiated
2025-07-15 18:32:29.568   [main] DEBUG i.g.nicheengine.aerial.router.MqttRequestsRouter - The mqtt requests router for [router@/requests] initiated
2025-07-15 18:32:29.569   [main] DEBUG i.g.nicheengine.aerial.router.MqttServicesReply - The mqtt services-reply router for [router@/services/reply] initiated
2025-07-15 18:32:29.570   [main] DEBUG i.github.nicheengine.aerial.router.MqttStateRouter - The mqtt state router for [router@/state] initiated
2025-07-15 18:32:29.572   [main] DEBUG i.g.nicheengine.aerial.router.MqttStatusRouter - The mqtt status router for [router@/status] initiated
2025-07-15 18:32:29.578   [main] DEBUG io.github.nichetoolkit.rest.worker.jwt.JwtWorker - The jwt        properties: {"enabled":true,"algorithm":"HS256","secret":"ICBwpv3gDQLfdrtTuek5wtQ","kid":"","issuer":"io.github.nicheengine","audiences":[],"expireTime":0,"expireUnit":"MILLIS","issuedDelayTime":0,"issuedDelayUnit":"MILLIS","notBeforeEnabled":false}
2025-07-15 18:32:29.582   [main] DEBUG io.github.nichetoolkit.rest.worker.sha.ShaWorker - The sha        properties: {"enabled":true,"secret":"ZbqWif8ZSnjWQS5iznqXcUoKEjAV4sqJVLtV2XoeUDkGe3vPe8mAL3PhdulCRaPQxI46V86kzmf97UeigGk","algorithm":3}
2025-07-15 18:32:29.592   [main] DEBUG i.g.n.rest.configure.RestHttpAutoConfigure - the auto configuration for [okHttp3] rest template initiated!
2025-07-15 18:32:29.628   [main] DEBUG i.g.n.rest.configure.RestHttpAutoConfigure - The http       properties: {"enabled":true,"connectTimeout":2000,"readTimeout":30000,"requestTimeout":200,"maxCoreSize":5,"maxIdleSize":10,"httpType":"okHttp3","charset":"UTF-8","encodingMode":"NONE","retryTimes":0,"keepAliveHosts":null,"keepAliveTime":600000,"proxy":{"type":"socks","hostname":"","port":null}}
2025-07-15 18:32:29.649   [main] DEBUG i.g.nichetoolkit.rest.identity.IdentityFactory - The identity   properties: {"enabled":true,"type":"CONFIG","config":{"workerId":1,"centerId":2,"sequence":1},"server":{"sequence":1,"url":null,"api":null}}
2025-07-15 18:32:30.690   [main] INFO  org.apache.coyote.http11.Http11NioProtocol - Starting ProtocolHandler ["http-nio-8080"]
2025-07-15 18:32:30.704   [main] INFO  o.s.boot.web.embedded.tomcat.TomcatWebServer - Tomcat started on port(s): 8080 (http) with context path ''
2025-07-15 18:32:30.704   [main] INFO  o.s.m.simp.broker.SimpleBrokerMessageHandler - Starting...
2025-07-15 18:32:30.705   [main] INFO  o.s.m.simp.broker.SimpleBrokerMessageHandler - BrokerAvailabilityEvent[available=true, SimpleBrokerMessageHandler [org.springframework.messaging.simp.broker.DefaultSubscriptionRegistry@14fff5e7]]
2025-07-15 18:32:30.705   [main] INFO  o.s.m.simp.broker.SimpleBrokerMessageHandler - Started.
2025-07-15 18:32:30.712   [main] INFO  i.g.n.aerial.AerialEngineServerApplication - Started AerialEngineServerApplication in 4.652 seconds (JVM running for 5.359)
2025-07-15 18:32:33.768   [http-nio-8080-exec-1] INFO  o.a.c.core.ContainerBase.[Tomcat].[localhost].[/] - Initializing Spring DispatcherServlet 'dispatcherServlet'
2025-07-15 18:32:33.768   [http-nio-8080-exec-1] INFO  org.springframework.web.servlet.DispatcherServlet - Initializing Servlet 'dispatcherServlet'
2025-07-15 18:32:33.770   [http-nio-8080-exec-1] INFO  org.springframework.web.servlet.DispatcherServlet - Completed initialization in 2 ms
2025-07-15 18:32:33.778 [55D0F9A46A04-1945068965970067456]  [http-nio-8080-exec-1] DEBUG i.g.nichetoolkit.rest.logback.DefaultLogbackFilter - request-id: b00da0048e066d5f64354d687fb5163f, request-uri: /api_v1/hello
2025-07-15 18:33:30.230   [MessageBroker-1] INFO  o.s.web.socket.config.WebSocketMessageBrokerStats - WebSocketSession[0 current WS(0)-HttpStream(0)-HttpPoll(0), 0 total, 0 closed abnormally (0 connect failure, 0 send limit, 0 transport error)], stompSubProtocol[processed CONNECT(0)-CONNECTED(0)-DISCONNECT(0)], stompBrokerRelay[null], inboundChannel[pool size = 0, active threads = 0, queued tasks = 0, completed tasks = 0], outboundChannel[pool size = 0, active threads = 0, queued tasks = 0, completed tasks = 0], sockJsScheduler[pool size = 1, active threads = 1, queued tasks = 0, completed tasks = 0]
2025-07-15 18:38:03.506   [SpringApplicationShutdownHook] INFO  o.s.m.simp.broker.SimpleBrokerMessageHandler - Stopping...
2025-07-15 18:38:03.506   [SpringApplicationShutdownHook] INFO  o.s.m.simp.broker.SimpleBrokerMessageHandler - BrokerAvailabilityEvent[available=false, SimpleBrokerMessageHandler [org.springframework.messaging.simp.broker.DefaultSubscriptionRegistry@14fff5e7]]
2025-07-15 18:38:03.507   [SpringApplicationShutdownHook] INFO  o.s.m.simp.broker.SimpleBrokerMessageHandler - Stopped.
2025-07-15 18:38:09.477   [background-preinit] INFO  org.hibernate.validator.internal.util.Version - HV000001: Hibernate Validator 6.2.5.Final
2025-07-15 18:38:09.498   [main] DEBUG i.g.n.rest.holder.ApplicationContextHolder - The application context holder has be initiated
2025-07-15 18:38:09.503   [main] DEBUG i.g.nichetoolkit.rest.holder.MessageSourceHolder - The message source context holder has be initiated
2025-07-15 18:38:09.508   [main] INFO  i.g.n.aerial.AerialEngineServerApplication - Starting AerialEngineServerApplication using Java 1.8.0_432 on Cyan with PID 11060 (F:\GitHubWorkspaces\NicheEngine\aerial-engine-server\aerial-engine-server\target\classes started by Snow in F:\GitHubWorkspaces\NicheEngine\aerial-engine-server)
2025-07-15 18:38:09.508   [main] DEBUG i.g.n.aerial.AerialEngineServerApplication - Running with Spring Boot v2.7.18, Spring v5.3.39
2025-07-15 18:38:09.509   [main] INFO  i.g.n.aerial.AerialEngineServerApplication - The following 1 profile is active: "dev"
2025-07-15 18:38:09.590   [main] DEBUG i.g.n.rest.holder.BeanDefinitionRegistryHolder - The bean definition registry holder has be initiated
2025-07-15 18:38:10.761   [main] INFO  o.s.d.r.config.RepositoryConfigurationDelegate - Multiple Spring Data modules found, entering strict repository configuration mode
2025-07-15 18:38:10.763   [main] INFO  o.s.d.r.config.RepositoryConfigurationDelegate - Bootstrapping Spring Data Redis repositories in DEFAULT mode.
2025-07-15 18:38:10.785   [main] INFO  o.s.d.r.config.RepositoryConfigurationDelegate - Finished Spring Data repository scanning in 5 ms. Found 0 Redis repository interfaces.
2025-07-15 18:38:11.034   [main] INFO  o.s.d.r.config.RepositoryConfigurationDelegate - Multiple Spring Data modules found, entering strict repository configuration mode
2025-07-15 18:38:11.034   [main] INFO  o.s.d.r.config.RepositoryConfigurationDelegate - Bootstrapping Spring Data Redis repositories in DEFAULT mode.
2025-07-15 18:38:11.125   [main] INFO  o.s.d.r.config.RepositoryConfigurationDelegate - Finished Spring Data repository scanning in 91 ms. Found 0 Redis repository interfaces.
2025-07-15 18:38:11.393   [main] DEBUG i.g.n.rest.holder.ListableBeanFactoryHolder - The listable bean factory holder has be initiated
2025-07-15 18:38:11.959   [main] DEBUG i.g.n.rest.configure.RestI18nAutoConfigure - The auto configuration for [rest-i18n] initiated
2025-07-15 18:38:11.966   [main] DEBUG i.g.nichetoolkit.rest.holder.MessageSourceHolder - The message source context holder has be refreshed
2025-07-15 18:38:12.268   [main] INFO  o.s.boot.web.embedded.tomcat.TomcatWebServer - Tomcat initialized with port(s): 8080 (http)
2025-07-15 18:38:12.280   [main] INFO  org.apache.coyote.http11.Http11NioProtocol - Initializing ProtocolHandler ["http-nio-8080"]
2025-07-15 18:38:12.283   [main] INFO  org.apache.catalina.core.StandardService - Starting service [Tomcat]
2025-07-15 18:38:12.283   [main] INFO  org.apache.catalina.core.StandardEngine - Starting Servlet engine: [Apache Tomcat/9.0.90]
2025-07-15 18:38:12.393   [main] INFO  o.a.c.core.ContainerBase.[Tomcat].[localhost].[/] - Initializing Spring embedded WebApplicationContext
2025-07-15 18:38:12.393   [main] INFO  o.s.b.w.s.c.ServletWebServerApplicationContext - Root WebApplicationContext: initialization completed in 2828 ms
2025-07-15 18:38:12.534   [main] DEBUG i.g.nichetoolkit.rest.logback.DefaultLogbackFilter - Filter 'defaultLogbackFilter' configured for use
2025-07-15 18:38:12.535   [main] DEBUG i.g.n.rice.defaults.DefaultAccessTokenFilter - Filter 'defaultAccessTokenFilter' configured for use
2025-07-15 18:38:12.553   [main] DEBUG i.g.n.ossfile.configure.OssfileCoreAutoConfigure - The auto configuration for [ossfile-core] initiated
2025-07-15 18:38:12.592   [main] DEBUG i.g.n.rest.configure.RestUtilsAutoConfigure - The auto configuration for [rest-utils] initiated
2025-07-15 18:38:12.594   [main] DEBUG i.g.n.rest.configure.RestCoreAutoConfigure - The auto configuration for [rest-core] initiated
2025-07-15 18:38:12.615   [main] DEBUG i.g.n.rest.configure.RestInterceptAutoConfigure - The auto configuration for [rest-intercept] initiated
2025-07-15 18:38:12.886   [main] DEBUG i.g.n.aerial.configure.DatasourceAutoConfigure - the auto configuration for [datasource] rest template initiated
2025-07-15 18:38:12.967   [main] WARN  org.mybatis.spring.SqlSessionFactoryBean - Property 'mapperLocations' was specified but matching resources are not found.
2025-07-15 18:38:12.974   [main] DEBUG io.github.nichetoolkit.rest.util.LoggerUtils - The fitter bean of [io.github.nichetoolkit.mybatis.holder.RestSqlSessionHolder] type for named 'restSqlSessionHolder' has be initiated.
2025-07-15 18:38:13.208   [main] INFO  i.github.nichetoolkit.mybatis.MybatisContextHolder - [MybatisContextHolder] > afterPropertiesSet: {"catalog":null,"schema":null,"updateLogic":false,"useLogic":true,"useOperate":false,"useLazyInit":false,"excludeUnused":true,"sqlScriptShow":true,"mysqlIgnoreInsert":false,"datetimeNow":"now()","databaseType":"postgresql","styleType":"lowerUnderline","excludedType":"EXCLUDED","properties":{},"excludes":null,"ignores":null,"selectIgnores":null,"insertIgnores":null,"updateIgnores":null,"unuseds":["operate"]}
2025-07-15 18:38:13.634   [main] DEBUG io.github.nichetoolkit.ossfile.OssfileStoreHolder - There are 1 store service beans has been initiated.
2025-07-15 18:38:13.635   [main] DEBUG i.github.nichetoolkit.rest.DefaultControllerAdvice - There are 5 fulfilled fitter beans has be initiated.
2025-07-15 18:38:13.684   [main] DEBUG i.g.n.rice.configure.RiceStarterAutoConfigure - The auto configuration for [rice-starter] initiated
2025-07-15 18:38:13.686   [main] DEBUG i.g.n.rice.configure.RiceContextAutoConfigure - The auto configuration for [rice-context] initiated
2025-07-15 18:38:13.723   [main] DEBUG i.g.n.rest.configure.RestHttpAutoConfigure - The auto configuration for [rest-http] initiated
2025-07-15 18:38:13.724   [main] DEBUG i.g.n.rest.configure.RestIdentityAutoConfigure - The auto configuration for [rest-identity] initiated
2025-07-15 18:38:13.728   [main] DEBUG i.g.n.rest.configure.RestLogbackAutoConfigure - The auto configuration for [rest-logback] initiated
2025-07-15 18:38:13.729   [main] DEBUG i.g.n.rest.configure.RestStarterAutoConfigure - The auto configuration for [rest-starter] initiated
2025-07-15 18:38:13.729   [main] DEBUG i.g.n.rice.configure.RiceCoreAutoConfigure - The auto configuration for [rice-core] initiated
2025-07-15 18:38:13.730   [main] DEBUG i.g.n.mybatis.configure.RiceMybatisAutoConfigure - The auto configuration for [rice-mybatis] initiated
2025-07-15 18:38:13.731   [main] DEBUG i.g.n.mybatis.configure.MybatisMapperAutoConfigure - The auto configuration for [mybatis-mapper] initiated
2025-07-15 18:38:13.754   [main] DEBUG i.g.n.m.configure.MybatisStarterAutoConfigure - The auto configuration for [mybatis-starter] initiated
2025-07-15 18:38:13.757   [main] DEBUG i.g.n.m.configure.MybatisContextAutoConfigure - The auto configuration for [mybatis-context] initiated
2025-07-15 18:38:13.758   [main] DEBUG i.g.n.mybatis.configure.MybatisCoreAutoConfigure - The auto configuration for [mybatis-core] initiated
2025-07-15 18:38:13.759   [main] DEBUG i.g.n.ossfile.configure.OssfileMinioAutoConfigure - The auto configuration for [ossfile-minio] initiated
2025-07-15 18:38:13.769   [main] DEBUG i.g.n.aerial.configure.AerialServerAutoConfigure - The auto configuration for [aerial-server] initiated
2025-07-15 18:38:13.775   [main] DEBUG i.g.n.aerial.configure.AerialThreadPoolConfigure - The auto configuration for [thread-pool] initiated
2025-07-15 18:38:13.779   [main] DEBUG i.g.n.aerial.configure.AerialMqttChannelConfigure - The auto configuration for [mqtt-channel] initiated
2025-07-15 18:38:13.779   [main] DEBUG i.g.n.aerial.configure.AerialRedisAutoConfigure - The auto configuration for [aerial-redis] initiated
2025-07-15 18:38:13.780   [main] DEBUG i.g.n.aerial.configure.AerialStarterAutoConfigure - The auto configuration for [aerial-starter] initiated
2025-07-15 18:38:13.780   [main] DEBUG i.g.n.aerial.configure.AerialWebSocketConfigure - The auto configuration for [web-socket] initiated
2025-07-15 18:38:14.321   [main] DEBUG i.g.n.aerial.configure.AerialDjisdkAutoConfigure - The auto configuration for [aerial-djisdk] initiated
2025-07-15 18:38:14.340   [main] DEBUG i.g.n.aerial.configure.AerialMqttAutoConfigure - The auto configuration for [aerial-mqtt] initiated
2025-07-15 18:38:14.443   [main] DEBUG i.g.n.a.configure.AerialWebSocketAutoConfigure - The auto configuration for [aerial-webSocket] initiated
2025-07-15 18:38:14.600   [main] DEBUG i.github.nicheengine.aerial.router.MqttDrcUpRouter - The mqtt drc-up router for [router@/drc/up] initiated
2025-07-15 18:38:14.601   [main] DEBUG i.g.nicheengine.aerial.router.MqttEventsRouter - The mqtt events router for [router@/events] initiated
2025-07-15 18:38:14.608   [main] DEBUG i.g.nicheengine.aerial.router.MqttMessageRouter - The mqtt message router for [router@/message] initiated
2025-07-15 18:38:14.615   [main] DEBUG io.github.nicheengine.aerial.router.MqttOsdRouter - The mqtt osd router for [router@/osd] initiated
2025-07-15 18:38:14.616   [main] DEBUG i.g.nicheengine.aerial.router.MqttPropertySetReply - The mqtt property set router for [router@/propertySet/reply] initiated
2025-07-15 18:38:14.617   [main] DEBUG i.g.nicheengine.aerial.router.MqttRequestsRouter - The mqtt requests router for [router@/requests] initiated
2025-07-15 18:38:14.620   [main] DEBUG i.g.nicheengine.aerial.router.MqttServicesReply - The mqtt services-reply router for [router@/services/reply] initiated
2025-07-15 18:38:14.621   [main] DEBUG i.github.nicheengine.aerial.router.MqttStateRouter - The mqtt state router for [router@/state] initiated
2025-07-15 18:38:14.622   [main] DEBUG i.g.nicheengine.aerial.router.MqttStatusRouter - The mqtt status router for [router@/status] initiated
2025-07-15 18:38:14.636   [main] DEBUG io.github.nichetoolkit.rest.worker.jwt.JwtWorker - The jwt        properties: {"enabled":true,"algorithm":"HS256","secret":"ICBwpv3gDQLfdrtTuek5wtQ","kid":"","issuer":"io.github.nicheengine","audiences":[],"expireTime":0,"expireUnit":"MILLIS","issuedDelayTime":0,"issuedDelayUnit":"MILLIS","notBeforeEnabled":false}
2025-07-15 18:38:14.640   [main] DEBUG io.github.nichetoolkit.rest.worker.sha.ShaWorker - The sha        properties: {"enabled":true,"secret":"ZbqWif8ZSnjWQS5iznqXcUoKEjAV4sqJVLtV2XoeUDkGe3vPe8mAL3PhdulCRaPQxI46V86kzmf97UeigGk","algorithm":3}
2025-07-15 18:38:14.662   [main] DEBUG i.g.n.rest.configure.RestHttpAutoConfigure - the auto configuration for [okHttp3] rest template initiated!
2025-07-15 18:38:14.707   [main] DEBUG i.g.n.rest.configure.RestHttpAutoConfigure - The http       properties: {"enabled":true,"connectTimeout":2000,"readTimeout":30000,"requestTimeout":200,"maxCoreSize":5,"maxIdleSize":10,"httpType":"okHttp3","charset":"UTF-8","encodingMode":"NONE","retryTimes":0,"keepAliveHosts":null,"keepAliveTime":600000,"proxy":{"type":"socks","hostname":"","port":null}}
2025-07-15 18:38:14.738   [main] DEBUG i.g.nichetoolkit.rest.identity.IdentityFactory - The identity   properties: {"enabled":true,"type":"CONFIG","config":{"workerId":1,"centerId":2,"sequence":1},"server":{"sequence":1,"url":null,"api":null}}
2025-07-15 18:38:16.461   [main] INFO  org.apache.coyote.http11.Http11NioProtocol - Starting ProtocolHandler ["http-nio-8080"]
2025-07-15 18:38:16.501   [main] INFO  o.s.boot.web.embedded.tomcat.TomcatWebServer - Tomcat started on port(s): 8080 (http) with context path ''
2025-07-15 18:38:16.503   [main] INFO  o.s.m.simp.broker.SimpleBrokerMessageHandler - Starting...
2025-07-15 18:38:16.503   [main] INFO  o.s.m.simp.broker.SimpleBrokerMessageHandler - BrokerAvailabilityEvent[available=true, SimpleBrokerMessageHandler [org.springframework.messaging.simp.broker.DefaultSubscriptionRegistry@17dbca0a]]
2025-07-15 18:38:16.503   [main] INFO  o.s.m.simp.broker.SimpleBrokerMessageHandler - Started.
2025-07-15 18:38:16.515   [main] INFO  i.g.n.aerial.AerialEngineServerApplication - Started AerialEngineServerApplication in 7.693 seconds (JVM running for 8.896)
2025-07-15 18:38:19.823   [http-nio-8080-exec-1] INFO  o.a.c.core.ContainerBase.[Tomcat].[localhost].[/] - Initializing Spring DispatcherServlet 'dispatcherServlet'
2025-07-15 18:38:19.823   [http-nio-8080-exec-1] INFO  org.springframework.web.servlet.DispatcherServlet - Initializing Servlet 'dispatcherServlet'
2025-07-15 18:38:19.825   [http-nio-8080-exec-1] INFO  org.springframework.web.servlet.DispatcherServlet - Completed initialization in 2 ms
2025-07-15 18:38:19.855 [C663D61C103F-1945070417522212864]  [http-nio-8080-exec-1] DEBUG i.g.nichetoolkit.rest.logback.DefaultLogbackFilter - request-id: c71563a44e8114090d8d031e2561cc93, request-uri: /api_v1/hello
2025-07-15 18:49:08.588   [MessageBroker-1] INFO  o.s.web.socket.config.WebSocketMessageBrokerStats - WebSocketSession[0 current WS(0)-HttpStream(0)-HttpPoll(0), 0 total, 0 closed abnormally (0 connect failure, 0 send limit, 0 transport error)], stompSubProtocol[processed CONNECT(0)-CONNECTED(0)-DISCONNECT(0)], stompBrokerRelay[null], inboundChannel[pool size = 0, active threads = 0, queued tasks = 0, completed tasks = 0], outboundChannel[pool size = 0, active threads = 0, queued tasks = 0, completed tasks = 0], sockJsScheduler[pool size = 1, active threads = 1, queued tasks = 0, completed tasks = 0]
2025-07-15 18:49:08.597   [MQTT Ping: 7ab3f81c-315c-4830-983c-53e47461e5e0] ERROR o.eclipse.paho.client.mqttv3.internal.ClientState - 7ab3f81c-315c-4830-983c-53e47461e5e0: Timed out as no write activity, keepAlive=10,000,000,000 lastOutboundActivity=26,750,623,964,100 lastInboundActivity=26,750,628,897,500 time=27,402,761,926,000 lastPing=0
2025-07-15 18:49:08.618   [MQTT Rec: 7ab3f81c-315c-4830-983c-53e47461e5e0] ERROR o.s.i.m.i.MqttPahoMessageDrivenChannelAdapter - Lost connection: 已断开连接; retrying...
2025-07-15 18:49:08.654   [SpringApplicationShutdownHook] INFO  o.s.m.simp.broker.SimpleBrokerMessageHandler - Stopping...
2025-07-15 18:49:08.654   [SpringApplicationShutdownHook] INFO  o.s.m.simp.broker.SimpleBrokerMessageHandler - BrokerAvailabilityEvent[available=false, SimpleBrokerMessageHandler [org.springframework.messaging.simp.broker.DefaultSubscriptionRegistry@17dbca0a]]
2025-07-15 18:49:08.654   [SpringApplicationShutdownHook] INFO  o.s.m.simp.broker.SimpleBrokerMessageHandler - Stopped.
2025-07-15 18:49:53.453   [background-preinit] INFO  org.hibernate.validator.internal.util.Version - HV000001: Hibernate Validator 6.2.5.Final
2025-07-15 18:49:53.472   [main] DEBUG i.g.n.rest.holder.ApplicationContextHolder - The application context holder has be initiated
2025-07-15 18:49:53.473   [main] DEBUG i.g.nichetoolkit.rest.holder.MessageSourceHolder - The message source context holder has be initiated
2025-07-15 18:49:53.476   [main] INFO  i.g.n.aerial.AerialEngineServerApplication - Starting AerialEngineServerApplication using Java 1.8.0_432 on Cyan with PID 10976 (F:\GitHubWorkspaces\NicheEngine\aerial-engine-server\aerial-engine-server\target\classes started by Snow in F:\GitHubWorkspaces\NicheEngine\aerial-engine-server)
2025-07-15 18:49:53.476   [main] DEBUG i.g.n.aerial.AerialEngineServerApplication - Running with Spring Boot v2.7.18, Spring v5.3.39
2025-07-15 18:49:53.478   [main] INFO  i.g.n.aerial.AerialEngineServerApplication - The following 1 profile is active: "dev"
2025-07-15 18:49:53.539   [main] DEBUG i.g.n.rest.holder.BeanDefinitionRegistryHolder - The bean definition registry holder has be initiated
2025-07-15 18:49:54.548   [main] INFO  o.s.d.r.config.RepositoryConfigurationDelegate - Multiple Spring Data modules found, entering strict repository configuration mode
2025-07-15 18:49:54.550   [main] INFO  o.s.d.r.config.RepositoryConfigurationDelegate - Bootstrapping Spring Data Redis repositories in DEFAULT mode.
2025-07-15 18:49:54.565   [main] INFO  o.s.d.r.config.RepositoryConfigurationDelegate - Finished Spring Data repository scanning in 4 ms. Found 0 Redis repository interfaces.
2025-07-15 18:49:54.699   [main] INFO  o.s.d.r.config.RepositoryConfigurationDelegate - Multiple Spring Data modules found, entering strict repository configuration mode
2025-07-15 18:49:54.700   [main] INFO  o.s.d.r.config.RepositoryConfigurationDelegate - Bootstrapping Spring Data Redis repositories in DEFAULT mode.
2025-07-15 18:49:54.814   [main] INFO  o.s.d.r.config.RepositoryConfigurationDelegate - Finished Spring Data repository scanning in 114 ms. Found 0 Redis repository interfaces.
2025-07-15 18:49:54.977   [main] DEBUG i.g.n.rest.holder.ListableBeanFactoryHolder - The listable bean factory holder has be initiated
2025-07-15 18:49:55.259   [main] DEBUG i.g.n.rest.configure.RestI18nAutoConfigure - The auto configuration for [rest-i18n] initiated
2025-07-15 18:49:55.262   [main] DEBUG i.g.nichetoolkit.rest.holder.MessageSourceHolder - The message source context holder has be refreshed
2025-07-15 18:49:55.424   [main] INFO  o.s.boot.web.embedded.tomcat.TomcatWebServer - Tomcat initialized with port(s): 8080 (http)
2025-07-15 18:49:55.431   [main] INFO  org.apache.coyote.http11.Http11NioProtocol - Initializing ProtocolHandler ["http-nio-8080"]
2025-07-15 18:49:55.432   [main] INFO  org.apache.catalina.core.StandardService - Starting service [Tomcat]
2025-07-15 18:49:55.432   [main] INFO  org.apache.catalina.core.StandardEngine - Starting Servlet engine: [Apache Tomcat/9.0.90]
2025-07-15 18:49:55.519   [main] INFO  o.a.c.core.ContainerBase.[Tomcat].[localhost].[/] - Initializing Spring embedded WebApplicationContext
2025-07-15 18:49:55.519   [main] INFO  o.s.b.w.s.c.ServletWebServerApplicationContext - Root WebApplicationContext: initialization completed in 1993 ms
2025-07-15 18:49:55.574   [main] DEBUG i.g.nichetoolkit.rest.logback.DefaultLogbackFilter - Filter 'defaultLogbackFilter' configured for use
2025-07-15 18:49:55.574   [main] DEBUG i.g.n.rice.defaults.DefaultAccessTokenFilter - Filter 'defaultAccessTokenFilter' configured for use
2025-07-15 18:49:55.582   [main] DEBUG i.g.n.ossfile.configure.OssfileCoreAutoConfigure - The auto configuration for [ossfile-core] initiated
2025-07-15 18:49:55.604   [main] DEBUG i.g.n.rest.configure.RestUtilsAutoConfigure - The auto configuration for [rest-utils] initiated
2025-07-15 18:49:55.605   [main] DEBUG i.g.n.rest.configure.RestCoreAutoConfigure - The auto configuration for [rest-core] initiated
2025-07-15 18:49:55.624   [main] DEBUG i.g.n.rest.configure.RestInterceptAutoConfigure - The auto configuration for [rest-intercept] initiated
2025-07-15 18:49:55.818   [main] DEBUG i.g.n.aerial.configure.DatasourceAutoConfigure - the auto configuration for [datasource] rest template initiated
2025-07-15 18:49:55.852   [main] WARN  org.mybatis.spring.SqlSessionFactoryBean - Property 'mapperLocations' was specified but matching resources are not found.
2025-07-15 18:49:55.856   [main] DEBUG io.github.nichetoolkit.rest.util.LoggerUtils - The fitter bean of [io.github.nichetoolkit.mybatis.holder.RestSqlSessionHolder] type for named 'restSqlSessionHolder' has be initiated.
2025-07-15 18:49:55.956   [main] INFO  i.github.nichetoolkit.mybatis.MybatisContextHolder - [MybatisContextHolder] > afterPropertiesSet: {"catalog":null,"schema":null,"updateLogic":false,"useLogic":true,"useOperate":false,"useLazyInit":false,"excludeUnused":true,"sqlScriptShow":true,"mysqlIgnoreInsert":false,"datetimeNow":"now()","databaseType":"postgresql","styleType":"lowerUnderline","excludedType":"EXCLUDED","properties":{},"excludes":null,"ignores":null,"selectIgnores":null,"insertIgnores":null,"updateIgnores":null,"unuseds":["operate"]}
2025-07-15 18:49:56.166   [main] DEBUG io.github.nichetoolkit.ossfile.OssfileStoreHolder - There are 1 store service beans has been initiated.
2025-07-15 18:49:56.166   [main] DEBUG i.github.nichetoolkit.rest.DefaultControllerAdvice - There are 5 fulfilled fitter beans has be initiated.
2025-07-15 18:49:56.189   [main] DEBUG i.g.n.rice.configure.RiceStarterAutoConfigure - The auto configuration for [rice-starter] initiated
2025-07-15 18:49:56.190   [main] DEBUG i.g.n.rice.configure.RiceContextAutoConfigure - The auto configuration for [rice-context] initiated
2025-07-15 18:49:56.226   [main] DEBUG i.g.n.rest.configure.RestHttpAutoConfigure - The auto configuration for [rest-http] initiated
2025-07-15 18:49:56.227   [main] DEBUG i.g.n.rest.configure.RestIdentityAutoConfigure - The auto configuration for [rest-identity] initiated
2025-07-15 18:49:56.229   [main] DEBUG i.g.n.rest.configure.RestLogbackAutoConfigure - The auto configuration for [rest-logback] initiated
2025-07-15 18:49:56.231   [main] DEBUG i.g.n.rest.configure.RestStarterAutoConfigure - The auto configuration for [rest-starter] initiated
2025-07-15 18:49:56.231   [main] DEBUG i.g.n.rice.configure.RiceCoreAutoConfigure - The auto configuration for [rice-core] initiated
2025-07-15 18:49:56.231   [main] DEBUG i.g.n.mybatis.configure.RiceMybatisAutoConfigure - The auto configuration for [rice-mybatis] initiated
2025-07-15 18:49:56.232   [main] DEBUG i.g.n.mybatis.configure.MybatisMapperAutoConfigure - The auto configuration for [mybatis-mapper] initiated
2025-07-15 18:49:56.244   [main] DEBUG i.g.n.m.configure.MybatisStarterAutoConfigure - The auto configuration for [mybatis-starter] initiated
2025-07-15 18:49:56.246   [main] DEBUG i.g.n.m.configure.MybatisContextAutoConfigure - The auto configuration for [mybatis-context] initiated
2025-07-15 18:49:56.247   [main] DEBUG i.g.n.mybatis.configure.MybatisCoreAutoConfigure - The auto configuration for [mybatis-core] initiated
2025-07-15 18:49:56.247   [main] DEBUG i.g.n.ossfile.configure.OssfileMinioAutoConfigure - The auto configuration for [ossfile-minio] initiated
2025-07-15 18:49:56.253   [main] DEBUG i.g.n.aerial.configure.AerialServerAutoConfigure - The auto configuration for [aerial-server] initiated
2025-07-15 18:49:56.255   [main] DEBUG i.g.n.aerial.configure.AerialThreadPoolConfigure - The auto configuration for [thread-pool] initiated
2025-07-15 18:49:56.259   [main] DEBUG i.g.n.aerial.configure.AerialMqttChannelConfigure - The auto configuration for [mqtt-channel] initiated
2025-07-15 18:49:56.260   [main] DEBUG i.g.n.aerial.configure.AerialRedisAutoConfigure - The auto configuration for [aerial-redis] initiated
2025-07-15 18:49:56.261   [main] DEBUG i.g.n.aerial.configure.AerialStarterAutoConfigure - The auto configuration for [aerial-starter] initiated
2025-07-15 18:49:56.261   [main] DEBUG i.g.n.aerial.configure.AerialWebSocketConfigure - The auto configuration for [web-socket] initiated
2025-07-15 18:49:56.451   [main] DEBUG i.g.n.aerial.configure.AerialDjisdkAutoConfigure - The auto configuration for [aerial-djisdk] initiated
2025-07-15 18:49:56.465   [main] DEBUG i.g.n.aerial.configure.AerialMqttAutoConfigure - The auto configuration for [aerial-mqtt] initiated
2025-07-15 18:49:56.515   [main] DEBUG i.g.n.a.configure.AerialWebSocketAutoConfigure - The auto configuration for [aerial-webSocket] initiated
2025-07-15 18:49:56.584   [main] DEBUG i.github.nicheengine.aerial.router.MqttDrcUpRouter - The mqtt drc-up router for [router@/drc/up] initiated
2025-07-15 18:49:56.586   [main] DEBUG i.g.nicheengine.aerial.router.MqttEventsRouter - The mqtt events router for [router@/events] initiated
2025-07-15 18:49:56.588   [main] DEBUG i.g.nicheengine.aerial.router.MqttMessageRouter - The mqtt message router for [router@/message] initiated
2025-07-15 18:49:56.593   [main] DEBUG io.github.nicheengine.aerial.router.MqttOsdRouter - The mqtt osd router for [router@/osd] initiated
2025-07-15 18:49:56.594   [main] DEBUG i.g.nicheengine.aerial.router.MqttPropertySetReply - The mqtt property set router for [router@/propertySet/reply] initiated
2025-07-15 18:49:56.594   [main] DEBUG i.g.nicheengine.aerial.router.MqttRequestsRouter - The mqtt requests router for [router@/requests] initiated
2025-07-15 18:49:56.596   [main] DEBUG i.g.nicheengine.aerial.router.MqttServicesReply - The mqtt services-reply router for [router@/services/reply] initiated
2025-07-15 18:49:56.597   [main] DEBUG i.github.nicheengine.aerial.router.MqttStateRouter - The mqtt state router for [router@/state] initiated
2025-07-15 18:49:56.598   [main] DEBUG i.g.nicheengine.aerial.router.MqttStatusRouter - The mqtt status router for [router@/status] initiated
2025-07-15 18:49:56.602   [main] DEBUG io.github.nichetoolkit.rest.worker.jwt.JwtWorker - The jwt        properties: {"enabled":true,"algorithm":"HS256","secret":"ICBwpv3gDQLfdrtTuek5wtQ","kid":"","issuer":"io.github.nicheengine","audiences":[],"expireTime":0,"expireUnit":"MILLIS","issuedDelayTime":0,"issuedDelayUnit":"MILLIS","notBeforeEnabled":false}
2025-07-15 18:49:56.606   [main] DEBUG io.github.nichetoolkit.rest.worker.sha.ShaWorker - The sha        properties: {"enabled":true,"secret":"ZbqWif8ZSnjWQS5iznqXcUoKEjAV4sqJVLtV2XoeUDkGe3vPe8mAL3PhdulCRaPQxI46V86kzmf97UeigGk","algorithm":3}
2025-07-15 18:49:56.615   [main] DEBUG i.g.n.rest.configure.RestHttpAutoConfigure - the auto configuration for [okHttp3] rest template initiated!
2025-07-15 18:49:56.642   [main] DEBUG i.g.n.rest.configure.RestHttpAutoConfigure - The http       properties: {"enabled":true,"connectTimeout":2000,"readTimeout":30000,"requestTimeout":200,"maxCoreSize":5,"maxIdleSize":10,"httpType":"okHttp3","charset":"UTF-8","encodingMode":"NONE","retryTimes":0,"keepAliveHosts":null,"keepAliveTime":600000,"proxy":{"type":"socks","hostname":"","port":null}}
2025-07-15 18:49:56.665   [main] DEBUG i.g.nichetoolkit.rest.identity.IdentityFactory - The identity   properties: {"enabled":true,"type":"CONFIG","config":{"workerId":1,"centerId":2,"sequence":1},"server":{"sequence":1,"url":null,"api":null}}
2025-07-15 18:49:57.709   [main] INFO  org.apache.coyote.http11.Http11NioProtocol - Starting ProtocolHandler ["http-nio-8080"]
2025-07-15 18:49:57.727   [main] INFO  o.s.boot.web.embedded.tomcat.TomcatWebServer - Tomcat started on port(s): 8080 (http) with context path ''
2025-07-15 18:49:57.728   [main] INFO  o.s.m.simp.broker.SimpleBrokerMessageHandler - Starting...
2025-07-15 18:49:57.728   [main] INFO  o.s.m.simp.broker.SimpleBrokerMessageHandler - BrokerAvailabilityEvent[available=true, SimpleBrokerMessageHandler [org.springframework.messaging.simp.broker.DefaultSubscriptionRegistry@443dae2]]
2025-07-15 18:49:57.728   [main] INFO  o.s.m.simp.broker.SimpleBrokerMessageHandler - Started.
2025-07-15 18:49:57.741   [main] INFO  i.g.n.aerial.AerialEngineServerApplication - Started AerialEngineServerApplication in 4.63 seconds (JVM running for 5.343)
2025-07-15 18:50:01.076   [http-nio-8080-exec-1] INFO  o.a.c.core.ContainerBase.[Tomcat].[localhost].[/] - Initializing Spring DispatcherServlet 'dispatcherServlet'
2025-07-15 18:50:01.077   [http-nio-8080-exec-1] INFO  org.springframework.web.servlet.DispatcherServlet - Initializing Servlet 'dispatcherServlet'
2025-07-15 18:50:01.079   [http-nio-8080-exec-1] INFO  org.springframework.web.servlet.DispatcherServlet - Completed initialization in 2 ms
2025-07-15 18:50:01.086 [EE7197B38501-1945073358698201088]  [http-nio-8080-exec-1] DEBUG i.g.nichetoolkit.rest.logback.DefaultLogbackFilter - request-id: bcf4ffbb33400dc58b59b8ec925a43a5, request-uri: /api_v1/hello
2025-07-15 18:50:01.099 [EE7197B38501-1945073358698201088] bcf4ffbb33400dc58b59b8ec925a43a5 [http-nio-8080-exec-1] WARN  o.s.context.support.ResourceBundleMessageSource - ResourceBundle [i18n/messages,i18n/messages_en_US,i18n/messages_zh_CN] not found for MessageSource: Can't find bundle for base name i18n/messages,i18n/messages_en_US,i18n/messages_zh_CN, locale zh_CN
2025-07-15 18:50:57.224   [MessageBroker-1] INFO  o.s.web.socket.config.WebSocketMessageBrokerStats - WebSocketSession[0 current WS(0)-HttpStream(0)-HttpPoll(0), 0 total, 0 closed abnormally (0 connect failure, 0 send limit, 0 transport error)], stompSubProtocol[processed CONNECT(0)-CONNECTED(0)-DISCONNECT(0)], stompBrokerRelay[null], inboundChannel[pool size = 0, active threads = 0, queued tasks = 0, completed tasks = 0], outboundChannel[pool size = 0, active threads = 0, queued tasks = 0, completed tasks = 0], sockJsScheduler[pool size = 1, active threads = 1, queued tasks = 0, completed tasks = 0]
2025-07-15 18:52:25.362   [SpringApplicationShutdownHook] INFO  o.s.m.simp.broker.SimpleBrokerMessageHandler - Stopping...
2025-07-15 18:52:25.362   [SpringApplicationShutdownHook] INFO  o.s.m.simp.broker.SimpleBrokerMessageHandler - BrokerAvailabilityEvent[available=false, SimpleBrokerMessageHandler [org.springframework.messaging.simp.broker.DefaultSubscriptionRegistry@443dae2]]
2025-07-15 18:52:25.362   [SpringApplicationShutdownHook] INFO  o.s.m.simp.broker.SimpleBrokerMessageHandler - Stopped.
2025-07-15 18:52:28.798   [background-preinit] INFO  org.hibernate.validator.internal.util.Version - HV000001: Hibernate Validator 6.2.5.Final
2025-07-15 18:52:28.811   [main] DEBUG i.g.n.rest.holder.ApplicationContextHolder - The application context holder has be initiated
2025-07-15 18:52:28.811   [main] DEBUG i.g.nichetoolkit.rest.holder.MessageSourceHolder - The message source context holder has be initiated
2025-07-15 18:52:28.815   [main] INFO  i.g.n.aerial.AerialEngineServerApplication - Starting AerialEngineServerApplication using Java 1.8.0_432 on Cyan with PID 8208 (F:\GitHubWorkspaces\NicheEngine\aerial-engine-server\aerial-engine-server\target\classes started by Snow in F:\GitHubWorkspaces\NicheEngine\aerial-engine-server)
2025-07-15 18:52:28.816   [main] DEBUG i.g.n.aerial.AerialEngineServerApplication - Running with Spring Boot v2.7.18, Spring v5.3.39
2025-07-15 18:52:28.816   [main] INFO  i.g.n.aerial.AerialEngineServerApplication - The following 1 profile is active: "dev"
2025-07-15 18:52:28.871   [main] DEBUG i.g.n.rest.holder.BeanDefinitionRegistryHolder - The bean definition registry holder has be initiated
2025-07-15 18:52:29.844   [main] INFO  o.s.d.r.config.RepositoryConfigurationDelegate - Multiple Spring Data modules found, entering strict repository configuration mode
2025-07-15 18:52:29.844   [main] INFO  o.s.d.r.config.RepositoryConfigurationDelegate - Bootstrapping Spring Data Redis repositories in DEFAULT mode.
2025-07-15 18:52:29.859   [main] INFO  o.s.d.r.config.RepositoryConfigurationDelegate - Finished Spring Data repository scanning in 5 ms. Found 0 Redis repository interfaces.
2025-07-15 18:52:30.005   [main] INFO  o.s.d.r.config.RepositoryConfigurationDelegate - Multiple Spring Data modules found, entering strict repository configuration mode
2025-07-15 18:52:30.005   [main] INFO  o.s.d.r.config.RepositoryConfigurationDelegate - Bootstrapping Spring Data Redis repositories in DEFAULT mode.
2025-07-15 18:52:30.113   [main] INFO  o.s.d.r.config.RepositoryConfigurationDelegate - Finished Spring Data repository scanning in 107 ms. Found 0 Redis repository interfaces.
2025-07-15 18:52:30.283   [main] DEBUG i.g.n.rest.holder.ListableBeanFactoryHolder - The listable bean factory holder has be initiated
2025-07-15 18:52:30.560   [main] DEBUG i.g.n.rest.configure.RestI18nAutoConfigure - The auto configuration for [rest-i18n] initiated
2025-07-15 18:52:30.565   [main] DEBUG i.g.nichetoolkit.rest.holder.MessageSourceHolder - The message source context holder has be refreshed
2025-07-15 18:52:30.704   [main] INFO  o.s.boot.web.embedded.tomcat.TomcatWebServer - Tomcat initialized with port(s): 8080 (http)
2025-07-15 18:52:30.709   [main] INFO  org.apache.coyote.http11.Http11NioProtocol - Initializing ProtocolHandler ["http-nio-8080"]
2025-07-15 18:52:30.709   [main] INFO  org.apache.catalina.core.StandardService - Starting service [Tomcat]
2025-07-15 18:52:30.710   [main] INFO  org.apache.catalina.core.StandardEngine - Starting Servlet engine: [Apache Tomcat/9.0.90]
2025-07-15 18:52:30.779   [main] INFO  o.a.c.core.ContainerBase.[Tomcat].[localhost].[/] - Initializing Spring embedded WebApplicationContext
2025-07-15 18:52:30.779   [main] INFO  o.s.b.w.s.c.ServletWebServerApplicationContext - Root WebApplicationContext: initialization completed in 1921 ms
2025-07-15 18:52:30.846   [main] DEBUG i.g.nichetoolkit.rest.logback.DefaultLogbackFilter - Filter 'defaultLogbackFilter' configured for use
2025-07-15 18:52:30.846   [main] DEBUG i.g.n.rice.defaults.DefaultAccessTokenFilter - Filter 'defaultAccessTokenFilter' configured for use
2025-07-15 18:52:30.853   [main] DEBUG i.g.n.ossfile.configure.OssfileCoreAutoConfigure - The auto configuration for [ossfile-core] initiated
2025-07-15 18:52:30.868   [main] DEBUG i.g.n.rest.configure.RestUtilsAutoConfigure - The auto configuration for [rest-utils] initiated
2025-07-15 18:52:30.870   [main] DEBUG i.g.n.rest.configure.RestCoreAutoConfigure - The auto configuration for [rest-core] initiated
2025-07-15 18:52:30.881   [main] DEBUG i.g.n.rest.configure.RestInterceptAutoConfigure - The auto configuration for [rest-intercept] initiated
2025-07-15 18:52:31.083   [main] DEBUG i.g.n.aerial.configure.DatasourceAutoConfigure - the auto configuration for [datasource] rest template initiated
2025-07-15 18:52:31.120   [main] WARN  org.mybatis.spring.SqlSessionFactoryBean - Property 'mapperLocations' was specified but matching resources are not found.
2025-07-15 18:52:31.124   [main] DEBUG io.github.nichetoolkit.rest.util.LoggerUtils - The fitter bean of [io.github.nichetoolkit.mybatis.holder.RestSqlSessionHolder] type for named 'restSqlSessionHolder' has be initiated.
2025-07-15 18:52:31.217   [main] INFO  i.github.nichetoolkit.mybatis.MybatisContextHolder - [MybatisContextHolder] > afterPropertiesSet: {"catalog":null,"schema":null,"updateLogic":false,"useLogic":true,"useOperate":false,"useLazyInit":false,"excludeUnused":true,"sqlScriptShow":true,"mysqlIgnoreInsert":false,"datetimeNow":"now()","databaseType":"postgresql","styleType":"lowerUnderline","excludedType":"EXCLUDED","properties":{},"excludes":null,"ignores":null,"selectIgnores":null,"insertIgnores":null,"updateIgnores":null,"unuseds":["operate"]}
2025-07-15 18:52:31.409   [main] DEBUG io.github.nichetoolkit.ossfile.OssfileStoreHolder - There are 1 store service beans has been initiated.
2025-07-15 18:52:31.409   [main] DEBUG i.github.nichetoolkit.rest.DefaultControllerAdvice - There are 5 fulfilled fitter beans has be initiated.
2025-07-15 18:52:31.427   [main] DEBUG i.g.n.rice.configure.RiceStarterAutoConfigure - The auto configuration for [rice-starter] initiated
2025-07-15 18:52:31.429   [main] DEBUG i.g.n.rice.configure.RiceContextAutoConfigure - The auto configuration for [rice-context] initiated
2025-07-15 18:52:31.447   [main] DEBUG i.g.n.rest.configure.RestHttpAutoConfigure - The auto configuration for [rest-http] initiated
2025-07-15 18:52:31.448   [main] DEBUG i.g.n.rest.configure.RestIdentityAutoConfigure - The auto configuration for [rest-identity] initiated
2025-07-15 18:52:31.451   [main] DEBUG i.g.n.rest.configure.RestLogbackAutoConfigure - The auto configuration for [rest-logback] initiated
2025-07-15 18:52:31.451   [main] DEBUG i.g.n.rest.configure.RestStarterAutoConfigure - The auto configuration for [rest-starter] initiated
2025-07-15 18:52:31.452   [main] DEBUG i.g.n.rice.configure.RiceCoreAutoConfigure - The auto configuration for [rice-core] initiated
2025-07-15 18:52:31.452   [main] DEBUG i.g.n.mybatis.configure.RiceMybatisAutoConfigure - The auto configuration for [rice-mybatis] initiated
2025-07-15 18:52:31.453   [main] DEBUG i.g.n.mybatis.configure.MybatisMapperAutoConfigure - The auto configuration for [mybatis-mapper] initiated
2025-07-15 18:52:31.465   [main] DEBUG i.g.n.m.configure.MybatisStarterAutoConfigure - The auto configuration for [mybatis-starter] initiated
2025-07-15 18:52:31.467   [main] DEBUG i.g.n.m.configure.MybatisContextAutoConfigure - The auto configuration for [mybatis-context] initiated
2025-07-15 18:52:31.467   [main] DEBUG i.g.n.mybatis.configure.MybatisCoreAutoConfigure - The auto configuration for [mybatis-core] initiated
2025-07-15 18:52:31.468   [main] DEBUG i.g.n.ossfile.configure.OssfileMinioAutoConfigure - The auto configuration for [ossfile-minio] initiated
2025-07-15 18:52:31.474   [main] DEBUG i.g.n.aerial.configure.AerialServerAutoConfigure - The auto configuration for [aerial-server] initiated
2025-07-15 18:52:31.478   [main] DEBUG i.g.n.aerial.configure.AerialThreadPoolConfigure - The auto configuration for [thread-pool] initiated
2025-07-15 18:52:31.480   [main] DEBUG i.g.n.aerial.configure.AerialMqttChannelConfigure - The auto configuration for [mqtt-channel] initiated
2025-07-15 18:52:31.481   [main] DEBUG i.g.n.aerial.configure.AerialRedisAutoConfigure - The auto configuration for [aerial-redis] initiated
2025-07-15 18:52:31.482   [main] DEBUG i.g.n.aerial.configure.AerialStarterAutoConfigure - The auto configuration for [aerial-starter] initiated
2025-07-15 18:52:31.483   [main] DEBUG i.g.n.aerial.configure.AerialWebSocketConfigure - The auto configuration for [web-socket] initiated
2025-07-15 18:52:31.686   [main] DEBUG i.g.n.aerial.configure.AerialDjisdkAutoConfigure - The auto configuration for [aerial-djisdk] initiated
2025-07-15 18:52:31.701   [main] DEBUG i.g.n.aerial.configure.AerialMqttAutoConfigure - The auto configuration for [aerial-mqtt] initiated
2025-07-15 18:52:31.754   [main] DEBUG i.g.n.a.configure.AerialWebSocketAutoConfigure - The auto configuration for [aerial-webSocket] initiated
2025-07-15 18:52:31.824   [main] DEBUG i.github.nicheengine.aerial.router.MqttDrcUpRouter - The mqtt drc-up router for [router@/drc/up] initiated
2025-07-15 18:52:31.827   [main] DEBUG i.g.nicheengine.aerial.router.MqttEventsRouter - The mqtt events router for [router@/events] initiated
2025-07-15 18:52:31.829   [main] DEBUG i.g.nicheengine.aerial.router.MqttMessageRouter - The mqtt message router for [router@/message] initiated
2025-07-15 18:52:31.834   [main] DEBUG io.github.nicheengine.aerial.router.MqttOsdRouter - The mqtt osd router for [router@/osd] initiated
2025-07-15 18:52:31.835   [main] DEBUG i.g.nicheengine.aerial.router.MqttPropertySetReply - The mqtt property set router for [router@/propertySet/reply] initiated
2025-07-15 18:52:31.835   [main] DEBUG i.g.nicheengine.aerial.router.MqttRequestsRouter - The mqtt requests router for [router@/requests] initiated
2025-07-15 18:52:31.836   [main] DEBUG i.g.nicheengine.aerial.router.MqttServicesReply - The mqtt services-reply router for [router@/services/reply] initiated
2025-07-15 18:52:31.836   [main] DEBUG i.github.nicheengine.aerial.router.MqttStateRouter - The mqtt state router for [router@/state] initiated
2025-07-15 18:52:31.838   [main] DEBUG i.g.nicheengine.aerial.router.MqttStatusRouter - The mqtt status router for [router@/status] initiated
2025-07-15 18:52:31.843   [main] DEBUG io.github.nichetoolkit.rest.worker.jwt.JwtWorker - The jwt        properties: {"enabled":true,"algorithm":"HS256","secret":"ICBwpv3gDQLfdrtTuek5wtQ","kid":"","issuer":"io.github.nicheengine","audiences":[],"expireTime":0,"expireUnit":"MILLIS","issuedDelayTime":0,"issuedDelayUnit":"MILLIS","notBeforeEnabled":false}
2025-07-15 18:52:31.846   [main] DEBUG io.github.nichetoolkit.rest.worker.sha.ShaWorker - The sha        properties: {"enabled":true,"secret":"ZbqWif8ZSnjWQS5iznqXcUoKEjAV4sqJVLtV2XoeUDkGe3vPe8mAL3PhdulCRaPQxI46V86kzmf97UeigGk","algorithm":3}
2025-07-15 18:52:31.855   [main] DEBUG i.g.n.rest.configure.RestHttpAutoConfigure - the auto configuration for [okHttp3] rest template initiated!
2025-07-15 18:52:31.881   [main] DEBUG i.g.n.rest.configure.RestHttpAutoConfigure - The http       properties: {"enabled":true,"connectTimeout":2000,"readTimeout":30000,"requestTimeout":200,"maxCoreSize":5,"maxIdleSize":10,"httpType":"okHttp3","charset":"UTF-8","encodingMode":"NONE","retryTimes":0,"keepAliveHosts":null,"keepAliveTime":600000,"proxy":{"type":"socks","hostname":"","port":null}}
2025-07-15 18:52:31.898   [main] DEBUG i.g.nichetoolkit.rest.identity.IdentityFactory - The identity   properties: {"enabled":true,"type":"CONFIG","config":{"workerId":1,"centerId":2,"sequence":1},"server":{"sequence":1,"url":null,"api":null}}
2025-07-15 18:52:32.896   [main] INFO  org.apache.coyote.http11.Http11NioProtocol - Starting ProtocolHandler ["http-nio-8080"]
2025-07-15 18:52:32.911   [main] INFO  o.s.boot.web.embedded.tomcat.TomcatWebServer - Tomcat started on port(s): 8080 (http) with context path ''
2025-07-15 18:52:32.911   [main] INFO  o.s.m.simp.broker.SimpleBrokerMessageHandler - Starting...
2025-07-15 18:52:32.911   [main] INFO  o.s.m.simp.broker.SimpleBrokerMessageHandler - BrokerAvailabilityEvent[available=true, SimpleBrokerMessageHandler [org.springframework.messaging.simp.broker.DefaultSubscriptionRegistry@5454be]]
2025-07-15 18:52:32.912   [main] INFO  o.s.m.simp.broker.SimpleBrokerMessageHandler - Started.
2025-07-15 18:52:32.917   [main] INFO  i.g.n.aerial.AerialEngineServerApplication - Started AerialEngineServerApplication in 4.492 seconds (JVM running for 5.184)
2025-07-15 18:52:35.807   [http-nio-8080-exec-1] INFO  o.a.c.core.ContainerBase.[Tomcat].[localhost].[/] - Initializing Spring DispatcherServlet 'dispatcherServlet'
2025-07-15 18:52:35.807   [http-nio-8080-exec-1] INFO  org.springframework.web.servlet.DispatcherServlet - Initializing Servlet 'dispatcherServlet'
2025-07-15 18:52:35.808   [http-nio-8080-exec-1] INFO  org.springframework.web.servlet.DispatcherServlet - Completed initialization in 1 ms
2025-07-15 18:52:35.816 [18F9A7F7765F-1945074007682859008]  [http-nio-8080-exec-1] DEBUG i.g.nichetoolkit.rest.logback.DefaultLogbackFilter - request-id: 13c03ffa19a3b7c033e24d3fa7a6fd14, request-uri: /api_v1/hello
2025-07-15 18:52:35.831 [18F9A7F7765F-1945074007682859008] 13c03ffa19a3b7c033e24d3fa7a6fd14 [http-nio-8080-exec-1] WARN  o.s.context.support.ResourceBundleMessageSource - ResourceBundle [i18n/messages,i18n/messages_en_US,i18n/messages_zh_CN] not found for MessageSource: Can't find bundle for base name i18n/messages,i18n/messages_en_US,i18n/messages_zh_CN, locale zh_CN
2025-07-15 18:53:32.422   [MessageBroker-1] INFO  o.s.web.socket.config.WebSocketMessageBrokerStats - WebSocketSession[0 current WS(0)-HttpStream(0)-HttpPoll(0), 0 total, 0 closed abnormally (0 connect failure, 0 send limit, 0 transport error)], stompSubProtocol[processed CONNECT(0)-CONNECTED(0)-DISCONNECT(0)], stompBrokerRelay[null], inboundChannel[pool size = 0, active threads = 0, queued tasks = 0, completed tasks = 0], outboundChannel[pool size = 0, active threads = 0, queued tasks = 0, completed tasks = 0], sockJsScheduler[pool size = 1, active threads = 1, queued tasks = 0, completed tasks = 0]
2025-07-15 18:58:37.457   [SpringApplicationShutdownHook] INFO  o.s.m.simp.broker.SimpleBrokerMessageHandler - Stopping...
2025-07-15 18:58:37.457   [SpringApplicationShutdownHook] INFO  o.s.m.simp.broker.SimpleBrokerMessageHandler - BrokerAvailabilityEvent[available=false, SimpleBrokerMessageHandler [org.springframework.messaging.simp.broker.DefaultSubscriptionRegistry@5454be]]
2025-07-15 18:58:37.458   [SpringApplicationShutdownHook] INFO  o.s.m.simp.broker.SimpleBrokerMessageHandler - Stopped.
2025-07-15 18:59:09.179   [background-preinit] INFO  org.hibernate.validator.internal.util.Version - HV000001: Hibernate Validator 6.2.5.Final
2025-07-15 18:59:09.204   [main] DEBUG i.g.n.rest.holder.ApplicationContextHolder - The application context holder has be initiated
2025-07-15 18:59:09.204   [main] DEBUG i.g.nichetoolkit.rest.holder.MessageSourceHolder - The message source context holder has be initiated
2025-07-15 18:59:09.208   [main] INFO  i.g.n.aerial.AerialEngineServerApplication - Starting AerialEngineServerApplication using Java 1.8.0_432 on Cyan with PID 16924 (F:\GitHubWorkspaces\NicheEngine\aerial-engine-server\aerial-engine-server\target\classes started by Snow in F:\GitHubWorkspaces\NicheEngine\aerial-engine-server)
2025-07-15 18:59:09.208   [main] DEBUG i.g.n.aerial.AerialEngineServerApplication - Running with Spring Boot v2.7.18, Spring v5.3.39
2025-07-15 18:59:09.209   [main] INFO  i.g.n.aerial.AerialEngineServerApplication - The following 1 profile is active: "dev"
2025-07-15 18:59:09.271   [main] DEBUG i.g.n.rest.holder.BeanDefinitionRegistryHolder - The bean definition registry holder has be initiated
2025-07-15 18:59:10.263   [main] INFO  o.s.d.r.config.RepositoryConfigurationDelegate - Multiple Spring Data modules found, entering strict repository configuration mode
2025-07-15 18:59:10.263   [main] INFO  o.s.d.r.config.RepositoryConfigurationDelegate - Bootstrapping Spring Data Redis repositories in DEFAULT mode.
2025-07-15 18:59:10.278   [main] INFO  o.s.d.r.config.RepositoryConfigurationDelegate - Finished Spring Data repository scanning in 4 ms. Found 0 Redis repository interfaces.
2025-07-15 18:59:10.427   [main] INFO  o.s.d.r.config.RepositoryConfigurationDelegate - Multiple Spring Data modules found, entering strict repository configuration mode
2025-07-15 18:59:10.428   [main] INFO  o.s.d.r.config.RepositoryConfigurationDelegate - Bootstrapping Spring Data Redis repositories in DEFAULT mode.
2025-07-15 18:59:10.545   [main] INFO  o.s.d.r.config.RepositoryConfigurationDelegate - Finished Spring Data repository scanning in 116 ms. Found 0 Redis repository interfaces.
2025-07-15 18:59:10.722   [main] DEBUG i.g.n.rest.holder.ListableBeanFactoryHolder - The listable bean factory holder has be initiated
2025-07-15 18:59:11.009   [main] DEBUG i.g.n.rest.configure.RestI18nAutoConfigure - The auto configuration for [rest-i18n] initiated
2025-07-15 18:59:11.013   [main] DEBUG i.g.nichetoolkit.rest.holder.MessageSourceHolder - The message source context holder has be refreshed
2025-07-15 18:59:11.157   [main] INFO  o.s.boot.web.embedded.tomcat.TomcatWebServer - Tomcat initialized with port(s): 8080 (http)
2025-07-15 18:59:11.161   [main] INFO  org.apache.coyote.http11.Http11NioProtocol - Initializing ProtocolHandler ["http-nio-8080"]
2025-07-15 18:59:11.162   [main] INFO  org.apache.catalina.core.StandardService - Starting service [Tomcat]
2025-07-15 18:59:11.162   [main] INFO  org.apache.catalina.core.StandardEngine - Starting Servlet engine: [Apache Tomcat/9.0.90]
2025-07-15 18:59:11.232   [main] INFO  o.a.c.core.ContainerBase.[Tomcat].[localhost].[/] - Initializing Spring embedded WebApplicationContext
2025-07-15 18:59:11.232   [main] INFO  o.s.b.w.s.c.ServletWebServerApplicationContext - Root WebApplicationContext: initialization completed in 1976 ms
2025-07-15 18:59:11.306   [main] DEBUG i.g.nichetoolkit.rest.logback.DefaultLogbackFilter - Filter 'defaultLogbackFilter' configured for use
2025-07-15 18:59:11.306   [main] DEBUG i.g.n.rice.defaults.DefaultAccessTokenFilter - Filter 'defaultAccessTokenFilter' configured for use
2025-07-15 18:59:11.313   [main] DEBUG i.g.n.ossfile.configure.OssfileCoreAutoConfigure - The auto configuration for [ossfile-core] initiated
2025-07-15 18:59:11.330   [main] DEBUG i.g.n.rest.configure.RestUtilsAutoConfigure - The auto configuration for [rest-utils] initiated
2025-07-15 18:59:11.331   [main] DEBUG i.g.n.rest.configure.RestCoreAutoConfigure - The auto configuration for [rest-core] initiated
2025-07-15 18:59:11.344   [main] DEBUG i.g.n.rest.configure.RestInterceptAutoConfigure - The auto configuration for [rest-intercept] initiated
2025-07-15 18:59:11.542   [main] DEBUG i.g.n.aerial.configure.DatasourceAutoConfigure - the auto configuration for [datasource] rest template initiated
2025-07-15 18:59:11.577   [main] WARN  org.mybatis.spring.SqlSessionFactoryBean - Property 'mapperLocations' was specified but matching resources are not found.
2025-07-15 18:59:11.581   [main] DEBUG io.github.nichetoolkit.rest.util.LoggerUtils - The fitter bean of [io.github.nichetoolkit.mybatis.holder.RestSqlSessionHolder] type for named 'restSqlSessionHolder' has be initiated.
2025-07-15 18:59:11.677   [main] INFO  i.github.nichetoolkit.mybatis.MybatisContextHolder - [MybatisContextHolder] > afterPropertiesSet: {"catalog":null,"schema":null,"updateLogic":false,"useLogic":true,"useOperate":false,"useLazyInit":false,"excludeUnused":true,"sqlScriptShow":true,"mysqlIgnoreInsert":false,"datetimeNow":"now()","databaseType":"postgresql","styleType":"lowerUnderline","excludedType":"EXCLUDED","properties":{},"excludes":null,"ignores":null,"selectIgnores":null,"insertIgnores":null,"updateIgnores":null,"unuseds":["operate"]}
2025-07-15 18:59:11.882   [main] DEBUG io.github.nichetoolkit.ossfile.OssfileStoreHolder - There are 1 store service beans has been initiated.
2025-07-15 18:59:11.882   [main] DEBUG i.github.nichetoolkit.rest.DefaultControllerAdvice - There are 5 fulfilled fitter beans has be initiated.
2025-07-15 18:59:11.900   [main] DEBUG i.g.n.rice.configure.RiceStarterAutoConfigure - The auto configuration for [rice-starter] initiated
2025-07-15 18:59:11.901   [main] DEBUG i.g.n.rice.configure.RiceContextAutoConfigure - The auto configuration for [rice-context] initiated
2025-07-15 18:59:11.924   [main] DEBUG i.g.n.rest.configure.RestHttpAutoConfigure - The auto configuration for [rest-http] initiated
2025-07-15 18:59:11.925   [main] DEBUG i.g.n.rest.configure.RestIdentityAutoConfigure - The auto configuration for [rest-identity] initiated
2025-07-15 18:59:11.928   [main] DEBUG i.g.n.rest.configure.RestLogbackAutoConfigure - The auto configuration for [rest-logback] initiated
2025-07-15 18:59:11.928   [main] DEBUG i.g.n.rest.configure.RestStarterAutoConfigure - The auto configuration for [rest-starter] initiated
2025-07-15 18:59:11.928   [main] DEBUG i.g.n.rice.configure.RiceCoreAutoConfigure - The auto configuration for [rice-core] initiated
2025-07-15 18:59:11.929   [main] DEBUG i.g.n.mybatis.configure.RiceMybatisAutoConfigure - The auto configuration for [rice-mybatis] initiated
2025-07-15 18:59:11.931   [main] DEBUG i.g.n.mybatis.configure.MybatisMapperAutoConfigure - The auto configuration for [mybatis-mapper] initiated
2025-07-15 18:59:11.948   [main] DEBUG i.g.n.m.configure.MybatisStarterAutoConfigure - The auto configuration for [mybatis-starter] initiated
2025-07-15 18:59:11.950   [main] DEBUG i.g.n.m.configure.MybatisContextAutoConfigure - The auto configuration for [mybatis-context] initiated
2025-07-15 18:59:11.950   [main] DEBUG i.g.n.mybatis.configure.MybatisCoreAutoConfigure - The auto configuration for [mybatis-core] initiated
2025-07-15 18:59:11.950   [main] DEBUG i.g.n.ossfile.configure.OssfileMinioAutoConfigure - The auto configuration for [ossfile-minio] initiated
2025-07-15 18:59:11.956   [main] DEBUG i.g.n.aerial.configure.AerialServerAutoConfigure - The auto configuration for [aerial-server] initiated
2025-07-15 18:59:11.960   [main] DEBUG i.g.n.aerial.configure.AerialThreadPoolConfigure - The auto configuration for [thread-pool] initiated
2025-07-15 18:59:11.968   [main] DEBUG i.g.n.aerial.configure.AerialMqttChannelConfigure - The auto configuration for [mqtt-channel] initiated
2025-07-15 18:59:11.969   [main] DEBUG i.g.n.aerial.configure.AerialRedisAutoConfigure - The auto configuration for [aerial-redis] initiated
2025-07-15 18:59:11.971   [main] DEBUG i.g.n.aerial.configure.AerialStarterAutoConfigure - The auto configuration for [aerial-starter] initiated
2025-07-15 18:59:11.972   [main] DEBUG i.g.n.aerial.configure.AerialWebSocketConfigure - The auto configuration for [web-socket] initiated
2025-07-15 18:59:12.192   [main] DEBUG i.g.n.aerial.configure.AerialDjisdkAutoConfigure - The auto configuration for [aerial-djisdk] initiated
2025-07-15 18:59:12.201   [main] DEBUG i.g.n.aerial.configure.AerialMqttAutoConfigure - The auto configuration for [aerial-mqtt] initiated
2025-07-15 18:59:12.247   [main] DEBUG i.g.n.a.configure.AerialWebSocketAutoConfigure - The auto configuration for [aerial-webSocket] initiated
2025-07-15 18:59:12.323   [main] DEBUG i.github.nicheengine.aerial.router.MqttDrcUpRouter - The mqtt drc-up router for [router@/drc/up] initiated
2025-07-15 18:59:12.326   [main] DEBUG i.g.nicheengine.aerial.router.MqttEventsRouter - The mqtt events router for [router@/events] initiated
2025-07-15 18:59:12.327   [main] DEBUG i.g.nicheengine.aerial.router.MqttMessageRouter - The mqtt message router for [router@/message] initiated
2025-07-15 18:59:12.333   [main] DEBUG io.github.nicheengine.aerial.router.MqttOsdRouter - The mqtt osd router for [router@/osd] initiated
2025-07-15 18:59:12.334   [main] DEBUG i.g.nicheengine.aerial.router.MqttPropertySetReply - The mqtt property set router for [router@/propertySet/reply] initiated
2025-07-15 18:59:12.334   [main] DEBUG i.g.nicheengine.aerial.router.MqttRequestsRouter - The mqtt requests router for [router@/requests] initiated
2025-07-15 18:59:12.335   [main] DEBUG i.g.nicheengine.aerial.router.MqttServicesReply - The mqtt services-reply router for [router@/services/reply] initiated
2025-07-15 18:59:12.335   [main] DEBUG i.github.nicheengine.aerial.router.MqttStateRouter - The mqtt state router for [router@/state] initiated
2025-07-15 18:59:12.336   [main] DEBUG i.g.nicheengine.aerial.router.MqttStatusRouter - The mqtt status router for [router@/status] initiated
2025-07-15 18:59:12.342   [main] DEBUG io.github.nichetoolkit.rest.worker.jwt.JwtWorker - The jwt        properties: {"enabled":true,"algorithm":"HS256","secret":"ICBwpv3gDQLfdrtTuek5wtQ","kid":"","issuer":"io.github.nicheengine","audiences":[],"expireTime":0,"expireUnit":"MILLIS","issuedDelayTime":0,"issuedDelayUnit":"MILLIS","notBeforeEnabled":false}
2025-07-15 18:59:12.345   [main] DEBUG io.github.nichetoolkit.rest.worker.sha.ShaWorker - The sha        properties: {"enabled":true,"secret":"ZbqWif8ZSnjWQS5iznqXcUoKEjAV4sqJVLtV2XoeUDkGe3vPe8mAL3PhdulCRaPQxI46V86kzmf97UeigGk","algorithm":3}
2025-07-15 18:59:12.355   [main] DEBUG i.g.n.rest.configure.RestHttpAutoConfigure - the auto configuration for [okHttp3] rest template initiated!
2025-07-15 18:59:12.383   [main] DEBUG i.g.n.rest.configure.RestHttpAutoConfigure - The http       properties: {"enabled":true,"connectTimeout":2000,"readTimeout":30000,"requestTimeout":200,"maxCoreSize":5,"maxIdleSize":10,"httpType":"okHttp3","charset":"UTF-8","encodingMode":"NONE","retryTimes":0,"keepAliveHosts":null,"keepAliveTime":600000,"proxy":{"type":"socks","hostname":"","port":null}}
2025-07-15 18:59:12.401   [main] DEBUG i.g.nichetoolkit.rest.identity.IdentityFactory - The identity   properties: {"enabled":true,"type":"CONFIG","config":{"workerId":1,"centerId":2,"sequence":1},"server":{"sequence":1,"url":null,"api":null}}
2025-07-15 18:59:13.462   [main] INFO  org.apache.coyote.http11.Http11NioProtocol - Starting ProtocolHandler ["http-nio-8080"]
2025-07-15 18:59:13.476   [main] INFO  o.s.boot.web.embedded.tomcat.TomcatWebServer - Tomcat started on port(s): 8080 (http) with context path ''
2025-07-15 18:59:13.476   [main] INFO  o.s.m.simp.broker.SimpleBrokerMessageHandler - Starting...
2025-07-15 18:59:13.476   [main] INFO  o.s.m.simp.broker.SimpleBrokerMessageHandler - BrokerAvailabilityEvent[available=true, SimpleBrokerMessageHandler [org.springframework.messaging.simp.broker.DefaultSubscriptionRegistry@2b15ba1a]]
2025-07-15 18:59:13.476   [main] INFO  o.s.m.simp.broker.SimpleBrokerMessageHandler - Started.
2025-07-15 18:59:13.483   [main] INFO  i.g.n.aerial.AerialEngineServerApplication - Started AerialEngineServerApplication in 4.655 seconds (JVM running for 5.329)
2025-07-15 18:59:15.764   [http-nio-8080-exec-1] INFO  o.a.c.core.ContainerBase.[Tomcat].[localhost].[/] - Initializing Spring DispatcherServlet 'dispatcherServlet'
2025-07-15 18:59:15.764   [http-nio-8080-exec-1] INFO  org.springframework.web.servlet.DispatcherServlet - Initializing Servlet 'dispatcherServlet'
2025-07-15 18:59:15.765   [http-nio-8080-exec-1] INFO  org.springframework.web.servlet.DispatcherServlet - Completed initialization in 1 ms
2025-07-15 18:59:15.773 [3994CDAC2322-1945075685219909632]  [http-nio-8080-exec-1] DEBUG i.g.nichetoolkit.rest.logback.DefaultLogbackFilter - request-id: d186f8de45c622abc321ad18eec4a682, request-uri: /api_v1/hello
2025-07-15 18:59:17.302 [3994CDAC2322-1945075691637194752]  [http-nio-8080-exec-2] DEBUG i.g.nichetoolkit.rest.logback.DefaultLogbackFilter - request-id: d7592972a2060c9dbaf4b5b2be79529b, request-uri: /api_v1/hello
2025-07-15 18:59:38.836   [SpringApplicationShutdownHook] INFO  o.s.m.simp.broker.SimpleBrokerMessageHandler - Stopping...
2025-07-15 18:59:38.837   [SpringApplicationShutdownHook] INFO  o.s.m.simp.broker.SimpleBrokerMessageHandler - BrokerAvailabilityEvent[available=false, SimpleBrokerMessageHandler [org.springframework.messaging.simp.broker.DefaultSubscriptionRegistry@2b15ba1a]]
2025-07-15 18:59:38.837   [SpringApplicationShutdownHook] INFO  o.s.m.simp.broker.SimpleBrokerMessageHandler - Stopped.
